:0200000460009A
:100000004643464200000156000000000103030081
:1000100000000000000000000000000000000000E0
:1000200000000000000000000000000000000000D0
:1000300000000000000000000000000000000000C0
:1000400000000000010408000000000000000000A3
:100050000000800000000000000000000000000020
:100060000000000000000000000000000000000090
:100070000000000000000000000000000000000080
:10008000EB04180A063204260000000000000000FD
:10009000050404240000000000000000000000002F
:1000A0000000000000000000000000000000000050
:1000B0000604000000000000000000000000000036
:1000C0000000000000000000000000000000000030
:1000D00020041808000000000000000000000000DC
:1000E0000000000000000000000000000000000010
:1000F0000000000000000000000000000000000000
:10010000D8041808000000000000000000000000F3
:100110000204180804200000000000000000000095
:1001200000000000000000000000000000000000CF
:10013000600400000000000000000000000000005B
:1001400000000000000000000000000000000000AF
:10015000000000000000000000000000000000009F
:10016000000000000000000000000000000000008F
:10017000000000000000000000000000000000007F
:10018000000000000000000000000000000000006F
:10019000000000000000000000000000000000005F
:1001A000000000000000000000000000000000004F
:1001B000000000000000000000000000000000003F
:1001C000000100000010000001000000000000001D
:1001D000000001000000000000000000000000001E
:1001E000000000000000000000000000000000000F
:1001F00000000000000000000000000000000000FF
:10020000FFFFFFFFFFFFFFFFFFFFFFFFFFFFFFFFFE
:10021000FFFFFFFFFFFFFFFFFFFFFFFFFFFFFFFFEE
:10022000FFFFFFFFFFFFFFFFFFFFFFFFFFFFFFFFDE
:10023000FFFFFFFFFFFFFFFFFFFFFFFFFFFFFFFFCE
:10024000FFFFFFFFFFFFFFFFFFFFFFFFFFFFFFFFBE
:10025000FFFFFFFFFFFFFFFFFFFFFFFFFFFFFFFFAE
:10026000FFFFFFFFFFFFFFFFFFFFFFFFFFFFFFFF9E
:10027000FFFFFFFFFFFFFFFFFFFFFFFFFFFFFFFF8E
:10028000FFFFFFFFFFFFFFFFFFFFFFFFFFFFFFFF7E
:10029000FFFFFFFFFFFFFFFFFFFFFFFFFFFFFFFF6E
:1002A000FFFFFFFFFFFFFFFFFFFFFFFFFFFFFFFF5E
:1002B000FFFFFFFFFFFFFFFFFFFFFFFFFFFFFFFF4E
:1002C000FFFFFFFFFFFFFFFFFFFFFFFFFFFFFFFF3E
:1002D000FFFFFFFFFFFFFFFFFFFFFFFFFFFFFFFF2E
:1002E000FFFFFFFFFFFFFFFFFFFFFFFFFFFFFFFF1E
:1002F000FFFFFFFFFFFFFFFFFFFFFFFFFFFFFFFF0E
:10030000FFFFFFFFFFFFFFFFFFFFFFFFFFFFFFFFFD
:10031000FFFFFFFFFFFFFFFFFFFFFFFFFFFFFFFFED
:10032000FFFFFFFFFFFFFFFFFFFFFFFFFFFFFFFFDD
:10033000FFFFFFFFFFFFFFFFFFFFFFFFFFFFFFFFCD
:10034000FFFFFFFFFFFFFFFFFFFFFFFFFFFFFFFFBD
:10035000FFFFFFFFFFFFFFFFFFFFFFFFFFFFFFFFAD
:10036000FFFFFFFFFFFFFFFFFFFFFFFFFFFFFFFF9D
:10037000FFFFFFFFFFFFFFFFFFFFFFFFFFFFFFFF8D
:10038000FFFFFFFFFFFFFFFFFFFFFFFFFFFFFFFF7D
:10039000FFFFFFFFFFFFFFFFFFFFFFFFFFFFFFFF6D
:1003A000FFFFFFFFFFFFFFFFFFFFFFFFFFFFFFFF5D
:1003B000FFFFFFFFFFFFFFFFFFFFFFFFFFFFFFFF4D
:1003C000FFFFFFFFFFFFFFFFFFFFFFFFFFFFFFFF3D
:1003D000FFFFFFFFFFFFFFFFFFFFFFFFFFFFFFFF2D
:1003E000FFFFFFFFFFFFFFFFFFFFFFFFFFFFFFFF1D
:1003F000FFFFFFFFFFFFFFFFFFFFFFFFFFFFFFFF0D
:10040000FFFFFFFFFFFFFFFFFFFFFFFFFFFFFFFFFC
:10041000FFFFFFFFFFFFFFFFFFFFFFFFFFFFFFFFEC
:10042000FFFFFFFFFFFFFFFFFFFFFFFFFFFFFFFFDC
:10043000FFFFFFFFFFFFFFFFFFFFFFFFFFFFFFFFCC
:10044000FFFFFFFFFFFFFFFFFFFFFFFFFFFFFFFFBC
:10045000FFFFFFFFFFFFFFFFFFFFFFFFFFFFFFFFAC
:10046000FFFFFFFFFFFFFFFFFFFFFFFFFFFFFFFF9C
:10047000FFFFFFFFFFFFFFFFFFFFFFFFFFFFFFFF8C
:10048000FFFFFFFFFFFFFFFFFFFFFFFFFFFFFFFF7C
:10049000FFFFFFFFFFFFFFFFFFFFFFFFFFFFFFFF6C
:1004A000FFFFFFFFFFFFFFFFFFFFFFFFFFFFFFFF5C
:1004B000FFFFFFFFFFFFFFFFFFFFFFFFFFFFFFFF4C
:1004C000FFFFFFFFFFFFFFFFFFFFFFFFFFFFFFFF3C
:1004D000FFFFFFFFFFFFFFFFFFFFFFFFFFFFFFFF2C
:1004E000FFFFFFFFFFFFFFFFFFFFFFFFFFFFFFFF1C
:1004F000FFFFFFFFFFFFFFFFFFFFFFFFFFFFFFFF0C
:10050000FFFFFFFFFFFFFFFFFFFFFFFFFFFFFFFFFB
:10051000FFFFFFFFFFFFFFFFFFFFFFFFFFFFFFFFEB
:10052000FFFFFFFFFFFFFFFFFFFFFFFFFFFFFFFFDB
:10053000FFFFFFFFFFFFFFFFFFFFFFFFFFFFFFFFCB
:10054000FFFFFFFFFFFFFFFFFFFFFFFFFFFFFFFFBB
:10055000FFFFFFFFFFFFFFFFFFFFFFFFFFFFFFFFAB
:10056000FFFFFFFFFFFFFFFFFFFFFFFFFFFFFFFF9B
:10057000FFFFFFFFFFFFFFFFFFFFFFFFFFFFFFFF8B
:10058000FFFFFFFFFFFFFFFFFFFFFFFFFFFFFFFF7B
:10059000FFFFFFFFFFFFFFFFFFFFFFFFFFFFFFFF6B
:1005A000FFFFFFFFFFFFFFFFFFFFFFFFFFFFFFFF5B
:1005B000FFFFFFFFFFFFFFFFFFFFFFFFFFFFFFFF4B
:1005C000FFFFFFFFFFFFFFFFFFFFFFFFFFFFFFFF3B
:1005D000FFFFFFFFFFFFFFFFFFFFFFFFFFFFFFFF2B
:1005E000FFFFFFFFFFFFFFFFFFFFFFFFFFFFFFFF1B
:1005F000FFFFFFFFFFFFFFFFFFFFFFFFFFFFFFFF0B
:10060000FFFFFFFFFFFFFFFFFFFFFFFFFFFFFFFFFA
:10061000FFFFFFFFFFFFFFFFFFFFFFFFFFFFFFFFEA
:10062000FFFFFFFFFFFFFFFFFFFFFFFFFFFFFFFFDA
:10063000FFFFFFFFFFFFFFFFFFFFFFFFFFFFFFFFCA
:10064000FFFFFFFFFFFFFFFFFFFFFFFFFFFFFFFFBA
:10065000FFFFFFFFFFFFFFFFFFFFFFFFFFFFFFFFAA
:10066000FFFFFFFFFFFFFFFFFFFFFFFFFFFFFFFF9A
:10067000FFFFFFFFFFFFFFFFFFFFFFFFFFFFFFFF8A
:10068000FFFFFFFFFFFFFFFFFFFFFFFFFFFFFFFF7A
:10069000FFFFFFFFFFFFFFFFFFFFFFFFFFFFFFFF6A
:1006A000FFFFFFFFFFFFFFFFFFFFFFFFFFFFFFFF5A
:1006B000FFFFFFFFFFFFFFFFFFFFFFFFFFFFFFFF4A
:1006C000FFFFFFFFFFFFFFFFFFFFFFFFFFFFFFFF3A
:1006D000FFFFFFFFFFFFFFFFFFFFFFFFFFFFFFFF2A
:1006E000FFFFFFFFFFFFFFFFFFFFFFFFFFFFFFFF1A
:1006F000FFFFFFFFFFFFFFFFFFFFFFFFFFFFFFFF0A
:10070000FFFFFFFFFFFFFFFFFFFFFFFFFFFFFFFFF9
:10071000FFFFFFFFFFFFFFFFFFFFFFFFFFFFFFFFE9
:10072000FFFFFFFFFFFFFFFFFFFFFFFFFFFFFFFFD9
:10073000FFFFFFFFFFFFFFFFFFFFFFFFFFFFFFFFC9
:10074000FFFFFFFFFFFFFFFFFFFFFFFFFFFFFFFFB9
:10075000FFFFFFFFFFFFFFFFFFFFFFFFFFFFFFFFA9
:10076000FFFFFFFFFFFFFFFFFFFFFFFFFFFFFFFF99
:10077000FFFFFFFFFFFFFFFFFFFFFFFFFFFFFFFF89
:10078000FFFFFFFFFFFFFFFFFFFFFFFFFFFFFFFF79
:10079000FFFFFFFFFFFFFFFFFFFFFFFFFFFFFFFF69
:1007A000FFFFFFFFFFFFFFFFFFFFFFFFFFFFFFFF59
:1007B000FFFFFFFFFFFFFFFFFFFFFFFFFFFFFFFF49
:1007C000FFFFFFFFFFFFFFFFFFFFFFFFFFFFFFFF39
:1007D000FFFFFFFFFFFFFFFFFFFFFFFFFFFFFFFF29
:1007E000FFFFFFFFFFFFFFFFFFFFFFFFFFFFFFFF19
:1007F000FFFFFFFFFFFFFFFFFFFFFFFFFFFFFFFF09
:10080000FFFFFFFFFFFFFFFFFFFFFFFFFFFFFFFFF8
:10081000FFFFFFFFFFFFFFFFFFFFFFFFFFFFFFFFE8
:10082000FFFFFFFFFFFFFFFFFFFFFFFFFFFFFFFFD8
:10083000FFFFFFFFFFFFFFFFFFFFFFFFFFFFFFFFC8
:10084000FFFFFFFFFFFFFFFFFFFFFFFFFFFFFFFFB8
:10085000FFFFFFFFFFFFFFFFFFFFFFFFFFFFFFFFA8
:10086000FFFFFFFFFFFFFFFFFFFFFFFFFFFFFFFF98
:10087000FFFFFFFFFFFFFFFFFFFFFFFFFFFFFFFF88
:10088000FFFFFFFFFFFFFFFFFFFFFFFFFFFFFFFF78
:10089000FFFFFFFFFFFFFFFFFFFFFFFFFFFFFFFF68
:1008A000FFFFFFFFFFFFFFFFFFFFFFFFFFFFFFFF58
:1008B000FFFFFFFFFFFFFFFFFFFFFFFFFFFFFFFF48
:1008C000FFFFFFFFFFFFFFFFFFFFFFFFFFFFFFFF38
:1008D000FFFFFFFFFFFFFFFFFFFFFFFFFFFFFFFF28
:1008E000FFFFFFFFFFFFFFFFFFFFFFFFFFFFFFFF18
:1008F000FFFFFFFFFFFFFFFFFFFFFFFFFFFFFFFF08
:10090000FFFFFFFFFFFFFFFFFFFFFFFFFFFFFFFFF7
:10091000FFFFFFFFFFFFFFFFFFFFFFFFFFFFFFFFE7
:10092000FFFFFFFFFFFFFFFFFFFFFFFFFFFFFFFFD7
:10093000FFFFFFFFFFFFFFFFFFFFFFFFFFFFFFFFC7
:10094000FFFFFFFFFFFFFFFFFFFFFFFFFFFFFFFFB7
:10095000FFFFFFFFFFFFFFFFFFFFFFFFFFFFFFFFA7
:10096000FFFFFFFFFFFFFFFFFFFFFFFFFFFFFFFF97
:10097000FFFFFFFFFFFFFFFFFFFFFFFFFFFFFFFF87
:10098000FFFFFFFFFFFFFFFFFFFFFFFFFFFFFFFF77
:10099000FFFFFFFFFFFFFFFFFFFFFFFFFFFFFFFF67
:1009A000FFFFFFFFFFFFFFFFFFFFFFFFFFFFFFFF57
:1009B000FFFFFFFFFFFFFFFFFFFFFFFFFFFFFFFF47
:1009C000FFFFFFFFFFFFFFFFFFFFFFFFFFFFFFFF37
:1009D000FFFFFFFFFFFFFFFFFFFFFFFFFFFFFFFF27
:1009E000FFFFFFFFFFFFFFFFFFFFFFFFFFFFFFFF17
:1009F000FFFFFFFFFFFFFFFFFFFFFFFFFFFFFFFF07
:100A0000FFFFFFFFFFFFFFFFFFFFFFFFFFFFFFFFF6
:100A1000FFFFFFFFFFFFFFFFFFFFFFFFFFFFFFFFE6
:100A2000FFFFFFFFFFFFFFFFFFFFFFFFFFFFFFFFD6
:100A3000FFFFFFFFFFFFFFFFFFFFFFFFFFFFFFFFC6
:100A4000FFFFFFFFFFFFFFFFFFFFFFFFFFFFFFFFB6
:100A5000FFFFFFFFFFFFFFFFFFFFFFFFFFFFFFFFA6
:100A6000FFFFFFFFFFFFFFFFFFFFFFFFFFFFFFFF96
:100A7000FFFFFFFFFFFFFFFFFFFFFFFFFFFFFFFF86
:100A8000FFFFFFFFFFFFFFFFFFFFFFFFFFFFFFFF76
:100A9000FFFFFFFFFFFFFFFFFFFFFFFFFFFFFFFF66
:100AA000FFFFFFFFFFFFFFFFFFFFFFFFFFFFFFFF56
:100AB000FFFFFFFFFFFFFFFFFFFFFFFFFFFFFFFF46
:100AC000FFFFFFFFFFFFFFFFFFFFFFFFFFFFFFFF36
:100AD000FFFFFFFFFFFFFFFFFFFFFFFFFFFFFFFF26
:100AE000FFFFFFFFFFFFFFFFFFFFFFFFFFFFFFFF16
:100AF000FFFFFFFFFFFFFFFFFFFFFFFFFFFFFFFF06
:100B0000FFFFFFFFFFFFFFFFFFFFFFFFFFFFFFFFF5
:100B1000FFFFFFFFFFFFFFFFFFFFFFFFFFFFFFFFE5
:100B2000FFFFFFFFFFFFFFFFFFFFFFFFFFFFFFFFD5
:100B3000FFFFFFFFFFFFFFFFFFFFFFFFFFFFFFFFC5
:100B4000FFFFFFFFFFFFFFFFFFFFFFFFFFFFFFFFB5
:100B5000FFFFFFFFFFFFFFFFFFFFFFFFFFFFFFFFA5
:100B6000FFFFFFFFFFFFFFFFFFFFFFFFFFFFFFFF95
:100B7000FFFFFFFFFFFFFFFFFFFFFFFFFFFFFFFF85
:100B8000FFFFFFFFFFFFFFFFFFFFFFFFFFFFFFFF75
:100B9000FFFFFFFFFFFFFFFFFFFFFFFFFFFFFFFF65
:100BA000FFFFFFFFFFFFFFFFFFFFFFFFFFFFFFFF55
:100BB000FFFFFFFFFFFFFFFFFFFFFFFFFFFFFFFF45
:100BC000FFFFFFFFFFFFFFFFFFFFFFFFFFFFFFFF35
:100BD000FFFFFFFFFFFFFFFFFFFFFFFFFFFFFFFF25
:100BE000FFFFFFFFFFFFFFFFFFFFFFFFFFFFFFFF15
:100BF000FFFFFFFFFFFFFFFFFFFFFFFFFFFFFFFF05
:100C0000FFFFFFFFFFFFFFFFFFFFFFFFFFFFFFFFF4
:100C1000FFFFFFFFFFFFFFFFFFFFFFFFFFFFFFFFE4
:100C2000FFFFFFFFFFFFFFFFFFFFFFFFFFFFFFFFD4
:100C3000FFFFFFFFFFFFFFFFFFFFFFFFFFFFFFFFC4
:100C4000FFFFFFFFFFFFFFFFFFFFFFFFFFFFFFFFB4
:100C5000FFFFFFFFFFFFFFFFFFFFFFFFFFFFFFFFA4
:100C6000FFFFFFFFFFFFFFFFFFFFFFFFFFFFFFFF94
:100C7000FFFFFFFFFFFFFFFFFFFFFFFFFFFFFFFF84
:100C8000FFFFFFFFFFFFFFFFFFFFFFFFFFFFFFFF74
:100C9000FFFFFFFFFFFFFFFFFFFFFFFFFFFFFFFF64
:100CA000FFFFFFFFFFFFFFFFFFFFFFFFFFFFFFFF54
:100CB000FFFFFFFFFFFFFFFFFFFFFFFFFFFFFFFF44
:100CC000FFFFFFFFFFFFFFFFFFFFFFFFFFFFFFFF34
:100CD000FFFFFFFFFFFFFFFFFFFFFFFFFFFFFFFF24
:100CE000FFFFFFFFFFFFFFFFFFFFFFFFFFFFFFFF14
:100CF000FFFFFFFFFFFFFFFFFFFFFFFFFFFFFFFF04
:100D0000FFFFFFFFFFFFFFFFFFFFFFFFFFFFFFFFF3
:100D1000FFFFFFFFFFFFFFFFFFFFFFFFFFFFFFFFE3
:100D2000FFFFFFFFFFFFFFFFFFFFFFFFFFFFFFFFD3
:100D3000FFFFFFFFFFFFFFFFFFFFFFFFFFFFFFFFC3
:100D4000FFFFFFFFFFFFFFFFFFFFFFFFFFFFFFFFB3
:100D5000FFFFFFFFFFFFFFFFFFFFFFFFFFFFFFFFA3
:100D6000FFFFFFFFFFFFFFFFFFFFFFFFFFFFFFFF93
:100D7000FFFFFFFFFFFFFFFFFFFFFFFFFFFFFFFF83
:100D8000FFFFFFFFFFFFFFFFFFFFFFFFFFFFFFFF73
:100D9000FFFFFFFFFFFFFFFFFFFFFFFFFFFFFFFF63
:100DA000FFFFFFFFFFFFFFFFFFFFFFFFFFFFFFFF53
:100DB000FFFFFFFFFFFFFFFFFFFFFFFFFFFFFFFF43
:100DC000FFFFFFFFFFFFFFFFFFFFFFFFFFFFFFFF33
:100DD000FFFFFFFFFFFFFFFFFFFFFFFFFFFFFFFF23
:100DE000FFFFFFFFFFFFFFFFFFFFFFFFFFFFFFFF13
:100DF000FFFFFFFFFFFFFFFFFFFFFFFFFFFFFFFF03
:100E0000FFFFFFFFFFFFFFFFFFFFFFFFFFFFFFFFF2
:100E1000FFFFFFFFFFFFFFFFFFFFFFFFFFFFFFFFE2
:100E2000FFFFFFFFFFFFFFFFFFFFFFFFFFFFFFFFD2
:100E3000FFFFFFFFFFFFFFFFFFFFFFFFFFFFFFFFC2
:100E4000FFFFFFFFFFFFFFFFFFFFFFFFFFFFFFFFB2
:100E5000FFFFFFFFFFFFFFFFFFFFFFFFFFFFFFFFA2
:100E6000FFFFFFFFFFFFFFFFFFFFFFFFFFFFFFFF92
:100E7000FFFFFFFFFFFFFFFFFFFFFFFFFFFFFFFF82
:100E8000FFFFFFFFFFFFFFFFFFFFFFFFFFFFFFFF72
:100E9000FFFFFFFFFFFFFFFFFFFFFFFFFFFFFFFF62
:100EA000FFFFFFFFFFFFFFFFFFFFFFFFFFFFFFFF52
:100EB000FFFFFFFFFFFFFFFFFFFFFFFFFFFFFFFF42
:100EC000FFFFFFFFFFFFFFFFFFFFFFFFFFFFFFFF32
:100ED000FFFFFFFFFFFFFFFFFFFFFFFFFFFFFFFF22
:100EE000FFFFFFFFFFFFFFFFFFFFFFFFFFFFFFFF12
:100EF000FFFFFFFFFFFFFFFFFFFFFFFFFFFFFFFF02
:100F0000FFFFFFFFFFFFFFFFFFFFFFFFFFFFFFFFF1
:100F1000FFFFFFFFFFFFFFFFFFFFFFFFFFFFFFFFE1
:100F2000FFFFFFFFFFFFFFFFFFFFFFFFFFFFFFFFD1
:100F3000FFFFFFFFFFFFFFFFFFFFFFFFFFFFFFFFC1
:100F4000FFFFFFFFFFFFFFFFFFFFFFFFFFFFFFFFB1
:100F5000FFFFFFFFFFFFFFFFFFFFFFFFFFFFFFFFA1
:100F6000FFFFFFFFFFFFFFFFFFFFFFFFFFFFFFFF91
:100F7000FFFFFFFFFFFFFFFFFFFFFFFFFFFFFFFF81
:100F8000FFFFFFFFFFFFFFFFFFFFFFFFFFFFFFFF71
:100F9000FFFFFFFFFFFFFFFFFFFFFFFFFFFFFFFF61
:100FA000FFFFFFFFFFFFFFFFFFFFFFFFFFFFFFFF51
:100FB000FFFFFFFFFFFFFFFFFFFFFFFFFFFFFFFF41
:100FC000FFFFFFFFFFFFFFFFFFFFFFFFFFFFFFFF31
:100FD000FFFFFFFFFFFFFFFFFFFFFFFFFFFFFFFF21
:100FE000FFFFFFFFFFFFFFFFFFFFFFFFFFFFFFFF11
:100FF000FFFFFFFFFFFFFFFFFFFFFFFFFFFFFFFF01
:10100000D10020434D1600600000000000000000E9
:10101000201000600010006000D404600000000098
:101020000000006000E0040000000000FFFFFFFF80
:10103000FFFFFFFFFFFFFFFFFFFFFFFFFFFFFFFFC0
:10104000FFFFFFFFFFFFFFFFFFFFFFFFFFFFFFFFB0
:10105000FFFFFFFFFFFFFFFFFFFFFFFFFFFFFFFFA0
:10106000FFFFFFFFFFFFFFFFFFFFFFFFFFFFFFFF90
:10107000FFFFFFFFFFFFFFFFFFFFFFFFFFFFFFFF80
:10108000FFFFFFFFFFFFFFFFFFFFFFFFFFFFFFFF70
:10109000FFFFFFFFFFFFFFFFFFFFFFFFFFFFFFFF60
:1010A000FFFFFFFFFFFFFFFFFFFFFFFFFFFFFFFF50
:1010B000FFFFFFFFFFFFFFFFFFFFFFFFFFFFFFFF40
:1010C000FFFFFFFFFFFFFFFFFFFFFFFFFFFFFFFF30
:1010D000FFFFFFFFFFFFFFFFFFFFFFFFFFFFFFFF20
:1010E000FFFFFFFFFFFFFFFFFFFFFFFFFFFFFFFF10
:1010F000FFFFFFFFFFFFFFFFFFFFFFFFFFFFFFFF00
:10110000FFFFFFFFFFFFFFFFFFFFFFFFFFFFFFFFEF
:10111000FFFFFFFFFFFFFFFFFFFFFFFFFFFFFFFFDF
:10112000FFFFFFFFFFFFFFFFFFFFFFFFFFFFFFFFCF
:10113000FFFFFFFFFFFFFFFFFFFFFFFFFFFFFFFFBF
:10114000FFFFFFFFFFFFFFFFFFFFFFFFFFFFFFFFAF
:10115000FFFFFFFFFFFFFFFFFFFFFFFFFFFFFFFF9F
:10116000FFFFFFFFFFFFFFFFFFFFFFFFFFFFFFFF8F
:10117000FFFFFFFFFFFFFFFFFFFFFFFFFFFFFFFF7F
:10118000FFFFFFFFFFFFFFFFFFFFFFFFFFFFFFFF6F
:10119000FFFFFFFFFFFFFFFFFFFFFFFFFFFFFFFF5F
:1011A000FFFFFFFFFFFFFFFFFFFFFFFFFFFFFFFF4F
:1011B000FFFFFFFFFFFFFFFFFFFFFFFFFFFFFFFF3F
:1011C000FFFFFFFFFFFFFFFFFFFFFFFFFFFFFFFF2F
:1011D000FFFFFFFFFFFFFFFFFFFFFFFFFFFFFFFF1F
:1011E000FFFFFFFFFFFFFFFFFFFFFFFFFFFFFFFF0F
:1011F000FFFFFFFFFFFFFFFFFFFFFFFFFFFFFFFFFF
:10120000FFFFFFFFFFFFFFFFFFFFFFFFFFFFFFFFEE
:10121000FFFFFFFFFFFFFFFFFFFFFFFFFFFFFFFFDE
:10122000FFFFFFFFFFFFFFFFFFFFFFFFFFFFFFFFCE
:10123000FFFFFFFFFFFFFFFFFFFFFFFFFFFFFFFFBE
:10124000FFFFFFFFFFFFFFFFFFFFFFFFFFFFFFFFAE
:10125000FFFFFFFFFFFFFFFFFFFFFFFFFFFFFFFF9E
:10126000FFFFFFFFFFFFFFFFFFFFFFFFFFFFFFFF8E
:10127000FFFFFFFFFFFFFFFFFFFFFFFFFFFFFFFF7E
:10128000FFFFFFFFFFFFFFFFFFFFFFFFFFFFFFFF6E
:10129000FFFFFFFFFFFFFFFFFFFFFFFFFFFFFFFF5E
:1012A000FFFFFFFFFFFFFFFFFFFFFFFFFFFFFFFF4E
:1012B000FFFFFFFFFFFFFFFFFFFFFFFFFFFFFFFF3E
:1012C000FFFFFFFFFFFFFFFFFFFFFFFFFFFFFFFF2E
:1012D000FFFFFFFFFFFFFFFFFFFFFFFFFFFFFFFF1E
:1012E000FFFFFFFFFFFFFFFFFFFFFFFFFFFFFFFF0E
:1012F000FFFFFFFFFFFFFFFFFFFFFFFFFFFFFFFFFE
:10130000FFFFFFFFFFFFFFFFFFFFFFFFFFFFFFFFED
:10131000FFFFFFFFFFFFFFFFFFFFFFFFFFFFFFFFDD
:10132000FFFFFFFFFFFFFFFFFFFFFFFFFFFFFFFFCD
:10133000FFFFFFFFFFFFFFFFFFFFFFFFFFFFFFFFBD
:10134000FFFFFFFFFFFFFFFFFFFFFFFFFFFFFFFFAD
:10135000FFFFFFFFFFFFFFFFFFFFFFFFFFFFFFFF9D
:10136000FFFFFFFFFFFFFFFFFFFFFFFFFFFFFFFF8D
:10137000FFFFFFFFFFFFFFFFFFFFFFFFFFFFFFFF7D
:10138000FFFFFFFFFFFFFFFFFFFFFFFFFFFFFFFF6D
:10139000FFFFFFFFFFFFFFFFFFFFFFFFFFFFFFFF5D
:1013A000FFFFFFFFFFFFFFFFFFFFFFFFFFFFFFFF4D
:1013B000FFFFFFFFFFFFFFFFFFFFFFFFFFFFFFFF3D
:1013C000FFFFFFFFFFFFFFFFFFFFFFFFFFFFFFFF2D
:1013D000FFFFFFFFFFFFFFFFFFFFFFFFFFFFFFFF1D
:1013E000FFFFFFFFFFFFFFFFFFFFFFFFFFFFFFFF0D
:1013F000FFFFFFFFFFFFFFFFFFFFFFFFFFFFFFFFFD
:10140000814205D051F8043B40F8043B8242F9D8B0
:10141000704700BF044A05494FF0000342F8043BFF
:101420009142FBD8704700BFC0D200204087012006
:101430002DE98848BFF34F8F00BF00BF00BF00BF3A
:1014400000F0E0FE684B0822C3F8542100BF00BF43
:1014500000BF00BF00BF00BF00BF00BF00BF00BF94
:1014600000BF00BF00BF00BF00BF00BF5F4A6049B0
:101470006048FFF7C5FF604A60496148FFF7C0FF59
:10148000604CFFF7C7FF4FF470004FF0E0210023DE
:101490005D4AC1F8880D44F823200133B02BFAD1FE
:1014A0005A4B80215A4A03F8011B9342FBD14FF05B
:1014B000E0254D4E4FF08039DFF884B1DFF884A18C
:1014C0004FF0FF31C5F8084D0027C6F80491C6F863
:1014D00000B1C6F8F490C6F8F0A0D5F8243DDFF8C6
:1014E000688143F4E0234B4AC5F8243DD8F81C300A
:1014F00023F07F0343F04003C8F81C30D8F82430B1
:1015000023F07F0343F04003C8F824309166D1668E
:101510001167516700F07EFE3F4B4049A363404B8B
:10152000E36363236B610323AF612B613D4BC5F81C
:10153000203DD5F8FC3D43F08073C5F8FC3D3A4BA7
:101540001A6842F001021A605B680B6001F0ACF8A7
:10155000C6F804913548C6F800B1C6F8F490C6F84C
:10156000F0A001F011FBD8F86C10314B314A41F476
:101570004051C8F86C101F60C3F80871C3F81871A7
:10158000C3F82871C3F83871936BDB0708D442F6AF
:101590001563294951651365936B43F00103936308
:1015A000244A264C936843F00113936000F0BAFE7E
:1015B00001F0DEF901F068FA01F0A4F800F024FE71
:1015C0002368132BFCD901F035F92368B3F5967F16
:1015D000FBD300F01DFE00F019FE01F095FA01F0BA
:1015E000E7FA30BFFDE700BF00800D4078CA030076
:1015F0004035006000000000C0D20020BCFF036046
:101600000000002000D00020FDC4020000E400E043
:10161000A0E400E000C00A40C5D90200E085012036
:10162000C9D9020000002020001000E00046C323BA
:101630000040084000400D400000C056E4850120F5
:101640001B1018200C0D111300C00F40054B4FF458
:101650002A01054A05485A641864054A9963954663
:10166000FFF7E6FE00C00A40FFFFAAAA070020001D
:10167000000004200000000010B50E4886B001F004
:10168000BBF908B906B010BD05AC04AB03AA0A4902
:101690000A48009401F0A8F90328F3D10848059BF3
:1016A000DDE9031203708170427006B0BDE810409E
:1016B00001F0F2B9A8A60020442B002090240020BD
:1016C000EC850120034B4FF07F32C3E90022C3E9D0
:1016D00002227047645C012008B5012203211C48E6
:1016E00001F09AF902211A4801F0E6F9184801F0D0
:1016F000D7F9184B1648D3E9002301F011FA164B1D
:10170000164A19781278124801F032FA104801F09E
:10171000EFF91349134A4FF0640C134B48681268F1
:10172000A3FB0232920C0CFB02F24B681B1A9A428A
:10173000FBD8074801F084F90521054801F09CF920
:101740000221034801F074F9084B00221A6008BD19
:101750003C05012090B2002002CD002003CD0020E6
:10176000001000E0C0B6002083DE1B4328D8002014
:1017700008B5034801F0E0F9BDE80840FFF7ACBF49
:101780003C050120074A502102F5AA70A2F140034E
:1017900043F8041F9342FBD103F144028242F5D186
:1017A000704700BF4C7B01200F4B40F2FF3C0F48BD
:1017B0000F49104A70B503F1200640F6FF7540F658
:1017C000FF3440F2FF7E23F8025FB34220F8024F5D
:1017D00021F802EF22F802CFF5D12022002106489D
:1017E000BDE8704001F00CB9D6D50020FAD5002034
:1017F000B2D500201ED6002044D600202DE9F041AD
:1018000000230125DFF8408002260E4C2F4688F881
:10181000003003E07F2E13D0013501366B0001212B
:10182000204684F8307184F8A53084F82F7101F0D7
:101830003FF90028EED1402DECD188F80070EBE79D
:10184000BDE8F08118BF0020D786012070B50B4C91
:101850000B4D04F1080614F8010F022101F044F9C0
:10186000022115F8010F01F03FF9B442F3D1022132
:101870002120BDE8704001F037B900BF6FBE0020E5
:10188000BFBE002000234FF0873C4FF05A304FF08E
:101890002D311A462DE9F043DFF86C904FF0B43E3D
:1018A000DFF86880154F164E164D09EB030449F812
:1018B00003E048F803C0F850F150EA50C4F804E0DF
:1018C000C4F808E0C4F80CE008EB0304C4F804C052
:1018D000C4F808C0C4F80CC0FC186060A060E060E8
:1018E000F4186160A160E160EC1811336260442B70
:1018F000A260E260D9D1BDE8F08300BF6DD50020C1
:101900001DEE002075EE002045ED0020C5ED002005
:1019100010B50222124C82B01146204601F074F834
:1019200002220521684601F06FF86946204601F061
:1019300077F800220621684601F066F8204601F09B
:101940002BF96946204401F037F9064A034603CAD9
:10195000148892781C81186059609A7202B010BD88
:10196000F07A0120D4A6002070B5404C0126D02387
:101970000021204684F8306184F8A53084F82F6176
:1019800001F0FEF83A4B20463A4D1978A5FB0123A9
:10199000DB0803EB8302A1EB420101EB0311C9B2A7
:1019A00001F0EEF8344B20461978A5FB0123DB0843
:1019B00003EB8302A1EB420101EB0311C9B201F079
:1019C000DFF82E4B20461978A5FB0123DB0803EB3B
:1019D0008302A1EB420101EB0311C9B201F0D0F87F
:1019E000274B20461978A5FB0123DB0803EB830274
:1019F000A1EB420101EB0311C9B201F0C1F8214B87
:101A000020461978A5FB0123DB0803EB8302A1EB39
:101A1000420101EB0311C9B201F0B2F81A4B2046A2
:101A20001978A5FB0123DB0803EB8302A1EB42013C
:101A300001EB0311C9B201F0A3F8144B2046197849
:101A4000A5FB0135ED0805EB8503A1EB430101EB97
:101A50000511C9B201F094F80021204601F090F878
:101A600031462046BDE8704001F022B818BF002082
:101A7000A0860120CDCCCCCC9D8601209C86012067
:101A8000A18601209F8601209E860120A28601203A
:101A90002DE9F04FB7B0C64FC64E4FF000091BAA54
:101AA00020A90DF1A80E0DF1C00C009213AD01910B
:101AB00017ACDFF89CA30DF1340B0DF140080FCFEC
:101AC000AEE80F0097E80300009F4EF8040B8EF875
:101AD00000100FCEACE80F0096E80300B64E4CF8AD
:101AE000040B8CF800100FCE0FC73368019E3B80AB
:101AF00040F6FF77BAE80F000FC6DAF8003033601F
:101B000040F6FF36AD4B0FCB07C525F8023B1B0C4B
:101B10002B7040F2FF75AA4B0FCB07C424F8023B91
:101B20001B0C237040F2FF34A64B93E80700A64B32
:101B3000ABE8030093E80300A44B0790ADF8201036
:101B4000ABF8002093E80300A14B03908DF8101030
:101B500093E803009F4B05908DF8181093E8070059
:101B6000A8E8030028F8022B120C0121022088F8B3
:101B7000002000F0B9FF0121032000F0B5FF012192
:101B8000042000F0B1FF0121052000F0ADFF49461F
:101B9000052000F0B1FF904B0220494683F80090E9
:101BA0008E4B83F8009000F06BFF4946032000F055
:101BB00067FF00F01DFF0146042000F061FF4A4668
:101BC0004FF46121864800F0E3FF864B8648874941
:101BD00003F1200C864A23F8027F9C4520F8026F0F
:101BE00021F8025F22F8024FF5D12022002181481E
:101BF00000F006FFFFF746FE012000F055FF4FF012
:101C00007F327D4B5021C3E90022C3E902227B4A87
:101C100002F5AA70A2F1400343F8041F9342FBD1DE
:101C200003F144029042F5D1754B0024754D4FF0FD
:101C300000081C702C7000F053FF7349734B0A6C42
:101C40007348744E42F4001218620A64F26F597EAF
:101C500042F03002DFF8FC911F7FF2676E4A90601D
:101C60006E4802606E4A6F48C2F8B401481E5A7F3F
:101C70000128C3E904890FF23019D9E90089C3E9C1
:101C8000028940F28581FA26204672B6664BB3F887
:101C900000C01CF4005F00F05881DFF8BCC1C3F83D
:101CA00004C053034CF2C00243EA47131C4344EA06
:101CB00001231A435C4B92B29E8118811A8062B64E
:101CC0004FF0E0234FF000524FF49670C3F8082114
:101CD00000F0B2FE4FF4967000F046FF10A800F03E
:101CE000C7FE002840F0678101232B7001204F4E72
:101CF00000F0DAFE4E4800F00FFF2C23337000F0A6
:101D000093FE00F029FF4B4800F048FAFFF776FDFC
:101D1000494B1B78002B40F06C81FFF797FD47483B
:101D200000F00AFF0024FFF7D7FC4FF4967000F094
:101D300083FE434BDFF8249121461C804FF6FF734E
:101D4000DFF81C812AA8A9F800304FF478433D4FF2
:101D5000A8F800304FF6E0733B8000F0B1FEB9F810
:101D6000001030A800F0ACFEB8F800101BA800F07E
:101D7000A7FE398820A8344F00F0A2FE33490BABF0
:101D8000224625AC03C983E80300FE2384E8030050
:101D9000397809A8337000F037FE09A9204600F011
:101DA0003FFE20465EE000BF000000000088A34028
:101DB000D4AC00206CAD002084AD0020C0B0002069
:101DC000D0B00020A8250020D0AE0020D8AE002042
:101DD000E0AE002004180020A7860120A88601207C
:101DE000E0BD0020D6D50020FAD50020B2D50020D5
:101DF0001ED6002044D60020645C01204C7B0120CC
:101E0000985C01208B86012000C00A40A8B2002007
:101E10001D6D000000C00F408C5C0120FC7C012087
:101E200000D00020FD70000000C00B40858601201E
:101E30000CCC002018BF0020D78601203C050120D3
:101E4000B2CC0020B8CC0020DCCC00202818002028
:101E500098AD002000406F4020C528D9B6CC0020A6
:101E6000BECC00206F4C00F057FE6F4E6F482178BB
:101E700000F05AFE21786E4800F056FE3378002BB1
:101E800040F0B0800124E0B2013400F00DFE0F20DC
:101E900000F06AFE642CF6D13378002B40F09D8070
:101EA000002107A800F00CFE002103A8614C00F0FF
:101EB00007FE05A80021604E00F002FE00215F4BE6
:101EC000226819705E4B1A60FFF722FD22680DA888
:101ED0005C4B5D491A6000F0BFFD00F079FD00F039
:101EE00033FE5A4B22681A603378002B56D0584C78
:101EF00023789BB300F024FE0222564B564C1A70F6
:101F000000F026FE00F004FE00F036FE4FF4FA70FA
:101F100000F02AFE00F0E0FD00F09AFD00F094FDD4
:101F2000034614214D48236000F0CEFD4C4800F0DC
:101F3000AFFD00230A222168494800F0E1FD48482E
:101F400000F0A6FD37B0BDE8F08F4CF2205CA3F89E
:101F500004C04DF6281CA3F804C0A2E600F084FDDE
:101F60002378002BC6D13378E3B13E4B1B78FBB905
:101F70002B78002BBED03C4800F0CEFD2B78022BF6
:101F80004AD0012BB6D117A9384800F065FDB1E75A
:101F90001F264FF4805440F2391076E62C4B1B7804
:101FA000002BA7D100F034FD2E4B1B78002BDFD087
:101FB00000F012FDDCE72E4B00222E4C1A60237835
:101FC00013B32D4B0020186000F0CAFD43F2390313
:101FD000984213D002232B7088E64FF47A7000F0F9
:101FE000C3FD5DE7254B01224C201A7000F0A0FDD7
:101FF00048E72349234800F0D7FD8EE600F030FD86
:1020000000287FF473AEE5E700F0CAFD2378002BCB
:10201000D7D102232B7069E613A9144800F01CFDE8
:102020002B78AEE7DECC0020FBCC00209CB000205B
:10203000B0B00020E48501200ACD00207686012082
:10204000C4D800200C0D012078850120647C01207B
:10205000788601200FCD0020845C0120842400209C
:10206000D0BD0020CB860120F0BE002010BF002094
:1020700098D70020B2860120D00A01208F86012047
:1020800018BF00206485012043690A4A03EB011050
:1020900010B4037A084C02EB0313D3E90132146045
:1020A000C2681A6003690BB142691A605DF8044B9B
:1020B000704700BF18A2002061F801004369027E4A
:1020C00003EB021292F808C08C451CD01A7AFF2A42
:1020D00019D0914210B5044616D01A7EFF2A06D0B8
:1020E0000121D3E9002312681A4201D1217610BDE3
:1020F000064B0522204603EB0C135B681A60FFF7C2
:10210000C3FF2176F3E770470021EAE718A2002019
:1021100043690A4A03EB011010B490F82830084CC8
:1021200002EB0313D3E901321460C26A1A60036B35
:102130000BB1426B1A605DF8044B704718A2002087
:1021400061F801004369427E03EB021292F828C055
:102150008C451ED093F82820FF2A1AD0914210B542
:10216000044617D093F83820FF2A06D00121D3E97E
:10217000002312681A4201D1617610BD064B052278
:10218000204603EB0C135B681A60FFF7C1FF617612
:10219000F3E770470021EAE718A2002016494269D8
:1021A0008B6B23F47C0343F4802370B58B6304466C
:1021B000124DD2E900130A681A4303690A60022229
:1021C00000211A610E4A19619A6401225A629D62C5
:1021D0004FF43035DD624FF001159E6C1E651962BB
:1021E0009D651A61017EFFF74FFF617E2046BDE8C5
:1021F0007040FFF78DBF00BF00C00F40B80B050552
:102200003B372819704700BF704700BF704700BFB9
:1022100000BF704710B44FF0E02300211024314874
:10222000C3F8941DC3F89C4D1124C3F8A00D2E488B
:10223000C3F89C4D1224C3F8A00D2C48C3F89C4D44
:102240002B4AC3F8A00D2B4C42F015022A48C3F8C4
:102250009C4DC3F8A00D294C2948C3F89C4DC3F8E8
:10226000A00D284CC3F89C2D2748284AC3F8A04D40
:10227000C3F89C0DC3F8A02D02F5A022244C0C320B
:102280002448C3F89C4DC3F8A02D234AC3F89C0DE5
:10229000224CC3F8A02D02F14062C3F89C4D2048A7
:1022A000C3F8A02D0C32C3F89C0DC3F8A02D00BFBD
:1022B00000BF00BF00BF00BF0122C3F8942DBFF3D1
:1022C0004F8FBFF36F8FC3F8501FBFF34F8FBFF314
:1022D0006F8FD3F8142D5DF8044B42F44032C3F8ED
:1022E000142D70473F00001025000807090010005A
:1022F0004087012013002000210002071400002065
:1023000025000813090000101600202027000B13D9
:1023100017000040180000602F000B071900007024
:102320001A000080F0B5B84B1822B84E0120B84F03
:1023300083B0C3F85C62B749C3F86072B64DC3F8A6
:102340006462A6F53046B54CC3F86862C3F86C52B7
:10235000C3F87052C3F87452C3F8785248F20C753F
:10236000DA661A675A679A67DA67C3F88020C3F893
:102370008420C3F88820C1F82C03A94AC1F830038F
:10238000C1F83403C1F83803C1F83C03C1F8500365
:10239000A169A44B0A40A448A4491343A44AA361D9
:1023A000D4F8843043F00C03C4F884304FF0FF3489
:1023B000036843F00203036003682B404FF40055A9
:1023C0001A439C4B026044608A689B4C13409B4AB2
:1023D00043F000538360C36823F07803C360036A4B
:1023E000134023430362036A1340954A2343954CE9
:1023F00043628262C2620022D1F8B83023F03F0308
:1024000043F00103C0F8B830D1F8BC308E4923F056
:102410003F0343F00103C0F8BC3040F205630261A2
:1024200005660467C0F88030456644670224C0F83A
:102430008430036823F0020303608161834B844985
:10244000C46143F8042B8B42FBD1774A136843F0F5
:1024500001031360136813F00103FBD17A480221D2
:1024600040F2F564906140F29940D16140F26641DA
:10247000C2F8004242F20144C2F810127549C2F893
:102480002002C2F8301240F235417348C2F834429B
:10249000C2F84012714CC2F8500242F20120704959
:1024A000C2F854120121C2F86042C2F864025E48C8
:1024B000C2F8A030C2F8A430C2F8B0104369DA07FD
:1024C000FCD5012300244FF4803257494361C0F802
:1024D000A040C0F8A420C0F8B0304B69DB07FCD5A1
:1024E000012300244FF400304F4A4B61C1F8A04053
:1024F000C1F8A400C1F8B0305369DF07FCD501234F
:102500000024584848495361C2F8A040C2F8A400CA
:10251000C2F8B0304B69DE07FCD5D1F8003145F682
:102520000D5221209BB24861934265D100244FF4A3
:10253000802201233C48C1F8A040C1F8A420C1F882
:10254000B0304369DD07FCD501234FF400040021BE
:10255000354A4361C0F8A040C0F8A410C0F8B030BC
:102560005369DC07FCD501234FF400044FF480309D
:102570002D495361C2F8A040C2F8A400C2F8B0309F
:102580004B69D807FCD501234FF400044FF4003009
:10259000254A4B61C1F8A040C1F8A400C1F8B03091
:1025A0005369D907FCD501234FF400042D481E4977
:1025B0005361C2F8A040C2F8A400C2F8B0304B6921
:1025C000DA07FCD5D1F8003145F60D5221209BB237
:1025D0004861934250D008254FF40004224900205E
:1025E000224B234A009015705A1A01232148224495
:1025F00000F06EFA03B0F0BD1E4B0022C3E90022CA
:10260000C3E9022203B0F0BD00801F40F9B0010011
:10261000F910010000841F40F970010000C00F4054
:10262000FFFCFF1F000300A000402A4000802A405A
:102630001200FFFFFF37F7004000008000FFF07C32
:10264000FF000F8363000200F05AF05A00422A4054
:1026500000432A409F041830EB06180A3806180A6F
:102660000632012604000300000000700000007024
:1026700000870120548501204FF400044FF480228C
:1026800001230848C1F8A040C1F8A420C1F8B03027
:102690004369DB07FCD5012310254FF080744361AB
:1026A0009CE700BF00402A40F0B4154A40274FF491
:1026B00080314FF480564FF400554FF4404443F2BC
:1026C0004200136913F0020F0ED113F4005F0FD014
:1026D00013F4805F0ED0002BF3DA13F4803F0BD19C
:1026E0005B060BD5F0BC7047946151619061E8E7DF
:1026F0005561E6E75661E4E79161E2E75761E0E79B
:1027000000800D403F4A03203F49F3EE095AD2F8BA
:1027100080304FF0000C9FED3D6A23F001039FEDE8
:102720003C5A30B4C2F88030C2F89000D1F8E010C2
:10273000384DCBB2384C39482B6007EE903A0B0D30
:10274000C1F30B21F8EEE77A06EE903A07EE101A85
:10275000334BB8EEC77A2160F8EEE66A314937EEBE
:10276000C66A37EEC55A76EEC76A77EEE57A26EE88
:10277000266AC3ED006A25EE265AD2F8803067EE4D
:10278000A64AC0ED007AC6EE275A274885EE276A8A
:10279000C4EEA76A75EE875AFCEEE55A36EE076A74
:1027A00015EE904ABCEEC66A43EA045376EE877A89
:1027B000C2F8803016EE103AD2F89041FCEEE77A7B
:1027C00001EA0341214317EE903AC2F89011C3F396
:1027D0000B03D2F890110B431449C2F89031D2F890
:1027E000803043F00203C2F88030114B80F840C0C3
:1027F000C1F840314FF0E023012230BCC3F808217A
:10280000704700BF00810D4000441F400000AA42F5
:102810000000B442D0850120CC850120D485012060
:10282000D88501200000FF0F00E400E000D0002068
:10283000E9C60200314B40F6617210B5C3F82021A1
:1028400040F2044400F0CCF82D4A2E49D2F88030F2
:102850002D4843F00303C2F880302C4BC1F860418F
:1028600002681A4203D1D1F8A8319A071BD0254A31
:102870004FF00041244B5963D2F8403143F002033A
:10288000C2F84031D2F840319B07FBD44FF40030FE
:102890004FF0E0211C4B4FF00042C1F88C02192090
:1028A0009A6300F0C9F8184A4FF08040154C002197
:1028B00090630A20164B11604FF42072C4F8A801EF
:1028C000184600F09DF84FF4800203464FF4810053
:1028D00040F243111860C4F858311A640D4B0E4A87
:1028E000C4F84811C3F804224FF0E0224FF400313D
:1028F0000123C2F80C11C4F8403110BD00800D4016
:1029000000C00F4000002E4000900D40001C1E0033
:102910000000002000D00020D1C8020008B50E4BF6
:102920001B6E9B0700D4FBBE72B60C4B00200C4AFA
:10293000C3F8400103F160430A49A3F55F23116422
:102940009D46BFF34F8F4FF400130748074ADB69DA
:1029500002609B68984700BF00441F4000002E4063
:1029600000C00A400300200000802020000012EB7D
:10297000104BA020104AD96E41F4403110B4D966F2
:1029800040F23764D96E41F44071D9665464906462
:10299000936C1B06FCD4094A40F23761A0235164B2
:1029A0009364936C13F08003FBD1054A13705DF8B8
:1029B000044B704700C00F4000400C4000800C40AA
:1029C000FF860120F8B500BFF8BC08BC9E467047E2
:1029D0005FF800F0211001005FF800F0C95E01000F
:1029E0005FF800F041D002005FF800F0013A030008
:1029F0005FF800F0C57501005FF800F09576000003
:102A00005FF800F0093E03005FF800F0A501000048
:102A10005FF800F0450001005FF800F0D5590200B2
:102A20005FF800F0AD3E03005FF800F0399E000053
:102A30005FF800F0595A02005FF800F009BB02008D
:102A40005FF800F0E95802005FF800F045790000F7
:102A50005FF800F0497601005FF800F0BDF2000079
:102A60005FF800F0B1A101005FF800F039660100E5
:102A70005FF800F02DBB00005FF800F0A5560200E3
:102A80005FF800F09DC202005FF800F0E5C30200AD
:102A90005FF800F0E9B502005FF800F0595C020051
:102AA0005FF800F0215902005FF800F0C12F01002B
:102AB0005FF800F0154502005FF800F0095A0200C7
:102AC0005FF800F0610B01005FF800F011D7020021
:102AD0005FF800F035DA02005FF800F0E5A70100CA
:102AE0005FF800F01D3001005FF800F07DBC0200CF
:102AF0005FF800F0F15302005FF800F005BC02003F
:102B00005FF800F021B602005FF800F0B94403005E
:102B10005FF800F04DB801005FF800F0DDE500005F
:102B20005FF800F0055602005FF800F0D90A0100D6
:102B30005FF800F025E700005FF800F0C9580200D8
:102B40005FF800F0019F00005FF800F0A174000042
:102B50005FF800F0997B01005FF800F0B59E00007F
:102B60005FF800F0958C00005FF800F0FDE40000D5
:102B70005FF800F07D5A02005FF800F0912E01002E
:102B80005FF800F0654302005FF800F019B802003A
:102B90005FF800F0E5AF02005FF800F04145030088
:102BA0005FF800F0596F01005FF800F0154902006E
:102BB0005FF800F0EDBC02005FF800F0DD3F0300BD
:102BC0009565000041D30000095C0200CDA502001C
:102BD00080C00F400000000319000000100000003A
:102BE000E8841F4001000000FF000000FF0000001B
:102BF00000000000000000001800000010000000AD
:102C0000E4841F4001000000FF000000FF000000FE
:102C100000000000000000001F0000003948020012
:102C200070C00F40000C00001100000011000000F7
:102C3000E0841F40020000002C0000001200000091
:102C4000E0841F400100000010000000110000009F
:102C5000DC841F40020000002D0000001200000074
:102C6000DC841F40010000001E0000002D4802000F
:102C700070C00F40C00000001200000013000000F0
:102C8000D0841F4001000000FF000000FF00000092
:102C9000000000000000000013000000130000000E
:102CA000CC841F4001000000FF000000FF00000076
:102CB00000000000000000001C000000214802008D
:102CC00053544154555309093D203078253032780A
:102CD0002052585F44523D25782054585F44533D5C
:102CE0002578204D41585F52543D25782052585F39
:102CF000505F4E4F3D25782054585F46554C4C3D13
:102D000025780D0A000000004F4253455256455F9A
:102D100054583D253032783A20504C4F535F434E43
:102D2000543D2578204152435F434E543D25780D54
:102D30000A0000002573093D0000000020307825BE
:102D4000303278000D0A00002573093D00000000B4
:102D50002030780025303278000000000D0A000095
:102D600025303258000000003D20323530204B42E3
:102D7000505300003D2044697361626C656400003B
:102D80003D20313620626974730000003D203820F8
:102D900062697473000000005350492053706565E8
:102DA000647A093D202564204D687A0A00000000FD
:102DB00052585F414444525F50302D3100000000B2
:102DC00052585F414444525F50322D35000000009C
:102DD00054585F41444452090000000052585F506B
:102DE000575F50302D360000454E5F4141090000CD
:102DF000454E5F52584144445200000052465F43E2
:102E00004809000052465F534554555000000000E9
:102E1000434F4E464947090044594E50442F4645BA
:102E200041545552450000002C34006020340060AD
:102E3000682D0060446174612052617465092573D6
:102E40000D0A000014340060083400604D6F6465A2
:102E50006C09093D2025730D0A00000043524320F0
:102E60004C656E6774680925730D0A00FC330060B9
:102E7000F0330060E4330060D833006050412050EC
:102E80006F7765720925730D0A00000041524309EE
:102E9000093D2025640D0A003D20456E61626C6588
:102EA00064000000535049204672657175656E6379
:102EB0007909093D202564204D687A0A0000000048
:102EC0004368616E6E656C0909093D2025752028EF
:102ED0007E202575204D487A290D0A004D6F6465C6
:102EE0006C0909093D2025730D0A00005246204453
:102EF0006174612052617465090925730D0A00002F
:102F0000524620506F77657220416D706C6966691A
:102F100065720925730D0A00742D0060982E0060FB
:102F2000CC330060BC330060C43300605246204C98
:102F30006F77204E6F69736520416D706C696669AB
:102F400065720925730D0A00435243204C656E6774
:102F50007468090925730D0A000000004164647259
:102F6000657373204C656E67746809093D2025649C
:102F70002062797465730D0A000000005374617457
:102F80006963205061796C6F6164204C656E677471
:102F900068093D2025642062797465730D0A00007C
:102FA0004175746F2052657472792044656C617943
:102FB000093D202564206D6963726F7365636F6ED0
:102FC00064730D0A000000004175746F205265742F
:102FD000727920417474656D707473093D202564A5
:102FE000206D6178696D756D0D0A00005061636B2D
:102FF000657473206C6F7374206F6E0A202020201C
:1030000063757272656E74206368616E6E656C09BB
:103010003D2025640D0A00005265747279206174A8
:1030200074656D707473206D61646520666F720ADB
:10303000202020206C617374207472616E736D693E
:103040007373696F6E093D2025640D0A000000004E
:103050004D756C746963617374090925730D0A00F9
:10306000437573746F6D2041434B205061796C6FD1
:1030700061640925730D0A0044796E616D696320EE
:103080005061796C6F6164730925730D0A0000004B
:103090004175746F2041636B6E6F776C6564676D0B
:1030A000656E740925730D0A000000004175746F88
:1030B0002041636B6E6F776C6564676D656E740934
:1030C0003D203062256325632563256325632563E1
:1030D0000D0A00005072696D617279204D6F646550
:1030E00009093D202563580D0A000000545820614D
:1030F00064647265737309007069706520257520BA
:103100002825732920626F756E640000000000009E
:10311000000000003D3D3D3D3D3D3D3D3D3D3D3DD3
:103120003D3D3D3D2053504920436F6E66696775B4
:10313000726174696F6E203D3D3D3D3D3D3D3D3DBD
:103140003D3D3D3D3D3D3D0A43534E2050696E0996
:1031500009093D2025640A43452050696E09090983
:103160003D2025640A535049204672657175656E8D
:10317000637909093D202564204D687A0A3D3D3D6B
:103180003D3D3D3D3D3D3D3D3D3D3D3D3D204E5266
:103190004620436F6E66696775726174696F6E2051
:1031A0003D3D3D3D3D3D3D3D3D3D3D3D3D3D3D3D4F
:1031B0000A4368616E6E656C0909093D202575201A
:1031C000287E202575204D487A290A5246204461E0
:1031D00074612052617465090925730A52462050B2
:1031E0006F77657220416D706C696669657209253B
:1031F000730A5246204C6F77204E6F6973652041E9
:103200006D706C69666965720925730A43524320C3
:103210004C656E677468090925730A4164647265B8
:103220007373204C656E67746809093D202564201E
:1032300062797465730A53746174696320506179AB
:103240006C6F6164204C656E677468093D2025646D
:103250002062797465730A4175746F2052657472C7
:10326000792044656C6179093D202564206D69638E
:10327000726F7365636F6E64730A4175746F205269
:103280006574727920417474656D707473093D20A2
:103290002564206D6178696D756D0A5061636B6599
:1032A0007473206C6F7374206F6E0A20202020636B
:1032B000757272656E74206368616E6E656C093D2F
:1032C0002025640D0A526574727920617474656DED
:1032D000707473206D61646520666F720A2020200F
:1032E000206C617374207472616E736D697373699D
:1032F0006F6E093D2025640D0A4D756C746963611C
:103300007374090925730A437573746F6D20414303
:103310004B205061796C6F61640925730A44796EA2
:10332000616D6963205061796C6F61647309257305
:103330000A4175746F2041636B6E6F776C656467CB
:103340006D656E7409000000257300003D20306239
:10335000256325632563256325632563000000003D
:103360000A5072696D617279204D6F646509093D7B
:10337000202563580A545820616464726573730988
:10338000093D2030780000000A50697065202564EE
:10339000202825732920626F756E64093D203078DE
:1033A0000000000025303258000000000A0B0C0D10
:1033B0000E0F00000001020304050000636C6F7330
:1033C00065640000206F70656E2000003D20416C38
:1033D0006C6F7765640000003D2050415F4D41589F
:1033E000000000003D2050415F4849474800000070
:1033F0003D2050415F4C4F57000000003D205041A0
:103400005F4D494E000000006E524632344C303160
:103410002B0000006E524632344C30310000000068
:103420003D2032204D425053000000003D2031200D
:103430004D42505300000000160355005300420057
:103440002000530065007200690061006C000000FC
:1034500018035400650065006E0073007900640075
:10346000750069006E006F00040309040902620020
:10347000030100C032080B0002020201000904002F
:1034800000010202010005240010010524010101D0
:10349000042402060524060001070582031000101B
:1034A00009040100020A00000007050302400000B1
:1034B000070584024000000904020002FF6AFF00C1
:1034C00007058102400001070501024000010000DC
:1034D00009026200030100C032080B00020202016F
:1034E000000904000001020201000524001001058A
:1034F00024010101042402060524060001070582B7
:103500000310000509040100020A0000000705037A
:103510000200020007058402000200090402000202
:10352000FF6AC700070581020002010705010200CA
:10353000020100000A060002EF0201400100000043
:10354000000000000000000000000000000000007B
:10355000000000000000000000000000000000006B
:103560001C4B2DE9F0411C7894B302EB42024FF062
:10357000000C9508920883F800C029D06346871C88
:10358000061D5A1C31F8138003F1030E9C1CD2B2A5
:1035900004335FFA8EFE31F81220E4B24FEA0818C5
:1035A00031F81EE031F81440DBB248EA122812026A
:1035B0004EEA043E20F81C8042EA141227F81C2030
:1035C00026F81CE00CF1030C5FFA8CF29542D8D877
:1035D000BDE8F081F9CC002002EB42022DE9F04F6A
:1035E0009708920831D0002201F1020901F1040884
:1035F000134631F8125003F1010A39F812B0DE1CFB
:103600004FEA052E38F812402D0903320EF4706E81
:103610004FEA0B1C5FFA8AFA20F813504EEA1B2E71
:103620009D1C0CF47F6CF6B220F81AE05FFA82FE63
:103630004CEA143C0433C4F30B04EDB27745DBB21F
:1036400020F815C020F81640D3D8BDE8F08F00BF91
:10365000074A084B917892F801C0D0789980117987
:103660005279A3F802C0D88019815A81704700BFEF
:10367000BCEC0020845B0120074B002093F801C0C4
:1036800099786CF30700DA781B7961F30F2062F305
:10369000174063F31F60704718D50020A0F108039E
:1036A000DBB2032B06D80B4AD35C33B15A2B0CD0B8
:1036B000B42B06D040F2DC507047074B33F81000B3
:1036C0007047064B33F810007047054B33F8100075
:1036D000704700BFE07A012044D60020D8D50020F2
:1036E000B4D500202DE9F0432E2383B02C240029EB
:1036F0000646ADF80430ADF8004035DB0AD1302382
:10370000012A4170037027D0022A32D0304603B01C
:10371000BDE8F083002400254FF00A0E194BDFF8B6
:103720006880A94691FBF3FCBCF1000F0CF130005E
:1037300000DC25B130550125013406F8049088FBE2
:103740000307BEF1010E4FEAE37003FB1C11C0EB4F
:10375000A703E7D1012AD7D16946304633F046FEA8
:10376000304603B0BDE8F0832D23494201240370A5
:10377000D1E701A9304633F039FE304603B0BDE849
:10378000F08300BF00CA9A3B676666662DE9F04188
:103790003F4C86B02D232678ADF8083016B106B020
:1037A000BDE8F0813B4D284625F0D4FC00285DD0D3
:1037B000EF7829796A7995F801E0092995F802C02E
:1037C000AB7935482D78A3F11E03DFF8F080057042
:1037D00003AD324888F80020324680F800E03048D7
:1037E00080F800C02F4807702F48304F01703B70A1
:1037F00043D92846FFF776FF0146204634F09EF86D
:10380000234834F03DF902A9204433F087FE98F8AC
:103810000010092902D8264B1B8803800022284665
:10382000FFF760FF01461A48019134F029F9019928
:10383000204433F073FEBDF80820034628461A8062
:1038400000223978FFF74EFF01461148019134F00C
:1038500017F90199204433F061FE164A03461068B7
:10386000127918601A7106B0BDE8F081124B0FCBC7
:1038700007C4237006B0BDE8F081302328462380BA
:10388000FFF730FF0146204633F0B0FDB8E700BF38
:10389000985C0120EC850120A08601209D860120F6
:1038A0009C860120A18601209F860120A2860120FE
:1038B000C0280020A0A6002098A600209E860120F7
:1038C000DFED1F7AB5EE007ADFED1E6A20EE000A0A
:1038D00072EEA72A00B5C2EEA67A2DED068BF0EEA9
:1038E000609A83B0B0EE619AB0EE41AAB0EE428A1F
:1038F00077EEC70ACDED010A31F02AF9DDED010AB4
:10390000F0EE408A29EEA90A31F022F9F0EE409A51
:10391000DDED010A2AEE0A0A31F01AF938EE498A79
:1039200078EEE98A30EE690A28EE288AC8EE007A35
:1039300037EE890A03B0BDEC068B5DF804FB00BFCF
:103940000000C84200004843134B00221349B3F85B
:1039500000C070B5124E134D134C4CFA02F3DB0746
:1039600015D50B88A3F5FA7306FB03F3A3F57A7359
:1039700085FB030ED817002BC0EBEE1000F6C51325
:10398000B8BF00F6C4139BB20B8024F8123001328A
:103990000231102AE1D170BD3E860120845B0120F6
:1039A00030F8FFFFD34D6210BC040120074A1368B2
:1039B00053B107490748096810B4CB1A00240360C3
:1039C00014605DF8044B7047704700BF24D8002096
:1039D000E4850120D47A01202DE9F04F2A4B87B0ED
:1039E0000FCB0DF1080C8CE80F00284B1B781BB196
:1039F000274B1878002844D00022264B264E4FF043
:103A0000010AD3F800901746244B1046244D254C4C
:103A10001A8001920096009B00F1010835F802EB34
:103A200033F8021BA1EB0E0E00930AFA02F30132E7
:103A3000BEF1000F43EA0703B8BFCEF1000EBEF19E
:103A4000030F06DC26689CF800B0A9EB060EDE45E5
:103A50000DD3154FC4F8009027F810105FFA88F0C6
:103A60009FB20123072825F8021C019307D8102ACA
:103A700004F104040CF1010CCDD1019B0BB1074BF7
:103A80001F8007B0BDE8F08FB4A60020BA860120E1
:103A9000FACC0020E4850120845B0120D0D60020F0
:103AA000E0040120788101208405012070B5184CC4
:103AB000184D194824F03CFF184B61682A68A3FB95
:103AC00002326423920C03FB02F263685B1A9A428F
:103AD000FBD8134E1048317824F0E8FE60680F4B95
:103AE00064212A68A3FB0232920C01FB02F208490E
:103AF0004B681B1A9A42FBD80A4A0B4913880B4899
:103B00003478013300680C7009491380086070BD77
:103B1000001000E0C0B600203C05012083DE1B43FE
:103B2000B68601206086012083860120E48501207D
:103B300068D90020114B1A7810B59AB910490122A2
:103B40000C781A703CB90F4BD3E9000107F076FAF4
:103B50000D4B1C7010BD0D4BBDE81040D3E90001AA
:103B600007F06CBA0A490022D1E900011A7007F087
:103B700065FA054B01221A7010BD00BF7686012040
:103B800078860120A0B200200BCD002088B2002052
:103B900090B20020084A002392F801C090786CF39C
:103BA0000703D178127960F30F2361F3174362F3AF
:103BB0001F6300EE103A704718D5002070B5324DE3
:103BC00088B030212E22314B04462846ADF80C1027
:103BD0001E78ADF8102025F0BDFA002838D02C4A08
:103BE0002670B2F90030A9781944CBB2092B3CD920
:103BF000002205A8FFF776FD01462046019133F02B
:103C00003FFF0199204433F089FCBDF81030038058
:103C10006978092931D9002205A8FFF763FD01461B
:103C20002046019133F02CFF0199204433F076FCBB
:103C300004A933F073FC2978092911D9002205A8B9
:103C4000FFF750FD0146204633F0D0FB08B070BDB1
:103C5000104B03CB1B7820606160237208B070BDED
:103C600003A933F06BFE2978E8E7BDF80C30238018
:103C7000A978B2F900301944BAE7BDF80C30A0F8C1
:103C800001306978C7E700BFEC850120B42F002020
:103C90000E860120C8A600202DE9F041364C23787D
:103CA0001BB900232370BDE8F081344E3569002D27
:103CB000F7D02B68DFF8D480DB6A43454BD1A86D81
:103CC00018B131F01BFC0023AB652B6D002B3ED0EF
:103CD00005F1180029F004F937697D68013D7D6020
:103CE000002D2ED13B68DB6A43453FD1B86D10B142
:103CF00031F004FCBD653B6D002B33D007F118009B
:103D000029F0EEF83569E5B12B681D4A5B689342EE
:103D10002FD11C4BA86D2B6018B131F0EFFB0023A5
:103D2000AB652B6D05F11807C3B1384629F0D8F8FB
:103D3000154B3846AB6029F0D3F85C2128462BF0B0
:103D400019FB0023336100232370BDE8F0816B6D04
:103D5000002BBDD1C0E728469847BDE76B6D002B0F
:103D6000E3D1E5E77B6D002BC8D1CBE73846984718
:103D7000C8E728469847E4E7AA860120D4B7002080
:103D800039710000703200203431002039660000A3
:103D90007C4B2DE9F04F85B01B787B4EDFF800B2ED
:103DA000039305E05BB11136784BB34200F083809A
:103DB000F37D002BF7D0B37C039A9342F2D1F37CCE
:103DC0000024B04603F1FF3A02E00134102C6CD01D
:103DD000A245FAD198F814306D49013B3BF81A001E
:103DE0001AB231F8135031F913700292694A32F85D
:103DF000136031F81A206849904231F8139080F02E
:103E0000888000954B4631F81A1006F0B5F800B2DC
:103E1000B84263DA0FFA89F3A5EB0905FF1A2DB250
:103E200000F08980C31A002D3A4605FB03F3C0F267
:103E30008980002FB8BF7A1C03EB620393FBF7F273
:103E400007FB03F3551B002BC0F29A8098F816303D
:103E500005FB03F3514A82FB0312DB17C3EB62132A
:103E600098F819201BB2A2B398F81520002A5AD04E
:103E7000002B00DD5B4298F81A109BB2029A4E4567
:103E8000A1F17F013BF8122002EBC10213441BB2E7
:103E900014D2B34203DB4B45A8BF4B469EB201345C
:103EA000029B102C2BF8136092D14646374B1136EB
:103EB000B3427FF47DAF05B0BDE8F08F4B4504DB26
:103EC0009E42A8BF1E461FFA86F9029B2BF813904C
:103ED0007BE798F81520002ACCD1CCE733B2751BCC
:103EE000DB1B2DB222D0C01B002D1A4605FB00F0B3
:103EF00037DB002BB8BF5A1C00EB620000FB03F15C
:103F0000002990FBF3F239DB98F8163002FB03F33B
:103F1000A0E711461F4A00962B4632F81A2006F0F9
:103F20002BF800B274E7002BA5DAA3E72B1EB8BF6D
:103F300001335A10E8E7002D2B46B8BF6B1CC5EBC8
:103F4000630583E7002FB8BF7A1CA3EB620393FBE2
:103F5000F7F203FB07F7551B002FFFF677AF01358C
:103F600074E7002BB8BF5A1CA0EB620000FB03F102
:103F7000002990FBF3F2C7DB0132C5E7013AC3E742
:103F8000013D63E7DFCC0020C0EE0020CFF0002031
:103F9000B4D50020D8D5002044D600201F85EB5191
:103FA000C8D800204D4A4E4B4E492DE9F04F83B002
:103FB0001278DFF844B1009202EB021203EB020A1E
:103FC000019205E05BB11131474B8B4200F08280DA
:103FD0004B7C002BF7D08B7C009A9342F2D1CE7CA5
:103FE0000022424B0198013EDFF8108103EB0009EB
:103FF00002E00132102AE6D09642FAD13C4B4FF44F
:10400000FA6033F81630A3F5FA7300FB03F303F5F7
:104010007A738BFB0304002B4FEAE370C0EBE410D0
:1040200051DBA0F57A708B7D00FB03F3314880FBF8
:104030000340DB17C3EB6013487E1CB200283ED060
:10404000487D002843D0002C00DD5B420D7D4FF4FD
:10405000FA6C8F7E9BB2013D7F3F1AF805000CFB86
:1040600000F05A308008A8FB004019F805400CFB0E
:1040700004F480085A3400F5FA70A408A8FB04C4BC
:10408000DFF87CC0A4083CF815E004F5FA740EEBE8
:10409000C707A0423B441BB208DDA34203DB8342B7
:1040A000A8BF03461C462CF81540A2E7834203DB59
:1040B000A342A8BF234618462CF8150099E7487D6F
:1040C0000028C2D1C2E76FF47A731844ABE7002C22
:1040D000BCDABAE703B0BDE8F08F00BFDFCC002048
:1040E00064EE0020C0EE0020CFF0002034ED002070
:1040F000BC0401201F85EB51D34D6210176CC11613
:10410000845B01202DE9F84F4FF00009DFF894B0EF
:104110001F4D204C4E46DFF890A01F4FDFF88C80DB
:104120001BF8010F2BF038F8034614F8010FB3FA0F
:1041300083F35B0905F8013F2BF02EF8002806F108
:1041400001020CBF012300230AF8013F07D13B788D
:10415000D6B24B4503D087F80090C8F8000009F1AB
:104160000109B9F1080FDBD1012E0CD90B4B00224C
:10417000C3E900220849FE20094B4FF4167208706B
:104180001A80BDE8F88F002EF4D0BDE8F88F00BF8C
:10419000775C0120BFBE002014CD0020047B0120ED
:1041A000C4CC00206FBE0020037B01200C7B0120CB
:1041B0001A4B0A4670B5054682B0144693E80300D0
:1041C000009068468DF80410154909F089F908B186
:1041D00002B070BD134B1B69002BF9D01968124A4D
:1041E000CE68964212D1186D30B12246294602B0EF
:1041F000BDE8704027F0C6BC586D0028E8D02246C4
:10420000294602B0BDE8704026F0ECB818462246B8
:104210002946334602B0BDE870401847E0A60020AA
:10422000985C0120D4B70020456F000000B589B02C
:10423000104B02A80193FFF7C1FC0F4902A833F00D
:1042400013FAA0B102A90C4833F078FB02A833F0AE
:1042500017FC014602A889B2FFF7AAFF01A833F0B4
:104260000FFC014601A889B2FFF7A2FF012009B0A7
:104270005DF804FB202D2000D87D01202DE9F043BE
:10428000464D97B02B7813B117B0BDE8F083444882
:1042900009F050F944F20223424A02A8424928F0A8
:1042A00039FF149B002B66D05C2000272BF060F8B0
:1042B00006AE3E4A04464760183040F8182CDDE947
:1042C000031340F8083C9DF8143040F80C1C3146AC
:1042D00000F8043C364B40F8103C28F0BFFD636802
:1042E000344A0133A765A2606360DFF8D8803046A6
:1042F000314FCDF8088028F0F3FD3E69002E34D010
:104300007368013B736001937BBB32682B49D26AAF
:104310008A423CD1B06D18B131F0F0F8019BB36521
:10432000336D6BB306F1180028F0DAFD3E69E6B193
:104330003368234A5B68934226D11C4BB06D3360CF
:1043400018B131F0DBF80023B365336D06F11809BD
:1043500003B3484628F0C4FD4846C6F8088028F054
:10436000BFFD5C2130462BF005F801233C612B702A
:1043700017B0BDE8F083159C002C95D106AEB4E7CC
:10438000736D002BCED1D1E730469847EDE730462C
:104390009047CBE7736D002BDBD1DDE7AA860120C8
:1043A000985C0120100D01200006012070320020D1
:1043B000CC3200204C320020D4B7002039660000F7
:1043C000397100003431002008B5054B1B7803B16A
:1043D00008BDFFF7DBF9BDE80840FFF74FBF00BF9E
:1043E000AA8601202DE9F043564B87B0564C06466D
:1043F00017460DF1040C0D4600930FCCACE80F00EE
:104400002368ACF8003025B15049304633F02CF920
:1044100010B907B0BDE8F0834D4C23780BB3DFB97A
:1044200001A833F02DFB014601A889B2FFF7C0FEB9
:1044300029463046FFF7BCFE684633F021FB0146B3
:10444000684689B2FFF7B4FE23788BB90023237046
:10445000337007B0BDE8F083FFF7E8FE0028E7D12E
:10446000DEE7FFF793F9FFF709FF002FD8D0F3E756
:10447000384F3D69002DE9D02B68DFF8E890DB6A02
:104480004B454DD1A86D18B131F038F80023AB651C
:104490002B6D002B40D005F1180028F021FDD7F836
:1044A0001080D8F80450013DC8F804508DBBD8F8EE
:1044B0000030DB6A4B453BD1D8F8580018B131F0D9
:1044C0001DF8C8F85850D8F8503063B308F11800F8
:1044D00028F006FD3D69E5B12B681F4A5B689342F1
:1044E0002DD11E4BA86D2B6018B131F007F80023B9
:1044F000AB652B6D05F11808EBB1404628F0F0FCD8
:10450000174B4046AB6028F0EBFC5C2128462AF0B4
:1045100031FF00233B6199E76B6D002BBBD1BEE7F8
:1045200028469847BBE7D8F85430002BCED1D1E7C6
:1045300040469847CEE76B6D002BDED1E0E728467A
:104540009847E6E77C0D0A00E8A60020BC81012020
:10455000AA860120D4B700203971000070320020F3
:10456000343100203966000010B50E4B84B00E4C7B
:1045700093E8070001AB03C3100C23F8022B21784A
:10458000187000238DF80F3031B901220A2101A8DB
:10459000FFF728FF04B010BD044A01AB07CA03C3EC
:1045A0001A80F2E74C060020CB860120FCA60020F2
:1045B000094B93E8030000B587B00346074904A8F8
:1045C000039333F0BBF90122052103A8FFF70AFF8B
:1045D00007B05DF804FB00BF08A7002078BE0020EC
:1045E00010B58EB00C480D4B2D2101AC0C4A1B6848
:1045F0000090204631F03EFC204633F041FA6946F7
:10460000204432F08BFF014600222046091B89B26C
:10461000FFF7E8FE0EB010BD206D7300DCD7002060
:1046200010A700202DE9F0414B4A98B020244B4FB1
:1046300004AB0E940AAC07CA03C300211A800FA86A
:10464000242232F081FE464B0FCB07C44549464A2F
:10465000B1F80080238001AB0EAC07CA03C31A7007
:1046600007A8A7FB0835414B002269091E880D46A3
:10467000FFF738F804AA2346C5EB051507CAA8EBCF
:1046800085080AAD03C307A91A700DF1410032F085
:1046900045FF034607CD9A602A8801AD186007A838
:1046A00059601FFA88F19A810022FFF71BF8204613
:1046B00033F0E6F907A9204432F030FF0346A0EBBF
:1046C000040C002203CD0CF1080C59602978186005
:1046D000204619721FFA8CF1FFF784FEA7FB0637FC
:1046E000234A23467D0907CA03C32946C5EB05159E
:1046F0001A8007A80022A6EB8506FEF7F3FF0AAD95
:10470000204633F0BDF907A9204432F007FF0346E5
:1047100007CD9A602A88186007A85960B1B29A81BB
:104720000022FEF7DFFF204633F0AAF907A9204454
:1047300032F0F4FE01AA034603CA15781A1B596029
:1047400002F1080118600022204689B21D72FFF7AD
:1047500049FE18B0BDE8F08130A70020898888881C
:104760003CA70020328601204CA70020348601207F
:1047700024A7002010B5202396B01E4C0A930DF1FB
:10478000100C0FCCACE80F0094E8030029221A4C5F
:104790004CF8040B0BA88CF80010002132F0D4FD6B
:1047A000164B002293E80300154B029002A88DF8E7
:1047B0000C1021780AAC0193FEF794FF0DF1100E56
:1047C000A446BEE80F00ACE80F00DEF8003002A9F6
:1047D0000FA8CCF8003032F0A1FE0346204600229C
:1047E000191B019C03311C6089B2FFF7FBFD16B059
:1047F00010BD00BF58A70020F6CC002070A70020F5
:10480000206D730010B50A4C86B00FCCEC46ACE8B6
:104810000F0094E803004CF8040B0B0C68462CF8CE
:10482000021B8CF8003008F06FFF06B010BD00BF0F
:1048300078A7002010B5084C86B00FCCEC46ACE849
:104840000F0094E803004CF8040B68468CF8001045
:1048500008F05AFF06B010BD90A7002010B5094C13
:1048600088B00FCC0DF1040CACE80F0094E8070001
:10487000ACE8030001A88CF8002008F045FF08B060
:1048800010BD00BFA8A7002010B50A4C88B00FCCFF
:104890000DF1040CACE80F0094E80700ACE803004D
:1048A0001921ACF8002001A80022FFF79BFD08B0F9
:1048B00010BD00BFC4A7002010B58CB0134A044639
:1048C0000DF1040E0DF1100C07CA734603C3104915
:1048D0001A70634607C903C31A8007AB6CB19C46C4
:1048E0009EE80700ACE803008CF8002001220921B3
:1048F0001846FFF777FD0CB010BD9CE807009C46FA
:10490000ACE80300ACF80020F0E700BFE0A700200F
:10491000ECA7002000B5074A85B007CA01AB83E8C1
:10492000070001220B211846FFF75CFD05B05DF87A
:1049300004FB00BFF8A70020194B1A4A00B593E802
:104940000300137889B02C2B0390ADF8101004D815
:10495000154B1968B1F57A7F02D909B05DF804FBEF
:10496000002201A8FEF7BEFE03AB93E8030005900A
:104970000DF119008DF8181001A932F0DFFF0122A6
:10498000082105A8FFF72EFD084B1B78002BE4D06B
:1049900009F024FA09F05AFA09B05DF804FB00BFE7
:1049A00004A8002085860120D47A01209586012064
:1049B000354B70B51B788CB02D2B5CD0334B1B68FE
:1049C000002B34D1324B0421324E00221D68324C70
:1049D000013530681D6001E034F8021F814202F1A8
:1049E000010341D80A2B1A46F6D12C4A936A0133A7
:1049F00093622B4A1368034413602A4AB3FBF5F50C
:104A0000294B15601B78984203D3284B1B78002B49
:104A100036D1274B1A68824238BF1860254B1A6876
:104A2000824200D91860002333600CB070BD224A66
:104A300012689342C6D9174E1B4A336812789A42BD
:104A4000F1D81A4A1278002AEDD01C4A3021684663
:104A500031F010FA684633F013F801460122684637
:104A600089B2FFF7BFFCDEE70C4951F82230013371
:104A700041F82230BDE7074E002333600CB070BD13
:104A8000FFF75AFF3068C4E785860120E8D7002089
:104A9000E0D70020D47A0120B62D0020F8D70020DE
:104AA00028D80020DCD70020F6CC0020D9860120B1
:104AB000E4D7002040B70020E48501200CA80020A6
:104AC00010B58EB00C480D4B2D2101AC0C4A1B6863
:104AD0000090204631F0CEF9204632F0D1FF6946F1
:104AE000204432F01BFD014600222046091B89B2FA
:104AF000FFF778FC0EB010BD206D7300E4D70020E6
:104B00003CA80020F0B51D4B8BB01D4F1D4E07ADCE
:104B10003C7893E8070001AB022C03C31A491A70D2
:104B200004AB07C903C31A8096E8070085E80700AD
:104B300004D05CB1012C15D00BB0F0BD012201A84E
:104B40000821FFF74FFC3C78002CF3D104A832F089
:104B500097FF0146012204A889B2FFF743FC3C7885
:104B6000012CE9D1284632F08BFF01462246284627
:104B700089B2FFF737FC0BB0F0BD00BF50A8002092
:104B8000798601205CA8002068A8002030B51A4B67
:104B900095B00FCB01AC0AAD07C4242200210BA8AD
:104BA000238032F0D1FB01AB2C460FCB07C4134955
:104BB0000DF13500237032F0B1FC01460122284688
:104BC000491B0F4C89B2FFF70DFCFFF7D3FD08F02E
:104BD000FFFD08F0B9FD0B4B0DF1140C1D680FCC57
:104BE000ACE80F002368294605A8ACF8003009F0AE
:104BF000C9F915B030BD00BF74A8002034B800203A
:104C0000201D0020E4850120F0B59DB0454E2422F2
:104C1000002106A86C4632F097FB05AFEC463D46F6
:104C20000FCE0FC43368404E24F8023B1B0C237098
:104C30000FACBCE80F000FC5DCF800300DF126000A
:104C40003A492B8032F06AFCC11B0122384689B2F6
:104C5000374DFFF7C7FB374BD6F800C01F680FCDA5
:104C60000FC42B68ACEB07010FA8237009F08AF979
:104C700008F0E8FE09F086F808F076FF08F0BCFFBF
:104C800009F002F809F038F809F04CF9FFF7CAFC0E
:104C9000294BD3ED007AF5EEC07AF1EE10FA01DD82
:104CA00008F034FF254B1B78002B37D1FFF708FFA6
:104CB000234DFFF795FC0FAC08F0AAFC214B224ACC
:104CC0002D211B680FA831F0D5F80FA832F0D8FEBF
:104CD000014600220FA889B2FFF784FB08F078FD97
:104CE00008F032FD36680FCD0FC42B6831460FA88F
:104CF0002380164C09F046F90DF13C0C0FCCACE8C2
:104D00000F0094E80700ACE803001921ACF800207C
:104D10000FA80022FFF766FB1DB0F0BD08F0E4FD10
:104D2000C4E700BF84A80020E485012034B8002037
:104D3000BC230020D8DA0020200501209586012020
:104D4000201D0020E87A0120B4220020C4A7002002
:104D5000144810B58EB008F0EDFB134BD3F8840463
:104D600050B1002401460123104A6846009426F001
:104D700091FA88B90EB010BDD3F888140029F9D083
:104D80000C900123094A684624F0FEFE0028F1D069
:104D9000684624F05DFFEDE7684627F081FB0EB022
:104DA00010BD00BF985C0120FC050120100D012002
:104DB0002D4B1B7813B12D4B1B7803B970472C4931
:104DC0002C4A2D4B2DE9F0410F789EB02B4C3B44E3
:104DD00011AD92E803008DF8081013F8011C019042
:104DE0002846C1EBC10104EB410132F097FB294693
:104DF000044601A808F074FB90B107AE621B294677
:104E0000013230462AF01AFA304632F039FE0146B5
:104E10000122304689B2FFF7E5FA1EB0BDE8F08105
:104E20001749024605AB07AEA4EB050803C983E8A2
:104E3000030003CB2923206003A861603946ADF845
:104E40000030FEF74FFC08F10802294630462AF0F0
:104E5000F5F908F1070003A9304432F05FFBBDF813
:104E600000300380D0E700BF76860120B1860120A4
:104E7000DFCC002098A80020E0B5002000B400207E
:104E8000A0A8002008B50C4B1A7802B108BD012279
:104E90001A700BF0CBF9FEF77BFF08F02FFA08F041
:104EA00063F9FFF77FF808F0D1F908F0A9F9BDE838
:104EB0000840FEF749BD00BFF9CC00206449654AAF
:104EC000654BB2F800C02DE9F04108780CF1FF3CC9
:104ED000624F00EB0010624C034413F80C60614B0E
:104EE00007FB06F603445A3E13F80C505E4B4FEA9C
:104EF000E67E07FB05F503445A3D13F80C105B4BA7
:104F000007FB01F103445A3913F80C20584B07FBF7
:104F100002F2034457485A3A13F80C304FEAE57C42
:104F200007FB03F380FB06875A3B3E44CEEBE61EAD
:104F300080FB057635440EF28B1ECCEBE51C80FB26
:104F400001650D44C9170CF28B1CC1EBE51180FB08
:104F5000026580FB03601544D2171844DB1701F289
:104F60008B11C2EBE512C3EBE01340F2871002F2A3
:104F70008B12864503F28B13A8BF86468445A8BFD3
:104F800084468142A8BF01468242A8BF02468342AE
:104F9000A8BF0346BEF1270F9FED257BB8BF4FF09A
:104FA000270EBCF1270F84ED007BB8BF4FF0270C14
:104FB00007EE90EA2729B8EEE73B07EE90CAB8BFA4
:104FC0002721272AB8EEE74BB8BF272207EE901A11
:104FD000272BB8EEE75B07EE902AB8BF2723B8EE81
:104FE000E76B07EE903A14A3D3E90023B8EEE77B12
:104FF00013A1D1E90001C4E904231F4BC4E9060150
:1050000083ED003B00201D4983ED024B83ED045BE3
:1050100083ED066B83ED087B0BA3D3E90023C4E982
:105020000201C4E90823BDE8F08100BFAFF30080AE
:1050300000000000008041400000000000E06A40E5
:1050400000000000001073400000000000B0784035
:10505000DFCC00200C86012064EE002098FEFFFFCC
:10506000C8D400200CEE00205CD50020B4ED002058
:1050700034ED0020B7600BB6F0D4002000405F4054
:105080002DE9F04FDFF8B4B3ADF2D46D16F0EEFCBD
:10509000DBF800309BF80020002B00F03085B4498D
:1050A0000C680868B3490C60B3490860002A00F036
:1050B0003085120600F13785B04A0DF5497AB04BBC
:1050C0000DF54C790DF54F780DF5017E0DF5047C4D
:1050D000D2AFD5AED8AD92E80300AA4AADF82811F8
:1050E000499093E80300A84BADF85811090C55906E
:1050F0008DF85A1192E80300A44A0C0CADF8601127
:1051000057908DF862410DF5866493E80300FCAB7F
:10511000ADF830115AA94B90029107CAAAE80300D2
:10512000AAF800200DF50A7A994A07CA03C323F8A2
:10513000022B120C1A70974A07CAA9E80300A9F8B3
:1051400000200DF50D79944A07CAA8E80300A8F8D5
:1051500000200DF51078914A92E803006BAA82E8CE
:1051600003008F4A07CAAEE803008EF800208D4A7C
:105170000FCA07C48C4A23808C4C07CAACE80300D2
:105180008CF800208A4A92E803006DAA82E80300A6
:10519000884A07CA03C73A800DF58A67864A07CA54
:1051A00003C632800DF59066844A92E80300844A73
:1051B0008DF8D810359092E80300824A8DF8E010FF
:1051C000379092E80300804A8DF8E810399092E811
:1051D00003007E4A029B2E927D4A3B908DF8F01090
:1051E00092E803001980090C7A4B59908DF86A11E6
:1051F00093E80700784B03C52A80FFAD93E80700CA
:105200000DF2144383E80700492274490DF27450EB
:105210002AF014F8724B73491A6887ABADF8A020D6
:10522000120C8DF8A22007C903C36F490DF5C260A7
:105230001A705A222AF002F86C4A6FAB0DF5846E90
:105240000DF5886C92E803000A0CADF870115B90C4
:105250008DF8722160AA94E8030003920DF2A44431
:1052600083E803005EAB62A96148029304910FC812
:1052700086E80F005F48029B5F4E07C8AAE803005C
:105280005E488AF800200DF2CC4A03C81980090C48
:105290005D905B488DF87A1103C84D905948ADF880
:1052A00038112F9000F58070309000F580703190AB
:1052B00000F58070329000F580703390524802689B
:1052C0005248ADF8A420120C03685148ADF8A8303C
:1052D0001B0C8DF8A6208DF8AA3003C83D904D48D0
:1052E0008DF8F8100FC8AEE807004B488EF8003074
:1052F0000FC8ACE807004948ACF800300FC807C732
:105300003B80A5AF0FCE0FC445483368A2AE07C897
:1053100003C5444825F8022B120C24F8023B1B0C51
:105320002A709FAD039A23709CAC03C81180090CAE
:105330003D4A5F90049B8DF8821192E803003B4A3E
:1053400019800B0C61908DF88A31394B92E803007B
:1053500071AA82E8030093E80300364B8DF8001130
:105360003F9093E80700344BA9E8030068E000BFD2
:10537000E4850120C4D800200C0D012090A9002054
:1053800050A9002058A9002060A9002068A9002089
:1053900074A9002080A900208CA9002098A90020D1
:1053A000A0A90020ACA90020BCA90020C8A9002009
:1053B000D0A90020D8A90020E4A90020F0A900204D
:1053C000F8A9002000AA002008AA002074313100AA
:1053D00010AA002018AA002024AA002030AA002029
:1053E000402400207CAA002088AA0020E4AA0020F3
:1053F000ECAA0020FCAA002008AB00201CAB002077
:1054000024AB0020723273002CAB002030AB0020A4
:1054100034AB00203CAB00204CAB00205CAB002048
:105420006CAB002078AB002080AB002088AB002064
:10543000E02A002090AB00209CAB0020C05C012043
:1054400089F800200DF2E44993E80700A8E803007A
:10545000A0490DF5B86088F80020502229F0EEFE32
:1054600096A90494DBAC99A80DF55E7C0291A8A9DD
:105470000A94AEAC0390ABA80891EAA9CDF82CC071
:105480000DF5C87C1194B4AC0595E1AD0797E7AF75
:105490000990EDA80F91F6A9CDF84CC00DF5CC7C84
:1054A00018940DF592640C95F0AD0E97F3AF109033
:1054B000B1A8CDF850C00DF5D07C16910DF58E61D8
:1054C0001B940DF58C640696E4AE1295B7AD159756
:1054D0000DF597671790F9A8CDF868C00DF5D47C45
:1054E0001F94BAAC2091BDA90D9693AB19950DF2FE
:1054F0004C581C97C3AFCDF874C00DF5816E1E904B
:10550000C0A821940DF2FC4C2291C6A9724A0DF25A
:10551000145523900DF22C54259124976F4E07CAF1
:1055200003C31A706E4A029B07CA03C31A706D4AFE
:10553000039B07CA03C31A706B4A049B07CA03C3C1
:105540001A706A4A07CA059B03C31A70684A069B09
:1055500007CA03C31A70674A079B07CA03C31A70B6
:10556000654A089B07CA03C31A70644A099B07CAA5
:1055700003C31A70624A0A9B07CA03C31A80614AAE
:105580000B9B07CA03C31A805F4A0C9B07CA03C35D
:105590001A805E4A0D9B07CA03C31A805C4A0E9BA1
:1055A00007CA03C31A805B4A0F9B07CA03C31A804A
:1055B000594A109B07CA03C31A80584A119B07CA4D
:1055C00003C31A70564A129B3492564A07CA03C341
:1055D0001A80554A92E80300139A63905348118049
:1055E0000A0C149F8DF89221514A03C865900B0C48
:1055F000504839808DF89A3103C8ADF840114F906A
:1056000092E80300ADF8481151900FCEA8E80F00C2
:105610000FCEA8E80F0096E80300474A48F8040BAD
:10562000159BA8F800100DF5E678444E07CA03C391
:105630001A80434A169B07CA03C31A80414A92E85C
:105640000300414A88E8030092E803000DF5EA7878
:105650003E4A88E8030092E803000DF5EE783C4AE4
:1056600088E8030092E803000DF5F278394A179BA9
:1056700088E8030092E803000DF5F678364A88E8DA
:10568000030092E803000DF5FA78344A88E8030035
:1056900007CA03C31A700DF5FE78314A189B07CA72
:1056A00003C31A702F4A92E803002F4AADF8501135
:1056B000539092E803002D4A88E8030092E8030023
:1056C0002B4A4FF03F08199B8DF80811419007CAEB
:1056D00050E000BF58060020A8AB0020B4AB00206B
:1056E000DCAB0020E8AB0020F4AB002000AC0020D5
:1056F0000CAC002018AC002024AC002030AC002002
:105700003CAC002048AC002054AC002060AC002031
:105710006CAC002078AC002084AC002090AC002061
:10572000457870009CAC0020A8AC0020B0AC0020F4
:10573000B8AC0020C0AC0020C8AC0020D4AC002025
:10574000ECAC0020F8AC002000AD002008AD00203B
:1057500010AD002018AD002020AD002028AD0020A5
:1057600034AD002040AD002048AD002050AD0020F9
:1057700058AD002003C31A70A14A92E803001A9A98
:1057800067901180090C8DF8A2110FCEAAE80F00C6
:10579000D6E900019B4E4AF8040B8AF800100FCEA0
:1057A000A9E80F00D6E90001974E49F8040B89F8E3
:1057B0000010ADF89C800FCE37461B9E0FC63B688D
:1057C0001C9F3380914E0FCE0FC7914A91481168AC
:1057D000914A12680368ADF8B020120C3068ADF839
:1057E000AC10090C8DF8B2208C4A38608DF8AE10E0
:1057F000ADF8B4301B0C8A4F8DF8B63092E8030038
:10580000884A8DF81011439092E80300864A8DF87B
:105810001811459092E803001D9A69901180090CB7
:10582000824A8DF8AA1107CAAEE803002EF8022BAF
:10583000120C8EF800200FCFACE80F0097E80300A1
:105840007B4A4CF8040B2CF8021B090C1E9B8CF8AD
:1058500000101F9E07CA03C31A80764A0FCA07C6E4
:10586000324622F8023B1B0C1370734A0FCA209E6B
:1058700007C6724A26F8023B1B0C07CA3370219BED
:105880006F4E03C31A700FCE0FC596E8030045F89C
:10589000040B25F8021B090C29706A4D0FCD0FC4AB
:1058A00095E80F0007C4684A2370229B249F07CA0B
:1058B00003C31A70654A239B07CA03C31A70644A5C
:1058C00007CA03C73A70634A07CA259B03C31A7005
:1058D000614B93E803008DF820115946479045A885
:1058E00007F0FEFD0546002840F05A8169A8594698
:1058F00007F0F6FD0446002840F08A81CFA85946FB
:1059000007F0EEFD002800F3178141A8594607F083
:10591000E7FD002800F399816BA8594607F0E0FDE8
:10592000002800F3688153A8594607F0D9FD0028E4
:1059300000F3C9817FA8594607F0D2FD002800F383
:10594000B181AEA8454907F0CBFD002800F3DE8108
:10595000F6A8424907F0C4FD002800F3C981F3A866
:105960003E4907F0BDFD002800F3328273A83B4991
:1059700007F0B6FD002801F3AC8075A8374907F0A1
:10598000AFFD002801F3398179A8344907F0A8FD5B
:10599000002801F3238177A8304907F0A1FD0028F2
:1059A00001F318817DA82D4907F09AFD002801F325
:1059B0000D817BA8294907F093FD002801F302819E
:1059C000B4A8264907F08CFD002801F3F780B1A8A0
:1059D000224907F085FD002800F33A8251A81F49AB
:1059E00007F07EFD002840F301829BF80530002B74
:1059F00042D01B480DF251510522002434E000BF73
:105A000064AD00206CAD002084AD002098AD002076
:105A1000ACAD0020E0240020B0AD0020B4AD0020EB
:105A2000BCAD0020D4AD0020DCAD0020E4AD0020F2
:105A3000F0AD0020FCAD00200CAE00201CAE00201C
:105A400028AE002040AE002060AE00206CAE0020EA
:105A500078AE002084AE0020A0A60020C05C01200B
:105A6000C55C01201E2A07D00B70013210F8013FDF
:105A700001F8014F002BF5D147A8AD49AD4D07F016
:105A80002FFD002841F0C880AB4C0DF24C500CF0BB
:105A900045F82378022B2B7001F05C802B780C2BBF
:105AA00001F070802B780D2B01F068802B78052B8E
:105AB00001F05C802B78152B01F054802B78092B9A
:105AC00001F068802B78252B01F060802B78032B68
:105AD00001F064802B78062B01F030802B78012BAD
:105AE00041F213802B78172B01F00B802B78342B8D
:105AF00001F003801F2B00F0FB8718F013F94FF41F
:105B0000805200218D480DF2D46DBDE8F04F31F088
:105B10001BBCB3F5804F4FEA2322F0D2884B53F8D9
:105B200022309847EBE703F07F034F2BE7D8854AF5
:105B300052F823309847E2E77E4D21464FF48052D9
:105B4000584631F001FC2B787F4C062B00F0A680E4
:105B50007E4B1B78002B4BD014F07CFD7C4B7D4999
:105B60001B682068023B7C4A0B80431E00215A2B95
:105B7000116001D815F034FB072478482C700BF025
:105B8000CDFF0021764B4FF480526C482C70196089
:105B900031F0DAFB0EF0E4FC0DF2D46DBDE8F08FCD
:105BA0002DA81AF0EBFD4FF6FF7398420DD100249B
:105BB000054601E0182C08DC0A2001340BF03EFFFA
:105BC0002DA81AF0DBFDA842F4D0431E654D664CAB
:105BD0002BA8DBB20F2B88BF0023E95C23707F3931
:105BE0000EF05EFA23782CA8E95C0EF059FA86E7ED
:105BF00014F052FCB0E75D480BF090FF1F224D4BB4
:105C00001A700EF0ADFC4FF48052214658467AE7E8
:105C10002BA81AF0B3FD4FF6FF7398420CD104463F
:105C200001E0182D08DC0A2001350BF007FF2BA836
:105C30001AF0A4FDA042F4D04B4B7F30494C4FF4F6
:105C400080521B780021E0545CE7494BFF2449480F
:105C50000021494A1B7804701160002B3FF44FAFBC
:105C6000464B1B78002B3FF44AAF454C2278F92A6B
:105C70003FF645AF531C43490320DBB2FA2B21F812
:105C8000130009D0931CDBB2FA2B21F8130003D0C8
:105C90000244D3B221F81300237030E7206817F0D4
:105CA0006BF855E7384A00233848146838490460CF
:105CB000384A0968384C394811604FF48052002145
:105CC000236003601EE70AF0ABFC354B1A7802EB49
:105CD000820303EB8303DB00002A3FF410AF31495A
:105CE0000122C72CD8BF62540134A342F9D106E780
:105CF0002D4823F02FFA00283FF401AF0023FF20A6
:105D00001A46194600930AF0DDFEF8E6094B0E2408
:105D10009BF8092018781C70A2F1210306495D2B1D
:105D2000087052D80023024920481C4642E000BFB8
:105D3000985C012085860120CE860120C05C012070
:105D4000CCB900208CB800205CB80020B2860120BD
:105D5000D00A01201C86012098D7002054CC0020B6
:105D600080D90020645C012008CD0020F8CB002001
:105D7000B186012092860120CCD7002076860120B2
:105D8000BA8601203802012028050120BCD8002055
:105D9000B4D70020C0D70020D4D700202005012090
:105DA000E5CC002050010120EC850120C95C0120D8
:105DB0000F2B0AD00A70013310F8012FDBB201F863
:105DC000014FA2F121055D2DF2D914F055F996E6A7
:105DD000A34823F0BFF900283FF491AE002301202F
:105DE0001A46194600930AF06DFE88E663A89D499D
:105DF00007F076FB002800F32186F0A8994907F008
:105E00006FFB002827DD9BF809304BB1964A002034
:105E10009649137011F8013F02F8010F002BF8D1D9
:105E2000934B0DF5CE609049CDF86C3631F076FB92
:105E30004822904929F002FA0DF26C618E480DF06B
:105E400047FF0146002840F040864FF4805259E653
:105E50000AF0C2FE53E68DA8824907F041FB0028F4
:105E600017DD864B1B7823B1854B1B78002B40F048
:105E700090850DF2145183480DF062FF4FF480526B
:105E80000021784831F060FA0DF58E600BF046FE87
:105E900082E690A8734907F023FB002800F36D8584
:105EA0000DF58A606F4907F01BFB002800F3B480F2
:105EB0000DF588606B4907F013FB002801DD20F029
:105EC00031F9FFA8674907F00BFB002815DD6C4B83
:105ED0001B783BB10DF22C516B480DF0F9FE0146D9
:105EE0000028B2D069480BF019FE694B10221A70D5
:105EF0000FF066F80EF034FB01E65A4993A807F05C
:105F0000EFFA011E00F33385564996A807F0E8FA28
:105F1000011E00F32685534999A807F0E1FA011EF6
:105F200000F319854F499CA807F0DAFA011E00F327
:105F30000C854C499FA807F0D3FA011E00F3FF849B
:105F40004849A2A807F0CCFA011E00F3F2844549A3
:105F5000A5A807F0C5FA011E00F3E5844149A8A8E9
:105F600007F0BEFA011E00F3D8843E49ABA807F043
:105F7000B7FA011E00F3CB843A49DBA807F0B0FA68
:105F8000011E00F3BE843749DEA807F0A9FA011EFE
:105F900000F3B1843349E1A807F0A2FA011E00F32F
:105FA000A4843049E4A807F09BFA011E00F397840B
:105FB0002C49E7A807F094FA011E00F38A842949C6
:105FC000EAA807F08DFA011E00F37D842549EDA8AB
:105FD00007F086FA011E00F3708471A8214907F0CA
:105FE0007FFA002800F365840DF584601D4907F0F1
:105FF00077FA0446002840F050840DF58660194970
:1060000007F06EFA002851D0224B1B78ABB1224921
:1060100022480DF095FE72E50AF0C2F820491C4BAB
:106020000D2204460DF2A4401A700C700BF076FDA0
:106030000FF046FA0EF094FA61E51A480BF06EFD87
:10604000194BF222013423F8022B102CFAD1104BF9
:1060500006244FF48052002102481C7053E500BF13
:10606000EC850120C05C0120385C0120C95C012066
:1060700049732027A8A800209CCB00207686012009
:10608000B186012004CB0020F8CB002058CB0020A3
:1060900085860120A7860120F0A8002054CC00208E
:1060A000D3860120CCCA00200C5C01205FA8AA493D
:1060B00007F016FA0546002840F0AF8361A8A6490C
:1060C00007F00EFA031E00F3BB82B7A8A24907F03F
:1060D00007FA002800F37C828AA89F4907F000FA9B
:1060E000002800F317824DA89B4907F0F9F9002812
:1060F00000F3CD8184A8984907F0F2F9002800F355
:1061000072836DA8944907F0EBF9002800F34B83E4
:1061100049A8914907F0E4F9002800F36883C9A869
:106120008D4907F0DDF90446002840F0A181FCA864
:10613000894907F0D5F9002840F0848159A886499B
:1061400007F0CEF9002840F07781D2A8824907F005
:10615000C7F9002840F04F81D5A87F4907F0C0F962
:106160000546002840F01C81CCA87B4907F0B8F90F
:106170000446002840F0E78081A8774907F0B0F98D
:10618000002840F0D48035A8734907F0A9F9002809
:1061900040F0CB8037A8704907F0A2F9002840F002
:1061A000C28039A86C4907F09BF9002840F0B980FB
:1061B0003BA8694907F094F9002840F0A9804BA852
:1061C000654907F08DF900284AD155A8624907F0C2
:1061D00087F9002805DD07305F4904F06FFD5F4B4C
:1061E000188057A85C4907F07BF900286EDC5C4DED
:1061F0002B78002B46D15B49574831F035FA0446DD
:1062000000287FF47CAC1422574958482AF0F0F952
:10621000564828F089FC14F037FD16F01BFA544A52
:10622000544B92E8030083E8030014F013FA06F0DD
:106230005FFF012306220DF274512B702EA84E4BE6
:106240001A700CF0DBFA87A928A80CF0D7FA4FF4E3
:1062500080522146404831F077F814F015FD9BE458
:10626000464B3224464A1B78464903EB0313464803
:10627000128818440B44013A02218454995403F0C3
:10628000B7F989E4012B2CD0022B7FF438AC3549C7
:10629000314831F0E9F9044600287FF430AC287029
:1062A00014F072FC14F0D6F917F018FD6FA928A8A5
:1062B0000CF0A4FA0DF590612EA80CF09FFA334B68
:1062C0004FF48052214624481C601CE422490730C8
:1062D00004F0F4FC2E4B188009F0EAFF03F088F973
:1062E0005AE420491C4831F0BFF900287FF407AC7C
:1062F000022306220DF5C2612EA82B701E4B1A70C8
:106300000CF07CFA5BA928A80CF078FAFFF7F7BB31
:1063100004231A491F4A0B7013700EF021F9FFF77E
:10632000EEBB0323F5E70223F3E70123F1E7124A6B
:106330000921194B11701C6004F03EFB17480BF04B
:10634000EDFBFFF7DCBB0C4B02244FF480522946D7
:1063500001481C70FFF7D7BBC05C01204C860120B0
:10636000848601202CA9002038A90020D0BD00205F
:10637000ACB6002070BE002085860120DFCC002056
:106380000C860120ECD800202CD7002080D90020DA
:106390004E860120FDCC002078D90020F4CA0020D0
:1063A000B04B0322B04CD8A8B04D1A7026781AF022
:1063B000A5FA2A78C3B29A4223703AD0BDA80BF04E
:1063C000ADFBC0A80BF0AAFB237826702B700CF055
:1063D000EFFCA74B186815F0C3FA2B7823700EF06A
:1063E0003FFAC3A80BF09AFBC6A80BF097FB0CF082
:1063F00093FCFFF784BB9F480BF090FB994B032263
:106400001A700EF0ADF8984B1A780AB901221A707A
:106410001978D8A8954B19700DF042FE0EF020FAAD
:1064200064200BF00BFB1BF0D7FE0CF075FCFFF7A4
:1064300066BB0CF0BDFCDAE70CF0A6F819F09EF98B
:10644000FFF75DBB8C480BF069FB8C4BF2220134EB
:1064500023F8022B102CFAD1824B012286481A70A5
:106460000BF05CFB0EF07CF80EF0AAFDFFF747BBCB
:106470007C4B4FF48052294681481D7030F064FFF8
:10648000804BFA221A700EF06BF8FFF738BB2FA87A
:106490001AF034FA012802D17B4B02221A7030A87C
:1064A0001AF02CFA012802D1774B03221A7031A876
:1064B0001AF024FA012802D1734B04221A7032A870
:1064C0001AF01CFA012802D16F4B05221A7033A86A
:1064D0001AF014FA012802D16B4B06221A703DA85B
:1064E0001AF00CFA012802D1674B0C221A7029A865
:1064F0001AF004FA012802D1644B00221A702AA86B
:106500001AF0FCF9012801D1604B187016F07CF8E4
:10651000FFF7F5BA5E480BF001FB29462FA85A4C4D
:106520000DF0BEFD294630A80DF0BAFD294631A870
:106530000DF0B6FD294632A80DF0B2FD294633A86C
:106540000DF0AEFD29463DA80DF0AAFD294629A86B
:106550000DF0A6FD29462AA80DF0A2FD2378022BF6
:1065600003D12FA801210DF09BFD2378032B03D12C
:1065700030A801210DF094FD2378042B03D131A81C
:1065800001210DF08DFD2378052B03D132A80121C7
:106590000DF086FD2378062B03D133A801210DF0E1
:1065A0007FFD23780C2B03D101213DA80DF078FD50
:1065B000364B01211B78002B4FD02AA80DF070FD1F
:1065C0004FF4805200212E4830F0BEFEFFF7E2BAB1
:1065D000304C314F31481AF009F8208030481AF019
:1065E00005F838802F481AF001F82F4E034667A8A7
:1065F000338019F0FBFF318803462C4E0DF2CC405E
:1066000033800DF04DFD39880DF2E4400DF048FD6A
:1066100031880DF592600DF043FD21880DF59760EE
:106620000DF03EFD14F016F80E4B072220481A70AC
:106630000BF074FA1F4B1D600DF092FFFFF75FBA6D
:1066400004331D4E0BEB030414F8010FB0B32EF00E
:1066500043FF307006F8015FF6E729A80DF020FD32
:10666000AEE700BF85860120AD860120F1CC002079
:106670005CB8002078CB00201CCC00200C5C0120F2
:10668000C05C0120FDCC002000CD0020D48601207C
:106690008CCC0020B8CC0020B6CC00200CA9002067
:1066A00018A9002024A90020B2CC0020BECC0020D4
:1066B00054CC002080D90020385C01200DF5816287
:1066C0000DF26C6307CA03C3C7490DF276601A80E6
:1066D00030F024FFBDF89C300DF26C610380C3489C
:1066E0000DF0F6FA00283FF40AAA0DF58C600BF0C5
:1066F00015FA0A200BF0A2F90521BAA80DF0D0FC7A
:106700000A200BF09BF9BA493FA806F0E9FE18B938
:106710003FA9B74830F06AFE0123B64D0A21BAA856
:10672000B54C2B700DF0BCFC0A200BF087F92378D8
:106730000BB104F0B9F8012016F01EFB3221BAA803
:106740000DF0AEFC0A200BF079F900232B702378B2
:106750000BB104F0A9F84B21BAA80DF0A1FC0A2056
:106760000BF06CF915F050FF23780BB104F09CF896
:106770000DF0F6FE6421BAA80DF092FC0A200BF091
:106780005DF90DF58E600BF0C9F90FF0DDF99B4B4B
:106790001B780BB118F02EFB96200BF04FF919F077
:1067A00067FDFFF7ACB9964A5021964B127802EB81
:1067B000021203EB8203013543F8041B102DFAD1BA
:1067C000914B1B78002B3FF49AA9904B0F2150223C
:1067D000013943F8042F5A64C3F88820C3F8CC2049
:1067E000F6D1FFF78CB90EF01DFFFFF7D5B909F010
:1067F000D7FC874A874B1080022287481A700BF01B
:106800008DF901F033FF01F039FE0DF0A9FE2946A4
:106810005DA80DF045FCFFF772B909F077FFF9AA02
:106820000DF2FC437249009270486F4A0AF036FD3F
:1068300098B97A4B93E80300794B1860197109F005
:1068400009F8784A784B92E803000A0C186099809E
:106850009A711CF02BFEFFF752B909F085FF6448CE
:1068600008F004FCB0B10DF581620DF26C6307CA4B
:1068700003C35F490DF276601A8030F04FFEBDF819
:106880009C2003460DF26C6158481A800DF020FAE6
:106890000028CED018F0D4FACBE764480BF03EF9CC
:1068A0000DF034F85B4B0C221A700DF059FEFFF717
:1068B00026B91CF0A3FEFFF76FB90831102015F0C0
:1068C0009FF8FFF71CB908310F2015F099F8FFF772
:1068D00016B908310E2015F093F8FFF710B90831FA
:1068E0000D2015F08DF8FFF70AB908310C2015F0CE
:1068F00087F8FFF704B908310B2015F081F8FFF78E
:10690000FEB808310A2015F07BF8FFF7F8B8073118
:10691000092015F075F8FFF7F2B80731082015F0D7
:106920006FF8FFF7ECB80731072015F069F8FFF7AB
:10693000E6B80731062015F063F8FFF7E0B8073135
:10694000052015F05DF8FFF7DAB80731042015F0DF
:1069500057F8FFF7D4B80731032015F051F8FFF7C7
:10696000CEB80731022015F04BF8FFF7C8B8073151
:10697000012015F045F8FFF7C2B82D480BF0CEF80E
:10698000244B11221A700EF01BFB0DF0E9FDFFF7EE
:10699000B6B80DF5B864274E00250DF58C600BF0E8
:1069A000BDF82046053419F0A9FF00384FEA25113B
:1069B00005F1640518BF012006F8010BBAA80DF017
:1069C0006FFBB5F5C86FECD16421BAA80DF068FB78
:1069D000012006F067F84FF480520021164830F08D
:1069E000B3FCFFF751BA00BF34B800209CCB0020A5
:1069F000385C0120D2860120B28601208D860120DC
:106A0000DFCC0020107B0120E6CC0020507B012051
:106A10000C8601208586012048CB0020E02A00203A
:106A2000B0EC002004A90020A8ED002040CC0020FC
:106A300004CB002084D70020C05C012034A87C4D0A
:106A400019F05CFF002834D17A4C65A819F056FF84
:106A500048B12A78784B02EB02121344228813447F
:106A6000012203F8012C4FA819F048FF48B12A78F9
:106A7000714B02EB02122188134400220B4403F8ED
:106A8000012C43A819F03AFF2A786C4B02EB021153
:106A9000258800F132044FF480520B4468480021ED
:106AA0002B4403F8014C30F04FFC02F0A1FDFFF73E
:106AB00073B82A780221604B02EB02125D4C13443A
:106AC0002288134403F8011CBFE718F0F7FEFFF714
:106AD00016B85C4822F03EFB00283FF410A80023C3
:106AE000FF211A461846009309F0ECFFFFF707B89C
:106AF00055480BF013F8FFF74FB81CF0ABFFFEF74B
:106B0000FEBF17F00FF9FEF7F1BF504BF22103F172
:106B1000200223F8021F9342FBD102F081FB2B7865
:106B2000002B7EF4DFAF4A4901204A4A08701380E7
:106B30000FF00AF817F0F6F8FEF7D4BF434BF22136
:106B400003F1200223F8021F9342FBD102F068FBFD
:106B5000FEF7C4BF02F04CFD00215DA80DF0A0FAC5
:106B6000FEF79CBF0EF062FFFEF7A8BF3A4B0DF296
:106B7000144019680DF094FAFEF79CBF0EF0A0FCCB
:106B8000FEF794BF0CF0C2FEFEF78CBF17F0ECFBD3
:106B9000FEF79CBF03F010FFFEF794BF2F4B1A784F
:106BA0000AB901221A702E4A21241978D8A8147023
:106BB0000DF076FA0DF054FEFEF78CBF0AF022F8C5
:106BC000FEF79DBF0AF034F8FEF799BF0AF044F8CB
:106BD000FEF795BF09F0EAFFFEF791BF194822F0D2
:106BE000B9FA00283EF48BAF0023FF22194618465D
:106BF000009309F067FFFEF782BF124822F0AAFA5D
:106C000000283EF47CAF002301211A461846009369
:106C100009F058FFFEF773BF0923124C12490DF219
:106C20004C502B70237030F089FEFEF72EBF00BF52
:106C3000DFCC00200C860120ECD800202CD70020CF
:106C4000C05C0120EC850120F8CB00200A5C01200B
:106C50008E860120128601205CB80020AD860120BE
:106C6000F1CC0020CE860120F4CA00202DE9F04F9F
:106C70009C4C89B09C4923786279DB090A7001D069
:106C8000522A52D9994B1B781BB9994B1B78002B70
:106C900057D02378262B45D8DFE813F05800460458
:106CA0003B0431042704A4049F04F200DD00B80073
:106CB000A400CC008B005D002700D0042304E20276
:106CC0007002EC02E001760457043803F802020473
:106CD0007101920150010D01F700C801B701A6032F
:106CE0008F0375036B0357033F03824B1B78CBB1B4
:106CF00061780023A27861F30703E578207962F3D5
:106D00000F237D497D4A65F3174392ED007A60F3C6
:106D10001F6307EE903A0B60B4EEE77AF1EE10FADB
:106D200000D5136009B0BDE8F08F7549754B09684F
:106D30008A5C1A70FCF7BAFE237803F07F03237095
:106D4000A0E709B0BDE8F04F0AF00CBD09B0BDE8FE
:106D5000F04F17F05DBA674B1B78002BE2D06278DA
:106D60000023A17862F30703E078227961F30F230F
:106D70006549DFED666A60F3174391ED007A62F3CF
:106D80001F6307EE903A624B77EEC77AF4EEE67A2D
:106D9000F1EE10FA00F11C86C3ED007A5D4B93ED25
:106DA000007AB4EEE77AF1EE10FABBD5C3ED007AC3
:106DB000B8E761780023A27861F30703E0782179CE
:106DC00062F30F234B4A60F3174361F31F6307EE2F
:106DD000903AF5EE407AF1EE10FA14BF0123002349
:106DE00013709FE7434B1B78002B9BD061780023E7
:106DF000A27861F30703E078217962F30F23464A12
:106E000060F3174361F31F6313608BE7394B1B7803
:106E1000002B87D061780023A27861F30703E07824
:106E2000217962F30F233D4A60F3174361F31F6337
:106E3000136077E72F4B1B78002B3FF473AF61781B
:106E40000023A27861F30703E578207962F30F232A
:106E50003349344A57E7274B1B78002B3FF462AF86
:106E600061780023A27861F30703E078217962F367
:106E70000F232D4A60F3174361F31F63136051E73B
:106E800009B0BDE8F04F04F0F9B9284B1B78002B8E
:106E900040F00284264B1B78002B40F0F883254BF2
:106EA0001B78002B3FF43EAF2A21262009B0BDE815
:106EB000F04F0EF043B81D4B1B78002B40F08A8436
:106EC0001B4B1B78002B40F040841B4B1B78002B86
:106ED00040F0A584174B1B78002B3FF423AF2621ED
:106EE0002220E3E718D50020EE860120B18601209C
:106EF000A786012095860120BCD70020CCD7002092
:106F0000E4C20020B6860120C0D7002000000000A7
:106F1000B4D70020D4D70020B0D70020C8D7002095
:106F2000D8D70020D0D70020C4D70020C3860120A6
:106F3000C2860120C0860120C1860120794B1B78C2
:106F4000002B40F0DD83784B1B78002B40F0D3837F
:106F5000764B1B78002B40F0C983754B1B78002BB8
:106F600040F0BF83734B1B78002B40F09B84724B27
:106F70001B78002B3FF4D6AE22211E2096E7694BEA
:106F80001B78002B40F06984674B1B78002B40F086
:106F90005E84664B1B78002B40F05384644B1B7857
:106FA000002B40F04884634B1B78002B40F03D845D
:106FB000614B1B78002B3FF4B5AE1A21162075E704
:106FC000584B1B78002B40F0DE845A4C2378002B62
:106FD00040F0D384544B1B78002B40F0C884534BB3
:106FE0001B78002B40F0BD84514B1B78002B40F0E8
:106FF00065842378002B40F05B844F4B1B78002B7B
:107000003FF490AE1E211A2050E7464B1B78002B10
:1070100040F09284464B1B78002B3FF483AE1A213C
:10702000182009B0BDE8F04F0DF032BE434B1B787D
:10703000002B7FF477AE404B1B78002B7FF472AEB1
:107040006278022A00F2CA843D4B11461A703D4B09
:107050003D4A03EB81031B68136063E63A4BD3EDB3
:10706000007AF5EE407AF1EE10FA3FF45BAE61780B
:107070000023A27861F30703E078217962F30F23FC
:107080004FF6FE7260F3174361F31F6393423FF6BE
:1070900049AE2E4907EE903A9FED2D6A0B88F8EE27
:1070A000E77ADFED2C6A07EE103A2B482B4CB8EE4E
:1070B000C77A056827EE067AA7EEA67AFCEEC77AAD
:1070C00017EE903A9AB20A80AA42254913462260E6
:1070D000097888BF026000297FF424AE214D28780A
:1070E000002840F0808411461F48204C0588246801
:1070F000491B0029B8BF494202291D4905DC0D681A
:10710000651BB5F57A7F7FF60DAE028002A80C6094
:107110001821184A2EF0AEFE02A917480BF06EFB9C
:1071200000E600BFC3860120C5860120C486012079
:10713000C2860120C1860120C086012074860120FC
:10714000C9860120ACBB0020F40501205486012033
:10715000AE47613F8FC2F53D98ED0020F805012054
:1071600085860120EECC00205C860120E48501208C
:10717000F0800120A4AE0020ACAE0020A178A44B8A
:10718000A44D94F803C01970A34B6078A34AA44C93
:10719000A44F83F800C02B7894F800A03B706C7863
:1071A000A14F1070AA7995F803902E791E3A3C7081
:1071B00095F802E0D2B29D4FB245DFF8D88287F849
:1071C00000E088F800906D79DFF8CC82DFF8CC928F
:1071D000974F88F8006089F800503A7004D0954EB7
:1071E0004FF0000B86F800B0934E3678AE4204D0D4
:1071F000904D4FF0000B85F800B0A14202D08D4CAD
:1072000000252570F44502D08A4C002525708B4C52
:107210002478944202D0874A00251570C31A002BA7
:10722000B8BF5B42052B864B1B7840F31D82814D16
:1072300000222A70002B3FF475AD7A4B88F800A02D
:107240001870794B89F800601970784B83F800C08A
:10725000774B1C7001242C7038F096FE2C7061E581
:10726000754BA178657819706D48E278734B05709D
:107270001A7057E561780023A27861F30703E57877
:10728000207962F30F236F496F4A3CE56178002350
:10729000A27861F30703E078217962F30F23DFED31
:1072A0006B7A6B4A60F3174361F31F6307EE103A82
:1072B0001360B4EEE77AF1EE10FA7FF733ADDFED4D
:1072C000657AB4EEE77AF1EE10FA7FF52BAD624CF9
:1072D0000A21624AD4ED007A6148F4EEC77AF1EEF1
:1072E00010FA48BF84ED007AB7EEC77A8DED007BC7
:1072F0002EF0C0FD94ED007A584A0A21B7EEC77A05
:1073000058488DED007B2EF0B5FD0BE56378062B1C
:1073100000F2B381544A137004E561780023A27827
:1073200061F30703E078217962F30F2342F21072D0
:1073300060F3174361F31F6393423FF6F3AC4B4A8C
:107340004B49126813440B60ECE461780023A27887
:1073500061F30703E078454962F30F232479454A36
:1073600060F317430868444964F31F6308601360BF
:10737000D8E460780023A17860F307033F4A61F303
:107380000F231380CEE43E4B1A78002A7FF4CAAC58
:107390006078A17860F30702E5783A4861F30F223C
:1073A000217965F3174261F31F62012102601970B0
:1073B00009B0BDE8F04F16F09DBF334B1B78002B92
:1073C0003FF4B0AC00226178E078134661F3070225
:1073D000A17860F30703207961F30F222B4960F352
:1073E0000F230A804B809DE4274B1B78002B3FF432
:1073F00099AC60780023A17860F30703244A61F315
:107400000F23938009B0BDE8F04F0DF03BBB00BFE8
:1074100098860120EC85012096860120998601201E
:1074200094860120A08601209D8601209C86012053
:10743000A286012093860120978601209B86012049
:1074400095860120600501208CED00200000C8C257
:107450001CD700200000964394ED0020B0AE002021
:1074600020D70020A4EC0020C7860120E48501205D
:10747000E8D70020B8040120B4040120368601209A
:10748000708601201C050120C386012030010120E7
:1074900028010120A18601209F8601209E860120CF
:1074A000AD4B1B78002B40F01E82AC4B1B78002BA1
:1074B00040F01482AA4B1B78002B40F00A82A94BA3
:1074C0001B78002B40F00082A74B1B78002B40F06C
:1074D0002E82A64B1B78002B3FF424AC16211220E1
:1074E000E4E46278A24B1A701CE460780023A1786F
:1074F00060F307039F4A61F30F23138012E460785F
:107500000023A17860F307039B4A61F30F231380E4
:1075100008E460780023A17860F30703974A61F3D9
:107520000F231380FFF7FEBB61780023A27861F37D
:107530000703E078217962F30F23914A60F3174340
:1075400061F31F631360FFF7EDBB8E4BD3ED007A41
:10755000F5EE407AF1EE10FA3FF4E4AB61780023E7
:10756000A27861F30703E078217962F30F23864A5A
:1075700060F3174361F31F6300EE103A136009B024
:10758000BDE8F04F0CF0C2BC7E4BD3ED007AF5EEB7
:10759000407AF1EE10FA3FF4C5AB62780023A07890
:1075A00062F30703E178227960F30F23774C61F3EC
:1075B000174362F31F6300EE103A23600CF0DCFC0B
:1075C000734BD4ED007A93ED007AF4EEC77AF1EEC6
:1075D00010FA7FF7A7ABFFF7E9BB09B0BDE8F04FA2
:1075E00003F0D0BD61780023A27861F30703E0784F
:1075F000217962F30F23674A60F3174361F31F6336
:1076000007EE103A1360B5EEC07AF1EE10FA39DDEC
:10761000614B012061491B7808700C2B03D137EEB8
:10762000077A82ED007AB7EEC77A5D4A0B215D4892
:107630008DED007B2EF01EFCFFF774BB5A4B1B78C0
:10764000002B3FF46FAB61780023A27861F307034E
:10765000E078217962F30F23544A60F3174361F312
:107660001F631360FFF75EBB002B3FF45BAB504D15
:107670002B78002B7FF456ABDFE54E4B00221A70BF
:10768000FFF750BB454B00221A70FFF74BBB182188
:1076900014200DF0FDFA02E40021E27860780B4638
:1076A000A57860F30701207962F30703424A434C4F
:1076B00065F30F21127860F30F23A182082AE38279
:1076C0003FF4E8AB3E4B1B782D2B7FF4E3AB89B244
:1076D0003C480CF0E5FCE18A3B480CF0E1FCFFF78C
:1076E000D9BB10210C200DF0D3FA3BE40F210C2064
:1076F0000DF03EFA31E40E210B200BF03FFC27E4A5
:107700000021E27860780B46A57860F307012079C4
:1077100062F30703284A294C65F30F21127860F3BE
:107720000F23A181082AE3813FF40DAC244B1B7881
:107730002D2B7FF408AC89B224480CF0B1FCE18910
:1077400023480CF0ADFCFFF7FEBB142110200DF018
:107750009FFAFFF7BABB00BFC3860120C586012090
:10776000C4860120C2860120C1860120C086012076
:107770009A86012034860120328601203886012035
:1077800030050120F405012024D5002020D500205B
:1077900090ED00202C05012000CD0020BC860120AA
:1077A00090AE00206CB8002095860120B8D700204C
:1077B00093860120C786012084860120380101209C
:1077C000858601205CBB002060BB00204CBB0020F4
:1077D00050BB00200021E27860780B46A57860F36A
:1077E0000701207962F30703834A844C65F30F2174
:1077F000127860F30F232182082A63823FF460AB82
:107800007F4B1B782D2B7FF45BAB89B27D480CF04E
:1078100047FC618A7C480CF043FCFFF751BB122106
:1078200010200DF08BFBFFF755BB082104200DF055
:1078300085FBFFF7BDBB082104200DF029FAFFF7F7
:10784000B2BB082104200DF093F9FFF7A7BB072175
:1078500004200BF093FBFFF79CBB0021E2786078DB
:107860000B46A57860F30701207962F30703624AAB
:10787000624C65F30F21127860F30F23A180082A70
:10788000E3803FF481AB5E4B1B782D2B7FF47CAB08
:1078900089B25E480CF004FCE1885D480CF000FC05
:1078A000FFF772BB10210C200DF048FBFFF75FBB08
:1078B0000C2108200DF042FBFFF79FBB0C21082094
:1078C0000DF0E6F9FFF795BB042100200DF0E0F97B
:1078D000FAE5042100200DF04BF9F0E50421002029
:1078E0000BF04CFBE6E50021E27860780B46A578CA
:1078F00060F30701207962F307033F4A3F4C65F3C9
:107900000F21127860F30F232180082A63803FF44F
:10791000CCAD3B4B1B782D2B7FF4C7AD89B23D48D6
:107920000CF0BEFB61883C480CF0BAFBBDE50421BD
:1079300000200DF003FBCCE500226178E0781346CF
:1079400061F30702A17860F30703207961F30F2246
:10795000324960F30F230A804B800DF093F8FFF754
:1079600059BB0C2108200DF003F9FFF73DBB0B219B
:1079700007200BF003FBFFF732BB0C2108200DF0B2
:10798000DDFAFFF727BB0021E27860780B46A57887
:1079900060F30701207962F30703174A174C65F378
:1079A0000F21127860F30F232181082A63813FF4AD
:1079B0000CAB134B1B782D2B7FF407AB89B2184807
:1079C0000CF06EFB618917480CF06AFBFFF7FDBAFB
:1079D000F0EE667AC3ED006AFFF7E0B9124A194685
:1079E0001370FFF734BB114829700AF097F8236829
:1079F0009AB21146FFF778BB848601203801012036
:107A00008586012054BB002058BB00203CBB0020D1
:107A100040BB002034BB002038BB002028010120DF
:107A200044BB002048BB0020C986012098AE00203E
:107A300070B5444D82B0444C444A2B68216812789A
:107A40005B1A934202D3424B1E780EB102B070BD56
:107A500008F0E8FE3F4B40481E7020F0FFFE3E4815
:107A600020F0F2FE3D493E4A3E4B48681268A3FBB7
:107A700002326423920C03FB02F24B681B1A9A42F7
:107A8000FBD8394E2A683378226013B1374C2378FB
:107A9000FBB1FBF7A1FF48BB354B0222354D1870F7
:107AA000354B2A701B78002B48D1344C2A78236838
:107AB000334901332848236021F00AF820B102B08D
:107AC000BDE8704009F098BE02B0BDE8704001F01A
:107AD000CBBD05F01DFA3378C0B2013BDBB2337089
:107AE000002BD8D1012323700028D5D007EE900AAF
:107AF000F7EE085AB1EE007A1E4DF8EE677A21498A
:107B0000B7EE086B2048A7EEA57AFCEEC77ACDED5C
:107B1000017A9DF8043007EE903A2B70B8EEE75BDF
:107B200085EE067BFCEEC77BCDED017A9DF8042047
:107B3000FBF716FD104B1B78002BB6D00DF016FF8F
:107B4000B3E700BFE48501206CD900200FCD0020F1
:107B5000D1860120808601203C050120001000E034
:107B6000C0B6002083DE1B43BA860120FACC002079
:107B7000F9CC002017CD002077860120EC7A012077
:107B8000D0D6002084050120D2D60020F0B51C46B6
:107B900099B02A4F2C2384460E46ADF80C3004AB26
:107BA0001546002297E803000490ADF8141093E8FE
:107BB0000300099006A8ADF828106146FBF792FD76
:107BC000019009A82FF05CFF09AB019918442FF030
:107BD000A5FCBDF80C3031460022038006A8FBF757
:107BE00081FD019009A82FF04BFF09AB01991844C2
:107BF0002FF094FCBDF80C3000222946038006A823
:107C0000FBF770FD014609A801912FF039FF09AB80
:107C1000019918442FF082FCBDF80C200346214640
:107C200006A81A800022FBF75DFD014609A82FF087
:107C3000DDFB09A809F072FF19B0F0BDB8AE002055
:107C4000F0B51C4699B0334F2C2384460E46ADF850
:107C50000C3004AB1546002297E803000490ADF801
:107C6000141093E80300099006A8ADF828106146A7
:107C7000FBF738FD019009A82FF002FF09AB01992D
:107C800018442FF04BFCBDF80C3031460022038025
:107C900006A8FBF727FD019009A82FF0F1FE09AB1C
:107CA000019918442FF03AFCBDF80C300022294607
:107CB000038006A8FBF716FD014609A801912FF0E5
:107CC000DFFE09AB019918442FF028FCBDF80C30F9
:107CD00000222146038006A8FBF704FD014609A8FF
:107CE00001912FF0CDFE09AB019918442FF016FC3D
:107CF000BDF80C100346002206A819801E99FBF758
:107D0000F1FC014609A82FF071FB09A809F006FF54
:107D100019B0F0BDC0AE00202DE9F043534B93B035
:107D2000534D202202ACADF8042093E803002B78D9
:107D300084E8030053BB00262E70FBF727FD4D4857
:107D400005F0F8FB4C4BD3F884247AB1114601239B
:107D50004A4A04A8049623F09DFA00286CD101A990
:107D600020460AF04BFD13B0BDE8F083D3F8881429
:107D70000029F4D010920123404A04A821F004FF06
:107D80000028ECD004A821F063FFE8E73C4F3E69EF
:107D9000002ED0D03368DFF8F890DB6A4B4553D122
:107DA000B06D18B12DF0AAFB0023B365336D002B25
:107DB00046D006F1180025F093F8D7F81080D8F8CF
:107DC0000460013EC8F80460002E32D1D8F80030BB
:107DD000DB6A4B4544D1D8F8580018B12DF08EFB22
:107DE000C8F85860D8F85030002B34D008F118008B
:107DF00025F076F83E69E6B13368224A5B68934223
:107E000031D1214BB06D336018B12DF077FB0023D9
:107E1000B365336D06F11808CBB1404625F060F824
:107E20001A4B4046B36025F05BF85C21304627F0E2
:107E3000A1FA00233B617EE704A824F031FB8EE722
:107E4000736D002BB5D1B8E730469847B5E7736D31
:107E5000002BE2D1E4E7D8F85430002BC6D1C9E7B3
:107E600040469847C6E730469847E2E7C8AE00204C
:107E7000AA860120985C0120FC050120100D01203C
:107E8000D4B7002039710000703200203431002056
:107E9000396600006E496F4A6F4B2DE9F04103C906
:107EA0008CB06E4C0490ADF8141092E80300227868
:107EB00000908DF8041093E8030002908DF80C10E8
:107EC000002A63D1664B0DF1180C93E80700ACE86B
:107ED0000300644909ABACF80020634A157807C970
:107EE00003C31A80002D54D1604F614D3968614E33
:107EF00033688B4209D0604B60481A7800230370C6
:107F00005F480370002A73D031602B78EBB10A29E7
:107F10003CD85C4B1B68C3B9594E3378ABB95A4B4C
:107F20001B68022B11D9DFF8948198F800303033A8
:107F30006B4413F80C0C09F095FE98F80030396882
:107F4000013388F8003001233370F9B94F4B1B78A7
:107F5000E3B14A4B1A78CAB94A4E012230681A7006
:107F6000431E092B65D9002851D0494B1B786BB1B2
:107F700005F06CFC474B18684EF65E23421E9A4291
:107F800062D92B7813B13368002B43D00CB0BDE815
:107F9000F081414B1B78002BA6D1404B40481B6819
:107FA0000068404A40491B1A314DA2FB032309686F
:107FB000354A01EB93112B78116013B13B4B1B88B1
:107FC000591A3B4B4FF461603A4AA3FB0163274FB8
:107FD000DB0A00FB13111360374B2A4AA3FB010392
:107FE0005B091360C3EB0313A1EB830139607EE7E8
:107FF00002A80CF055F8234B684619680CF050F8AD
:108000002C4B04A819680CF04BF839687CE72B78E6
:10801000002BBBD03D68002DB8D11B4B1B68022B39
:10802000B4D9212009F01EFE0122244B22701D70BC
:10803000ACE700F12F036B4413F8180C09F012FEA3
:1080400030680028E3D090E705F026FB99E700BFF1
:10805000D0AE0020D8AE0020E0AE0020D6860120B1
:10806000E8AE0020F4AE0020B3860120600D0120B0
:10807000D586012074D90020858601207D860120C7
:108080007E860120BCEE002000F1002006CD0020FD
:10809000D9860120F8050120F3CC0020E4850120D9
:1080A00004F10020D34D621030040120C0CC002028
:1080B000C5B3A291C0D80020898888888186012014
:1080C0005B4A5C4B70B592E803002DED028B9AB0D1
:1080D000594C5A4A5A4D8DF810105A49009408AC20
:1080E00003902D78CDE9011293E8070084E807009A
:1080F0007DB9554B1B783BB9544B1B7823B9544B76
:108100001B780BB909F018FC28461AB0BDEC028B9D
:1081100070BD50481FF04CFE4F4BDFED508A0221DE
:10812000B3F900300BAA08465B0007EE903AF8EE70
:10813000E77AE0EE287A87EEA88AB0EE480A27F0C0
:108140004DF9474BF6EE007A464A1B7882ED008ADD
:1081500028EE278A002B39D1B2EE0A6A9FED427AC7
:10816000A8EE287ADFED416A27EE287AC7EE067A74
:1081700077EEA67AF5EEC07AF1EE10FA55D49FEDBF
:10818000377AF4EE477AF1EE10FA77FE277A384B19
:108190001B7807EE103AB8EEC77AB4EEE77AF1EE44
:1081A00010FA18DB334B1322334E1A703378BBB1FD
:1081B000092B9ED10221B0EE480A05AA084627F0F5
:1081C0000DF905A902A80AF019FB92E79FED2B7A99
:1081D0009FED2B6AC4E7284E00253378002BE7D1AA
:1081E000FDEEE77A684617EE901A0BF059FF01A9E9
:1081F0000BA82FF0FBF80221B0EE480A05AA0846AA
:1082000027F0ECF80BA82FF03BFC0BAB05A91844AA
:108210002FF084F9034607CC186003A859600BA916
:108220009A600AF0EBFA3378C2E7DFED107AAEE736
:1082300000AF002008AF00204A54580074313700C6
:10824000D7860120562028007886012077860120D5
:10825000A886012064850120488601200000C842CC
:10826000D4860120885C01200000A0C3000000002B
:10827000F4CC00200DCD0020858601200000AFC386
:1082800000004842654B664A2DE9F04193E803003F
:10829000A2B0644D644C2B6806908DF81C106348A6
:1082A00063490578D1ED006A04940BACADF80C304D
:1082B0001B0C07CA8DF80E305E4B84E807005E4940
:1082C0005E4AB3F9003012780591ADB113215C4DCF
:1082D00029705C49097809BB5B4C5C4B1B783BB946
:1082E0005B4B1B7823B95B4B1B780BB909F024FB64
:1082F000207822B0BDE8F081524B1B78002BEBD0E8
:10830000554B1D78002DE7D106A854490AF076FA9E
:10831000294604A84C4C0BF0C3FEDEE712FB03F326
:108320009FED4F6A07EE102A4B4F07EE903A4D4EE5
:10833000B8EEC77A3B78F8EEE77AE6EE867AC7EED3
:10834000876A86EE860A86ED000AC3B1092B58D0EB
:10835000454A00233C4CD2ED007A2370F4EEC07AFB
:10836000F1EE10FAB9DDF0EE007AB4EEE70AF1EEC4
:1083700010FAB2DD0122212322702B70ADE79FEDB0
:108380003B5A04A8DFED3A6ADFED3A5A66EEC76A57
:1083900027EE057AE6EE867A27EE067AA6EE867A4C
:1083A00067EE867AC7EE876A76EEA57AFCEEE77A04
:1083B000CDED017A9DF804106429A8BF64210BF06B
:1083C0006FFE2D490EA82FF0A9F8059B02218046CB
:1083D000036008AA96ED000A084626F0FFFF08A9E8
:1083E00008F103002FF09AF8034607CC186006A89E
:1083F00059600EA99A600AF001FA3B7896ED000ADE
:10840000A4E7022108AA084626F0E8FF08A903A865
:108410000AF0F4F996ED000A9AE700BF14AF0020C5
:1084200008AF0020942A00204A525800BC86012040
:108430002C050120408601205620280000CD002078
:108440000DCD002076860120EF8601207886012060
:1084500077860120A886012085860120D8AB0020E0
:108460000000C84238050120605C01206666864035
:108470009A995940000000006CB800206849694B87
:10848000694A2DE9F04F03C9A7B0684C684DADF8B3
:108490001C10090C06900DF138098DF81E100DF115
:1084A000440800950DF1800C14AF0BAE17ADDFF84A
:1084B000B4B1DFF8B4A10DF1740E94E803005D4C83
:1084C0000490ADF8141001941AAC93E8030008ABC3
:1084D00002908DF80C1007CA03C357491A7023ABDA
:1084E00007C9A9E80300A9F80020544A07CAA8E868
:1084F0000300A8F80020524A07CAACE803002CF891
:10850000022B120C8CF800204E4A07CA03C73A808F
:108510004D4A07CA03C632704C4A07CA03C52A80AF
:108520004B4A07CA03C422804A4A07CA03C323F836
:10853000022B120C1A709BF80030474A03EB03130E
:108540001344BAF80020134413F8014C434B012C98
:1085500093E80700AEE80300AEF8002005D0022C37
:1085600024D004B327B0BDE8F08F04A800210BF09D
:1085700097FD214606A80BF093FD002168460BF0FD
:108580008FFD0BA809F0CAFA17A809F0C7FA1AA8B4
:1085900009F0C4FA23A809F0C1FA1DA809F0BEFA2F
:1085A00027B0BDE8F08F04A80121E0E704A800216E
:1085B0000BF076FD06A80021294C0BF071FD01217E
:1085C00068460BF06DFD08A809F0A8FA0EA809F09E
:1085D000A5FA11A809F0A2FA20A809F09FFA14A898
:1085E00009F09CFA9BF80030BAF8002001A803EBD0
:1085F00003132344134413F8011C0BF051FD9BF8A3
:108600000030BAF8002002A803EB03131C44144402
:1086100014F8011C32390BF043FD27B0BDE8F08F90
:10862000B0AC0020B4AD00201CAF0020C0AC0020D6
:10863000457870004578310028AF002034AF002025
:1086400040AF00204CAF002058AF002064AF0020A6
:1086500070AF00207CAF0020ECD8002088AF002055
:108660002CD70020DFCC00200C8601202DE9F04F14
:108670002DED108BADF5377D00214FF4FE72DFF844
:1086800098B337A836912EF05FFE6FF07F43CA4D46
:1086900036AC08934FF05A0AC84BDFF880931A782B
:1086A000BBF8003002EB0212DFF87483013BC44FC9
:1086B00005EB020EC34909EB020CB81808EB0206E1
:1086C0000A441EF80310B429A8BFB4210EF8031001
:1086D0001CF80310B429A8BFB4210CF80310F15CF6
:1086E000B429A8BFB421F154C15CB74EB429A8BFC6
:1086F000B421C154D15CB429A8BFB421D154FCF732
:10870000DDFB00222423B14902924FF4B4720DEB39
:108710000300CDE900221A462EF0F2FB20462FF08E
:10872000AFF909AA204411462EF0F8FE089BA8498B
:10873000036009A8A14B1B7803EB03131D44BBF88E
:1087400000301D4415F8012CC82515FB02A2920823
:10875000A6FB02329208643A2EF0D2FB20462FF09C
:108760008FF909AA204411462EF0D8FE089B99499A
:10877000036009A8914B1B7803EB03139944BBF8E2
:108780000030994419F8012C15FB02A29208A6FBAF
:1087900002329208643A2EF0B3FB20462FF070F9B3
:1087A00009AA204411462EF0B9FE089B8A490360AD
:1087B00009A8824B1B7803EB03139844BBF80030E5
:1087C000984418F8012C15FB02A29208A6FB02326D
:1087D0009208643A2EF094FB20462FF051F909AA32
:1087E000204411462EF09AFE089B7C49036009A89C
:1087F000724B1B7803EB03131F44BBF800301F447C
:1088000017F8012C764F15FB02A29208A6FB023244
:108810009208643A2EF074FB20462FF031F909AA31
:10882000204411462EF07AFE089B6649036009A891
:10883000624BBBF800201B7803EB03130B44694920
:10884000134413F8013C15FB03A2674D9208A6FBE5
:10885000026240F28B169208643A2EF051FB2046D9
:108860002FF00EF909A920442EF058FE089B21464E
:108870000360001BC21C5D4826F022F94FF0000285
:1088800023235B49227009A85A4ACDE90066128861
:1088900002921A462EF034FB20462FF0F1F809A977
:1088A00020442EF03BFE089B53490360D9230096D9
:1088B00009A895ED007B01933A88FDEEC77B0292F3
:1088C00017EE902A2EF01CFB20462FF0D9F809A9AC
:1088D00020442EF023FE089B4749036009A8019617
:1088E0003B8895ED047B02932323FDEEC77B17EEB7
:1088F000902ACDED007A17EE906A2EF001FB20460B
:108900002FF0BEF809A920442EF008FE089B036052
:108910002A4B1A78394B02EB02121A44BBF800308A
:108920001A4412F8013C022BA0EB040300F0E08291
:10893000089903F1030C324A0DF1E30E0591314F12
:1089400003CA059A44F80C00A444CCF8041003F1BF
:108950000E0C4EF803200DF1EE0E2B4A03CF03F15F
:10896000190744F80C00A444CCF8041003F1240CBB
:108970000899059103CA059A4EF803200DF1F90EE6
:10898000E0512744214A796003F12F0708990591A6
:1089900003CA059A4EF8032044F80C00A444089832
:1089A000CCF8041041A91A4AC85003CA194AE05128
:1089B0002744796036E000BF64EE0020DFCC002061
:1089C000B4ED002034ED0020176CC11694AF0020E8
:1089D000A8AF0020B4AF0020C0AF0020CCAF002073
:1089E000BECC0020D8AF0020C8D40020E0BD0020BD
:1089F000E4AF0020B8CC0020F8AF0020ECD8002075
:108A0000601D00203CB0002048B0002054B0002081
:108A100060B000206CB000200C8601200CEE00201D
:108A20005CD50020089903F13A070DF20F1C05915F
:108A300003CA059A4CF803200DF58D72E0512744C6
:108A40002046796000270899D1502FF019F8214667
:108A50000246594826F034F8584B59481A78BBF862
:108A6000001002EB0213277003440B4413F8010CAF
:108A70001301002800F0B880012832D0022800F04D
:108A80008E8295ED008B4F4BDFF83CA106934E4E46
:108A90004FF6FF7B4D4F06F12809DFF84081FDEED0
:108AA000C86B0423414609A8B6EC027B16EE902A57
:108AB0000093CDF804B0FDEEC77B17EE903A2EF090
:108AC0001FFA20462EF0DCFF09A920442EF026FDD7
:108AD00008A92EF033FFB14500F09E81B7EC028B60
:108AE000DDE795ED008B95ED087BB4EEC78BF1EEDD
:108AF00010FAC8D8B2EE086B9FED359ADFF8E0A007
:108B0000DFF8C490DFF8DC800DE0B8EEC96B059F9C
:108B100095ED087B38EE068BB4EEC87BF1EE10FACB
:108B2000C0F23782069E37EE487B0123B0EE480B39
:108B300049464046B4EEC76B9AED005BF1EE10FA81
:108B4000C8BFBDEEC79BFDEEC57B19EE102A012AFA
:108B5000B8BF012209EE102A17EE902A1FF094F9EF
:108B6000FDEEC07BCDED057AFDEEC87BCDED067A3E
:108B7000002FCAD0174B17EE902A174909A8CDE944
:108B800000671B880293059B2EF0BAF920462EF051
:108B900077FF09A920442EF0C1FC08A92EF0BEFCE5
:108BA000021BB2F5C87FB0D92146034825F088FFE3
:108BB00000232370A9E700BFE0BD0020DFCC002028
:108BC000ECD80020E7CC0020F0D40020D0D4002046
:108BD0000C000000B6CC0020F8AF002078B00020D8
:108BE00098B20020C8D40020DFF800A309A8B74E2F
:108BF000B74995ED026B9AED027B9AED004BBDEE05
:108C0000C66BBDEEC77BFDEEC47B95ED005B8DEDC5
:108C1000006A8DED017A3388029317EE903AFDEEEB
:108C2000C57B17EE902A2EF06BF920462EF028FF18
:108C300009A920442EF072FC08A92EF07FFE33888B
:108C4000A34909A89AED024B95ED047B9AED046BBC
:108C500095ED025BBDEEC77B0293FDEEC47BBDEEDE
:108C6000C66B8DED007A17EE903AFDEEC57B8DED6B
:108C7000016A17EE902A2EF043F920462EF000FFED
:108C800009A920442EF04AFC08A92EF057FE33888B
:108C90008F4909A89AED044B95ED067B9AED066B7A
:108CA00095ED045BBDEEC77B0293FDEEC47BBDEE8C
:108CB000C66B8DED007A17EE903AFDEEC57B8DED1B
:108CC000016A17EE902A2EF01BF920462EF0D8FEEE
:108CD00009A920442EF022FC08A92EF02FFE33888B
:108CE0007B4909A89AED064B95ED087B9AED086B38
:108CF00095ED065BBDEEC77B0293FDEEC47BBDEE3A
:108D0000C66B8DED007A17EE903AFDEEC57B8DEDCA
:108D1000016A17EE902A2EF0F3F820462EF0B0FEEE
:108D200009A920442EF0FAFB08A92EF007FE694B92
:108D300006932378002B00F01E8120462EF0A0FE23
:108D400021460246644825F0BBFE644B64491B780B
:108D5000BBF8002003EB03130B441344002295EDF2
:108D6000008B13F8013C2270022B7FF490AE042696
:108D70004FF6FF775B4909A89AED007BCDE90067C4
:108D8000FDEEC77B17EE903AFDEEC87B17EE902AFA
:108D90002EF0B6F820462EF073FE09A920442EF0DE
:108DA000BDFB08A92EF0CAFD4E4909A89AED046B37
:108DB00095ED047BCDE90067FDEEC66BFDEEC77B4C
:108DC00016EE903A17EE902A2EF09AF820462EF0E2
:108DD00057FE09A920442EF0A1FB08A92EF0AEFDF4
:108DE000404909A8CDE900679AED086B95ED087B2D
:108DF000FDEEC66BFDEEC77B16EE903A17EE902A9D
:108E00002EF07EF820462EF03BFE09A920442EF0DD
:108E100085FB08A92EF092FD20462EF031FE21465A
:108E200002462D4825F04CFE069B4FF6FF711DA80B
:108E30001B78013B05EBC3050AEBC30395ED006B03
:108E400093ED007B0A230025FDEEC66BFDEEC77B8C
:108E500016EE902ACDE9003117EE903A214925709F
:108E6000214CCDE905232EF04BF81DA808F056FE45
:108E700021881DA801910821DDE9052300911949E8
:108E80002EF03EF81DA808F049FE21881DA801918A
:108E90000621DDE90523009112492EF031F81DA8C5
:108EA00008F03CFE07211DA8DDE90523CDE90015EA
:108EB0000C492EF025F81DA808F030FEFFF7DEFA69
:108EC0000DF5377DBDEC108BBDE8F08FB6CC0020E2
:108ED000F8AF0020E7CC0020E0BD0020DFCC002070
:108EE000ECD8002078B00020B8CC0020F0D40020CE
:108EF000089903F1030CBA4A0DF1E30E0591B94F3D
:108F000003CA059A44F80C00A444CCF8041003F1F9
:108F10000E0C4EF803200DF1EE0EB34A03CF03F111
:108F2000190744F80C00A444CCF8041003F1240CF5
:108F30000899059103CA059A4EF803200DF1F90E20
:108F4000E0512744A94A796003F12F070899059158
:108F500003CA059A4EF8032044F80C00A44408986C
:108F6000CCF8041041A9A24AC85003CAA14AE05152
:108F70002744796056E5A04BA0491B78BBF8002038
:108F800003EB03130B44134495ED008B13F8013CE2
:108F9000EAE69B4A2378DFF880A20692CAE6984860
:108FA00006900078022800F01081042800F00D815E
:108FB000DFF864A295ED047B95ED08AB9AED086BA4
:108FC0009AED009B3AEE47AB9AED047BB7EECAAB45
:108FD00036EE476BB5EEC0AA37EE497BB7EECA8ACC
:108FE000F1EE10FAF7EEC6ABF7EEC7CBC3DB4FF0EE
:108FF0000008B2EE0CFB9FED83CADFF820924746D3
:109000009FED81EA9FED74BB11E0B8EECCFB4646C4
:109010003BEE0FBBB4EEC8BBF1EE10FA60D8764B56
:10902000BBF800101A78059F13019AED009B1344BA
:1090300038EE4BDBF0EE4A0A9FED731A4B44B0EE6C
:109040006C2AF0EE4E1A0B44B7EECD0B13F8013C30
:1090500002EE903AF8EE622AFAF732FCB4EECFDB79
:10906000B7EEC00A694909A8F1EE10FA30EE099B83
:1090700048BFBDEECDCBFDEEC96B95ED007B1CEE80
:10908000103ACDED056A3BEE077B012BB8BF0123FB
:10909000FDEEC77B0CEE103A16EE903A17EE908A72
:1090A000002FB2D05A4ACDE900671288029217EE1B
:1090B000902A2DF025FF20462EF0E2FC09A920443D
:1090C0002EF02CFA08A92EF029FA021BB2F5C87F5F
:1090D0009BD921464F4825F0F3FC0023237094E7E9
:1090E0004746B2EE0CBB4FF00E0800269FED469AA5
:1090F0000CE007EE908AB8EEE7BB38EE4B8BB5EE8E
:10910000C08BF1EE10FA5EDB059E079F3A4BB0EE86
:109110006A2ABBF80020F0EE491A1B78B0EE4A1A12
:10912000DFED390AB7EEC80B03EB03134B441344CE
:1091300013F8013C02EE903AF8EE622AFAF7C0FB0F
:10914000B4EEC8BBB7EEC00AF1EE10FA03DDFDEED7
:10915000C87B17EE908AB8F1010F95ED047B9AED6C
:10916000046BB8BF4FF0010838EE077B30EE060BFA
:10917000FDEEC77BCDED077AFDEEC07BCDED057A28
:10918000002EB6D0224B09A8079A2049CDE90076D7
:109190001B88029317EE903A2DF0B2FE20462EF077
:1091A0006FFC09A920442EF0B9F908A92EF0B6F9F0
:1091B000021BB2F5C87F9CD92146164825F080FCD9
:1091C0000023237095E72378B4E50130069F3870BB
:1091D000EEE600BFAFF300800000000000000000DA
:1091E0000CB0002018B0002024B0002030B00020C7
:1091F0005828002070280020DFCC0020ECD8002068
:10920000E7CC00200E00000000000000F8AF0020B6
:10921000B6CC0020E0BD0020F0D400202CD70020E8
:109220002DE9F04FDFF840839BB098F80040022C06
:1092300000F08C80B749B84A0B6810681B1A182BCD
:1092400040F281800B6806A8B4491360502225F0D3
:10925000F5FFB34B062C93E80300B24B0290ADF838
:109260000C1093E803004FEA11430490ADF814107A
:109270008DF8163001D0012C65D8AB4D06ACAB4F44
:109280004FF0640AAA4E05F1080BDFF8B09236F8E9
:10929000021F204637F8023F053415F801CFA3F529
:1092A000FA725B1ABCF1030F0AFB02F28CBF282191
:1092B0000321002B02F57A72B8BF5B428B420DDDB1
:1092C00089FB0213D117002AC1EBE311B8BF01F1EA
:1092D000FF31C9B20AF0E4FE3B883380AB45D6D1FA
:1092E00098F80030012B2CD8924C10AD924E4FF0D4
:1092F000640904F1100A914F36F8021F284634F829
:10930000022F0535A2F5FA73521A002A09FB03F35E
:10931000B8BF524203F57A73062A87FB03124FEA5D
:10932000E3710ADDC1EBE211002BB8BF01F1FF319F
:10933000C9B20AF0B5FE238833805445DCD198F8D1
:109340000030022B1FD01BB0BDE8F08F714A724C69
:10935000136821685B1A272BF5D9136806A86F4993
:109360005022236025F06AFF6D4A6E4B92E803009D
:109370000290ADF80C1093E803000B0C0490ADF8CC
:1093800014108DF816306E4D2B88013B9AB20F2ABF
:10939000D9D86C4AD45C072C40F39E80A4F1080213
:1093A000D2B2032A11D868498A5C002A00F08A8068
:1093B0005A2A00F0A780B42A07D16449644A31F8D8
:1093C000140032F81410024607E0614940F2DC5004
:1093D0005E4A31F8141032F81420521A002A6AD06A
:1093E000A0EB01044FF064001146B8BF511C00FB14
:1093F00004F404EB610404FB02F1002994FBF2F491
:1094000076DB14F1640648BF04F165067610514915
:10941000C82202A831F81330A3F5FA7302FB03F354
:10942000464A03F57A7382FB0312DD17002B2146AF
:10943000C5EBE215ACBF643D653D0AF031FE04A802
:1094400029460AF02DFE14F1650F1BDB652C35DC77
:109450004FF4B373404A06FB03F3323382FB03122B
:10946000DC17002BC4EB6214ACBF25342434A3B248
:10947000242B07D9B3F5C57F1C46A8BF4FF4C5748C
:10948000A5B201E025252C46344E3388E31A002B83
:10949000B8BF5B42042B7FF756AFFFF7E7F8304ABF
:1094A0004FF4C4732046128826210092224608F009
:1094B00027FF358047E74B263224A8E74FF4C575D0
:1094C0002C46E1E727482249204A30F8140031F8B9
:1094D000141032F8142080E7204606F075FE2B8821
:1094E0001B491A4A013B31F8141032F8142074E772
:1094F00014F1630604F1FF3248BF04F16406144618
:10950000761084E71249114A31F8140032F8142019
:10951000014662E7E4850120085C0120A40A0020DE
:109520008CB0002094B0002097B60020825B012010
:109530000A5C0120925B01201A5C0120D34D62106D
:109540000C860120ACB70020E07A0120D8D500209D
:10955000B4D50020845B01201F85EB51BACC0020DC
:10956000B8CC002044D60020858601201B491C4A27
:1095700008B510680B681B1A632B2AD9194B0968A8
:109580001B78116073B9184B01221A70174B1B78A6
:109590001E2B14D017D8EBB1092B1AD1BDE8084007
:1095A0000DF0D6BB104B1A78002AEFD00022112004
:1095B0001A7008F057FB0D4B1B781E2BEAD1BDE843
:1095C00008400AF04BBA2B2B03D1BDE808400DF040
:1095D000C7BE08BDBDE808400DF0F6BDE48501201A
:1095E00078D9002095860120EDCC002085860120C9
:1095F000184B194830B5194D9BB019780AF00CFD7D
:10960000322025F021FD6C46EE460DF1180C0FCDF1
:109610000FC495E8030084E80300BEE80F00ACE83F
:109620000F009EE803008CE8030006A808F076FA15
:10963000052008F003FA0A4B4CF6FF521A80FFF798
:10964000EFFD4FF48052002106481BB0BDE83040CA
:109650002DF07ABEDECC0020782B0020882B002055
:10966000BACC0020C05C0120314A002011884B1C7C
:1096700010B59BB22F4CC72B60542F4998BF138055
:109680000B682E4C03F1010388BF108000222C4888
:109690000B60012322702B4C2B49237003682B4C49
:1096A0000A60002B2ED123680360294B1B7813B16D
:1096B000284B1B781BB3284B1B78002B2ED0274A36
:1096C00013780133DBB2022B88BF002319461370D5
:1096D000234A244B525C1A70FAF7E8F922482368AF
:1096E0000068224A22491B1A1268A1FB0202A1FB50
:1096F00003139B09C3EB9213002B12DD10BD08F07E
:1097000041F9EBE72268D31AB3F5FA6FCDD9194BBB
:109710001B78002BC9D111F037FAC6E7FAF70AFA1D
:10972000CDE701210520BDE8104025F00BBD00BFAD
:109730006286012050010120F0050120C886012029
:1097400024D8002001CD00206CD90020E485012020
:10975000A78601207786012089860120F2860120D4
:109760003CC30020B6860120C4D80020C0B700202A
:10977000D34D6210A88601202DE9F8436D4C6E4B45
:10978000DFF8088225681E68B8F80070AE1B002F4D
:1097900049D16A4824F0E8FD002840F08A80684AF0
:1097A000236811685B1AB3F57A7F0BD3654B198870
:1097B000890429D44AF2026199804BF28041998050
:1097C00023681360604B1B78B34220DD5F4B1B683E
:1097D0002BBB5F4E15F09EFC08F0F2FA3368EB1AD3
:1097E000B3F57A7F2ED25B4B1B78002B64D15A4E97
:1097F0003378052B7ED01D2B78D0584F3B68ED1A5F
:10980000312D5DD8BDE8F88355495960D8E7554BEF
:109810001B78002BF6D14D4B1B68002BD9D0BDE82F
:10982000F843FBF7C5B8DFF868913A464E49484619
:1098300025F004FD002309F80730A8F80030FBF7F5
:109840001FFCACE7494B1B78002B63D1484A41F21F
:109850007071236812689B1A8B4204D823689B1A84
:10986000B3F57A6F62D203F015FE4249424B0968A4
:1098700022681B88521A4FF47A7101FB03F39A4253
:1098800003D93E4B1B78002B4DD00DF0D5F8324B51
:109890001B78272B05D009F01DF80AF04FFCFFF7C5
:1098A00065FE07F03BF8FEF7F5FA23683360BDE884
:1098B000F88307F023FAC2E7284609F0D9FA96E7B9
:1098C0000AF07CFAFAF71EFC0AF0D8FD18F0A4FDA5
:1098D0002B4B1B7813B12B4B1B78F3B933782D3BF3
:1098E0000A2B1DD923683B60BDE8F883284617F092
:1098F000CFFA82E7244F3B68EB1AB3F5FA7FFFF407
:109900007CAF3D6019F0E0FB337800283FF473AF83
:109910003D6070E714F002FC98E711F035F9DDE7DF
:1099200018F05EF9DEE714F08FFEAEE706F078FE81
:1099300099E700BFE48501206CD90020E0BD00203C
:10994000747D012000C00B400FCD0020D47A01208F
:1099500080D90020BA860120858601205881012007
:1099600002A680B4B186012034040120DE860120E5
:10997000D8DA00200C0D0120BCCC0020CF860120BD
:10998000A6860120A8860120548101202C86012072
:10999000C05C012038B5404DFFF7EEFE2B783BB39D
:1099A0003E4C2378ABB93E4B1B78002B33D13D4B5B
:1099B0001B78002B35D106F003FF06F033FFFFF7CD
:1099C0002FFC394B1B781BB1384B1B78002B4CD02C
:1099D0002378082B4CD8DFE803F0074044274B2CB2
:1099E000303A05000DF08AFEBDE83840FEF720B899
:1099F00001232B7006F01AFCFAF7CAF903F07EFC7B
:109A000003F0B2FBFAF7CEFA03F020FC03F0F8FB08
:109A1000F9F79AFFC4E701F0D1FC224B1B78002B29
:109A2000C9D008F04DF9C6E70020BDE8384015F070
:109A300079BCBDE8384014F04FBE2B78CBB106F0AE
:109A4000BFFEFFF7EDFBBDE8384019F08BBC12F00C
:109A50009BFABDE83840FDF7EBBFBDE838400CF09D
:109A60009FBDBDE838400CF0D7BD01F069FBAFE702
:109A700038BD01232B7006F0D9FBFAF789F903F002
:109A80003DFC03F071FBFAF78DFA03F0DFFB03F006
:109A9000B7FBF9F759FFD2E7F9CC00208486012003
:109AA000DA860120778601207486012076860120DF
:109AB0000548064B1B1AD90F01EBA301491002D030
:109AC000034B03B118477047C0D20020C0D200201A
:109AD0000000000008B5054B1BB105490548AFF370
:109AE0000080BDE80840FFF7E3BF00BF00000000B2
:109AF0007C85012000E0046000207047704700BFB3
:109B0000036D0BB101207047406D003818BF012074
:109B1000704700BF014B59221A70704768D6002069
:109B2000014B4E221A70704768D60020704700BF64
:109B3000014B00221A60704780D9002008B5836865
:109B400003B19847044A13889BB243F480431380BF
:109B5000BFF34F8F08BD00BF00C00B4008B583683E
:109B600003B19847034A137803F0F7031370BFF368
:109B70004F8F08BD00400B4010B50446806D18B1F2
:109B80002BF0BCFC0023A365236D2BB104F118005E
:109B9000BDE8104023F0A4B9636D002BF6D110BDD1
:109BA000504A07EE900A504B32F81120B8EE670B7E
:109BB000184607EE102A4D4A32F81120B8EE477BBE
:109BC00006EE102A4A4A32F81120B8EE466B70B5FC
:109BD00083ED007B07EE102A464A474E4FF4FA65A4
:109BE00032F81120B8EE477B347A96F806E005FB90
:109BF00004F496F804C005FB0EFE5A3405FB0CFC79
:109C00000EF15A0EA4080CF15A0C4FEA9E0E4FEAC0
:109C10009C0C83ED026B06EE102A384A32F81120B4
:109C2000B8EE466B364983ED047B07EE102AB27816
:109C3000B8EE477B05FB02F283ED066B83ED087BF4
:109C400033785A3205FB03F32E4D9208A5FB0464CA
:109C50005A33A5FB0E6EA408A5FB0C6CA5FB026293
:109C60009B0804F5FA744FEA9E0EA5FB03534FEAD6
:109C70009C0C07EE904A0EF5FA7E92080CF5FA7CE1
:109C8000B8EE677B06EE90EA02F5FA729B08B8EE32
:109C9000664B06EE90CA03F5FA73B8EE665B81ED8B
:109CA000087B07EE902A184AB8EE676B07EE903AE9
:109CB0000123B8EE677B92ED003B81ED007B81EDE7
:109CC000064BFDEEC37B81ED045B17EE902A81ED20
:109CD000026B1EF0D9F8BCEEC00B10EE103A98B231
:109CE00070BD00BF44D60020C8D4002020D600207C
:109CF000B4D50020FCD5002098D60020D8D500206F
:109D0000F0D40020176CC11698B2002010B504469C
:109D1000806D00B110BD4FF480702BF0E7FBA065A3
:109D2000B0B10022236D02703BB101464FF4807246
:109D3000184622F025FDA06D10BD636D002BE9D003
:109D400001464FF48072184620F0B2FCA06D10BDA1
:109D5000014B1846A36510BDFE86012038B5056D80
:109D60006DB10BB1002038BD1146284621F02EFD03
:109D70000028F7D02846BDE8384021F0C9BE446D20
:109D8000002CEFD020461FF041FC0028EAD02046EE
:109D9000BDE8384020F0B4BA8A79A2F150031B061E
:109DA00022D402F26C72F0B54B7985B0046D0133A8
:109DB0000D798E784F78DBB209784CB12046019648
:109DC0000095CDE90271042121F036FE05B0F0BD09
:109DD000406D0028FAD001960095CDE9027104216A
:109DE00020F0D2F905B0F0BD0020704710B5044650
:109DF000006D80B1037813F0700F00D110BD002109
:109E000021F0E4FC606D0028F8D000220023BDE8BA
:109E100010401FF0FBBB606D0028EFD090F8313090
:109E200013F0500FEAD000220023BDE810401FF0CD
:109E3000EDBB00BF036D10B50C4682B02BB30DF126
:109E4000060201A9184621F067F838B3BDF80430BE
:109E5000BDF8062053EA020120D0C2F3451C02F0EF
:109E60001F00D20AC3F34311400084F801C0A2705E
:109E70005A0A013903F01F0302F5EA62207001203B
:109E800061712371A27102B010BD406D30B10DF14E
:109E9000060201A91FF060FA0028D7D1002002B005
:109EA00010BD00BF036D10B50C4682B02BB30DF191
:109EB000060201A9184621F01FF838B3BDF8043096
:109EC000BDF8062053EA020120D0C2F3451C02F07F
:109ED0001F00D20AC3F34311400084F801C0A270EE
:109EE0005A0A013903F01F0302F5EA6220700120CB
:109EF00061712371A27102B010BD406D30B10DF1DE
:109F0000060201A91FF016FA0028D7D1002002B0DE
:109F100010BD00BFBDF800C0521AACEB030C21D03D
:109F2000411ABCF1000F0CFB01F011460CDB002ABA
:109F3000B8BF511C00EB610191FBF2F001FB02F292
:109F40001844002A16DB7047002AB8BF511CA0EB4A
:109F5000610191FBF2F001FB02F21844002AF2DBEE
:109F600001307047BCF1000FB8BF0CF1010C03EBDE
:109F70006C00704701387047BDF800C0521AACEB56
:109F8000030C21D0411ABCF1000F0CFB01F011466B
:109F90000CDB002AB8BF511C00EB610191FBF2F011
:109FA00001FB02F21844002A16DB7047002AB8BFF2
:109FB000511CA0EB610191FBF2F001FB02F218448D
:109FC000002AF2DB01307047BCF1000FB8BF0CF182
:109FD000010C03EB6C00704701387047554B33F8A8
:109FE0001120554B82422DE9F0410D4682B00446C6
:109FF00033F811804CD880454CD882426FD04F4EF8
:10A000004FF4FA6711464E4A337A07FB03F35A338B
:10A010009B08A2FB03C39B0803F5FA730093B37973
:10A0200007FB03F35A339B08A2FB0323454A9B0813
:10A0300032F8152003F5FA73FFF79EFF424B80B20A
:10A0400033F81570A7426DD9B3784FF4FA6196F8DA
:10A0500000C0204601FB03F43A4601FB0CF33849EB
:10A060005A345A33A4089B08A1FB0464A1FB0313D0
:10A070003649A4089B0804F5FA7403F5FA730094B2
:10A0800031F81510FFF778FF80B202B0BDE8F0811B
:10A09000404524D22C4B294E33F81570BC42D3D303
:10A0A0004FF4FA613079B378424601FB00F001FBCE
:10A0B00003F323495A305A3380089B08A1FB00C0A0
:10A0C000A1FB0313394680089B0800F5FA7003F5DD
:10A0D000FA7300902046FFF74FFF80B224E0174E3E
:10A0E0004FF4FA601649B37900FB03F35A339B0827
:10A0F000A1FB03739B0803F5FA730093337900FB0C
:10A1000003F320465A339B08A1FB031341469B08E7
:10A1100003F5FA73FFF730FF0B4B80B233F815707D
:10A12000A74291D84445BBD9BC428DD902B0BDE805
:10A13000F08100BFFCD50020B4D5002098D60020C7
:10A14000176CC116D8D5002020D6002044D6002098
:10A15000006990B10368154A1B69934225D1036DCC
:10A1600063B1187810F0080007D0D8695B69C01A8D
:10A1700048BF6FF00040704718467047436D002B92
:10A18000FAD093F8310010F00800F6D01869196879
:10A190005A69401A5B6862EB0303B0F1004F73F138
:10A1A0000003EAD36FF00040704718472D7000009D
:10A1B000036973B11A68084952698A4207D1186D58
:10A1C00008B121F08FB9586D18B11FF009BA1846BF
:10A1D00010474FF0FF307047096E000000B500696E
:10A1E00083B08DF8071060B10368104ADB689342B2
:10A1F00015D1036D43B101220DF10701184621F07D
:10A20000C1FC03B05DF804FB406D0028F9D00122C9
:10A210000DF1070120F0E6F803B05DF804FB012220
:10A220000DF10701984703B05DF804FB456F00008E
:10A23000036963B11A68074992698A4208D1186DA7
:10A2400008B121F0F3BB586D08B11FF027BE70476D
:10A2500018461047B16E0000704700BF704700BF3E
:10A26000036D13B1D86900217047436D13B1D3E971
:10A270000401704718461946704700BF036D13B1BB
:10A28000586900217047436D13B1D3E9000170474D
:10A2900018461946704700BFF0B595B000224FF43C
:10A2A0007A74244F1831054604A88DF80C200097C5
:10A2B000CDE90124CDE9122222F07EFE129B002B73
:10A2C0002DD05C20002625F053F8019B0446466003
:10A2D000C36004A9029B183040F8083C9DF80C307C
:10A2E00000F8043C144B40F8183C144B40F8103C68
:10A2F00022F0B4FD124B4FF47A72A7602B606368B2
:10A30000A66501336E602E73AA602C6163600D4BED
:10A3100004A8009322F0E4FD284615B0F0BD139B7D
:10A32000002BCED1064A2B732A602B61C5E901347C
:10A33000EDE700BF4C32002070320020CC3200200C
:10A340002032002034310020036D13B1184621F073
:10A35000C9B8406D08B11FF043B94FF0FF307047E6
:10A36000836C13B1184621F0BDB8C06C08B11FF062
:10A3700037B94FF0FF307047036D33B11B7813F0DE
:10A38000700F14BF012000207047406D30B190F86D
:10A39000313013F0500F14BF01200020704700BF70
:10A3A000036D13B1184620F0C9BF406D08B11FF00E
:10A3B00047B84FF0FF307047836C00B583B063B18E
:10A3C00001220DF10701184620F0B8FF01280CD139
:10A3D0009DF8070003B05DF804FBC06C28B10122B2
:10A3E0000DF107011FF02CF8F0E74FF0FF30F1E717
:10A3F000036D13B1184621F019BB406D08B11FF071
:10A400004DBD7047836C13B1184621F00FBBC06C73
:10A4100008B11FF043BD7047036923B31968134A9D
:10A4200010B58C6882B0944214D1186D48B10122E5
:10A430000DF1070120F082FF90B19DF8070002B0F6
:10A4400010BD586D0028F8D001220DF107011EF053
:10A45000F7FFF1E701220DF107011846A047EBE7EE
:10A460004FF0FF30EBE74FF0FF307047616E0000B8
:10A47000836C13B1184621F085BBC06C08B11FF086
:10A48000B1BF7047036D13B1184621F07BBB406D1F
:10A4900008B11FF0A7BF704700B5836C83B08DF87B
:10A4A000071043B101220DF10701184621F06AFBA4
:10A4B00003B05DF804FBC06C0028F9D001220DF157
:10A4C00007011FF08FFF03B05DF804FB8A79A2F14A
:10A4D00050031B0622D402F26C72F0B54B7985B0A2
:10A4E000046D01330D798E784F78DBB209784CB169
:10A4F000204601960095CDE90271022121F09CFAD7
:10A5000005B0F0BD406D0028FAD001960095CDE968
:10A51000027102211FF038FE05B0F0BD0020704727
:10A52000836C53B1187810F008000DD0D8695B69BE
:10A53000C01A48BF6FF000407047C36CA3B193F8D6
:10A54000310010F0080000D17047186919685A6985
:10A55000401A5B6862EB0303B0F1004F73F1000334
:10A56000F2D36FF0004070471846EDE7036D53B12A
:10A57000187810F008000DD0D8695B69C01A48BF80
:10A580006FF000407047436DA3B193F8310010F0B5
:10A59000080000D17047186919685A69401A5B6849
:10A5A00062EB0303B0F1004F73F10003F2D36FF0DD
:10A5B000004070471846EDE70369D3B10E4810B468
:10A5C0001C68E46884420FD1186D18B15DF8044B23
:10A5D00021F0D8BA586D18B15DF8044B1FF002BFD6
:10A5E00000205DF8044B7047184623465DF8044B85
:10A5F00018470020704700BF456F000038B504467B
:10A600000C4B806D236018B12AF078FF0023A365FE
:10A61000236D04F118054BB1284622F061FC064B6E
:10A620002846A36022F05CFC204638BD636D002BF9
:10A63000F2D1F4E770320020343100200B4B18685F
:10A6400088B103680A4A1B6893420DD1836810B52C
:10A6500003B19847074A13889BB243F480431380A1
:10A66000BFF34F8F10BD7047184700BFFC7C01201F
:10A67000FD65000000C00B4038B504460E4B806DF0
:10A68000236018B12AF03AFF0023A365236D04F17B
:10A6900018056BB1284622F023FC084B2846A3601E
:10A6A00022F01EFC20465C2124F064FE204638BDCA
:10A6B000636D002BEED1F0E77032002034310020C2
:10A6C00030B4029C11469C4634B1012C1CD0022CA3
:10A6D0000ED0002030BC7047056DF5B14FF0FF3350
:10A6E000934274EB0C04F4D3284630BC21F06EB8CE
:10A6F000026D0AB3D36959184CF10003002BE8D15D
:10A70000104630BC21F062B8026D62B1536959182D
:10A710004CF10003002BDCD1F2E7406D0028D8D0CB
:10A7200030BC1EF073BF406D0028D2D0D0E90023AA
:10A730008A184CEB0303F3E7406D0028C9D0D0E939
:10A74000042330BC8A184CEB03031EF05FBF00BF2C
:10A7500070B5244B044605690360002D32D06E6845
:10A76000013E6E6076BB2B681F4ADB6A93422FD195
:10A77000A86D10B12AF0C2FEAE652B6D23B305F1B2
:10A78000180022F0ADFB2569E5B12B68174A5B681C
:10A79000934224D1164BA86D2B6018B12AF0AEFE5F
:10A7A0000023AB652B6D05F11806A3B1304622F0EE
:10A7B00097FB104B3046AB6022F092FB5C212846A1
:10A7C00024F0D8FD204670BD6B6D002BD7D1DAE7A1
:10A7D00028469847D7E76B6D002BE7D1E9E7284675
:10A7E0009847EFE7203200203966000039710000F9
:10A7F000703200203431002070B5264B04460569C4
:10A800000360002D32D06E68013E6E6076BB2B680F
:10A81000214ADB6A934233D1A86D10B12AF06EFE53
:10A82000AE652B6D43B305F1180022F059FB256985
:10A83000E5B12B68194A5B68934228D1184BA86D83
:10A840002B6018B12AF05AFE0023AB652B6D05F181
:10A850001806C3B1304622F043FB124B3046AB60C2
:10A8600022F03EFB5C21284624F084FD2046142182
:10A8700024F080FD204670BD6B6D002BD3D1D6E750
:10A8800028469847D3E76B6D002BE3D1E5E72846D0
:10A890009847EBE72032002039660000397100004C
:10A8A0007032002034310020F8B53A4D2C69C4B123
:10A8B0002368394FDB6ABB425FD1A06D18B12AF023
:10A8C0001DFE0023A365236D002B4ED004F118005C
:10A8D00022F006FB2E697468013C7460ACB1002361
:10A8E0002B612E4800242E492E4A2F4B04704868B5
:10A8F0001268A3FB02324FF4FA73920C03FB02F2CC
:10A900004B681B1A9A42FBD8F8BD3368DB6ABB421E
:10A9100036D1B06D10B12AF0F1FDB465336D43B39B
:10A9200006F1180022F0DCFA2C69002CD7D023683D
:10A930001E4A5B6893422AD11D4BA06D236018B15B
:10A940002AF0DCFD0023A365236D04F11806D3B1C2
:10A95000304622F0C5FA174B3046A36022F0C0FA09
:10A960005C21204624F006FDB9E7636D002BADD1D4
:10A97000B0E7736D002BD3D1D6E720469847A9E7FF
:10A9800030469847D0E7636D002BE1D1E3E72046DE
:10A990009847A4E778B8002039660000B286012005
:10A9A000001000E0C0B6002083DE1B4339710000B8
:10A9B000703200203431002010B40120054C0021F9
:10A9C000054B4FF4AA72216018705DF8044B0348E0
:10A9D0002CF0BABC78D900208E86012084D90020C2
:10A9E0000B4B10B41B78012B0DD0022B08D1094B57
:10A9F000094C0A480A490B4AC3E90040C3E902125C
:10AA00005DF8044B7047034B074C0848F2E700BF62
:10AA100007CD0020F0B300200E0010000F00110041
:10AA200014001500160017000E000F001000110092
:10AA3000022998BF0138002810B530DB1E4B4FEAC1
:10AA4000E07E83FB003CCEEBEC1E02291B4C02F1A6
:10AA5000FF328CBF6FF00203092304FB0E00194480
:10AA6000174B01EBC10101EB011101F1020C0021B7
:10AA7000A3FB0C3C40F26D1303FB00230E4A03EBD7
:10AA80009003A2FB00200F4AA3EB50100E4B00EBEB
:10AA90009C00CEFB0201C01861F1000110BD6FF4F3
:10AAA000C77300EB030E044B83FB0E434FEAEE7EAD
:10AAB000CEEBE31EC9E700BF1F85EB5170FEFFFF21
:10AAC000CDCCCCCCB13A02009405F5FFF8B5364EAA
:10AAD0001D461446861941F10003002B5ADB194626
:10AAE0003046324A00232AF021FB3149314B01FB29
:10AAF0000061314E314F8A08A3FB02C3A6FB02C29C
:10AB000001EBD323A3EBD2130A09A7FB0272A3EB39
:10AB100012132B4AA2FB03722A4FA7FB037C9F1A36
:10AB20009B0802EB57024FF4C877A6FB036301EBC7
:10AB3000DC3140F26D1607FB00F0A1EBD311130AD4
:10AB400000EB1220204A06FB1311204B206040F23C
:10AB5000F95601EB810001310230B042A3FB003015
:10AB600098BF03234FEAD01088BF6FF00803034457
:10AB700000EBC00000EB00100230A2FB0020069AA0
:10AB8000A1EB900111602B602268022B98BF01326B
:10AB90002260F8BD0E4B054AC0184FF0000341F18A
:10ABA00000012AF0C3FAA0E76CFA0A00B13A0200E9
:10ABB0004FC5FDFF7F206B39D97CC65941D6720045
:10ABC00061F319671F2BD3E5CDCCCCCCD7802BD626
:10ABD000BCBF080030B595B0184C054604AB0DF16C
:10ABE000200C00930FCCACE80F000FCCACE80F00AA
:10ABF00094E80F008CE80F0003AB05AA2846104923
:10AC00002CF09EF903280BD108AD002455F8041B45
:10AC100005A82CF029FDE3B2013420B10C2CF5D1AC
:10AC2000002015B030BD04990133064A0120039C71
:10AC30004E3153711471917115B030BD080600206A
:10AC4000382B0020EC850120194930B5002401F192
:10AC500030050A4623461078063212F803EC112814
:10AC600012F802CC28BF0123BEF1110F28BF012327
:10AC7000BCF1B50F28BF0123002818BF0124AA4248
:10AC8000E9D114B10B4A0120107083B109480023A7
:10AC9000094A037001F8013B8A424B71CB724B7435
:10ACA000CB754B7781F8233081F82930F2D130BD54
:10ACB00004ED0020DA8601200AED0020FA2811DCDC
:10ACC000831E01F1F90C0020194403E0614503EBF8
:10ACD000420008D011F8013F00EB8002303B092B05
:10ACE000F4D97047002070472DE9F047DFF86890ED
:10ACF000D9F80060D9F800309B1B984225D904464A
:10AD0000DFF858A0124D4AF20268124F0CE06F6053
:10AD1000D9F80030CAF800300A2024F095F9D9F8A3
:10AD200000309B1BA34210D2D9F80030DAF8002083
:10AD30009B1AB3F57A7FEFD32B884BF280429B04AA
:10AD4000E5D4A5F80480AA80E2E7BDE8F08700BF5B
:10AD500000C00B4002A680B4E4850120747D012070
:10AD600038B5404B33F811C03F4B844546D8A0EB73
:10AD70000C004FF4FA64DFED3D1A00EE100A187A69
:10AD80001B79F0EE610A04FB00F0B8EEC00A04FB88
:10AD900003F3374C5A3024785A33800804EB041EEE
:10ADA000344C9B08A4FB0050A4FB034380089C0880
:10ADB000A0EB9300304B734402EE100A9B5CB8EE9C
:10ADC000C22A02EE903A2D4B33F81130F8EE622A87
:10ADD000A3EB0C0301EE103AB8EEC11AF8F770FDC0
:10ADE00004F5FA7307EE903AF8EEE77A37EE800A48
:10ADF000BCEEC00A10EE103A98B238BDACEB0000C1
:10AE00004FF4FA649FED192A00EE100A18791B78A6
:10AE1000F0EE420A04FB00F0B8EEC00A04FB03F3B4
:10AE2000134C5A3024785A33800804EB041E114C1A
:10AE30009B08A4FB0050A4FB034380089C08A0EBE4
:10AE400093000D4B734401EE900A9B5CF8EEE11AFF
:10AE500002EE903A0A4B33F81130F8EE622AACEB6E
:10AE60000303B7E7B4D5002098D600200000000007
:10AE7000DFCC0020176CC1162CD70020D8D50020BD
:10AE800044D6002030B587B00024644905A804AB3F
:10AE900003AA059400906248CDE903442CF050F8D1
:10AEA00003280ED19DF80C304A2B54D0462B0BD1E1
:10AEB0009DF80D30652B04D19DF80E30622B00F00B
:10AEC000A980002007B030BD4D2B52D19DF80D3028
:10AED000612BF6D19DF80E30722B02D0792BF0D178
:10AEE0000520049A013A1E2AEBD8059B40F2B17165
:10AEF0008B42E6DD02284B4994BF01240024A3EBDA
:10AF00000403A1FB0354484D4FEAD41405FB043C51
:10AF10008CBF6FF002030923A1FB0C1E4FEA9C01BA
:10AF2000034440F26D1003EBC30300FB0C113F48D8
:10AF300003EB03130A443E490233A2EB5E12A1FB6A
:10AF400003133C4902EB930300FB04338B42B8DD4F
:10AF500039481844B6E79DF80D30612B4CD0752B5D
:10AF6000AFD19DF80E306E2B56D06C2BA9D1072097
:10AF7000B7E7412B0BD19DF80D30702B43D0752BCB
:10AF80009FD19DF80E30672B9BD10820A9E7532B4A
:10AF900009D19DF80D30652B93D19DF80E30702BA3
:10AFA0008FD109209DE74F2B09D19DF80D30632BE0
:10AFB00087D19DF80E30742B83D10A2091E74E2B58
:10AFC0000BD19DF80D306F2B7FF47BAF9DF80E30C9
:10AFD000762B7FF476AF0B2083E7442B7FF471AFA1
:10AFE0009DF80D30652B7FF46CAF9DF80E30632B10
:10AFF0007FF467AF0C2074E79DF80E306E2B7FF462
:10B0000060AF01206DE79DF80E30722B7FF459AFD1
:10B01000042066E7022064E7062062E77824002027
:10B02000842400201F85EB5170FEFFFFB13A02001F
:10B03000CDCCCCCCC1410B003EBEF4FF38B5134C97
:10B040000246134D0B4613481DF07CFD124B616800
:10B050002A68A3FB02326423920C03FB02F26368AA
:10B060005B1A9A42FBD80B481DF062FC60680A4BE1
:10B0700064242A680549A3FB0232920C04FB02F205
:10B080004B681B1A9A42FBD838BD00BF001000E085
:10B09000C0B600203C05012083DE1B43254A034641
:10B0A00030B592E8030089B00832234D0090ADF826
:10B0B0000410224C92E803000290ADF80C1095E8C1
:10B0C00003000490ADF8141094E803000690ADF866
:10B0D0001C1063B36A4604A90DF1050E18464FF023
:10B0E000050C01E012F801CF00F00F03634503D116
:10B0F0000B7800F0F0001843724501F10101F1D125
:10B1000002AB06AA0DF10D0E4FF0500C01E013F842
:10B1100001CF00F0F001614503D1117800F00F007C
:10B120000843734502F10102F1D109B030BD362068
:10B1300009B030BD38060020B81B0020C01B00201D
:10B140000B4B1B789BB90B4B1B7883B90A4B1B78B5
:10B150006BB10A4A0A4B917892F801C0D078998075
:10B1600011795279A3F802C0D88019815A817047A9
:10B1700076860120788601200BCD0020BCEC0020D3
:10B18000845B0120354A00233549B2EE086A10B5C8
:10B19000507882B092F803C060F307039078D1ED45
:10B1A000007A60F30F2310792E4C6CF317432E496D
:10B1B000D4ED006A60F31F632C4A07EE103A136067
:10B1C00077EE677AB6EE007AF4EEE67AC1ED007AB1
:10B1D000FDEEE76AF1EE10FAF8EEE65AC8BFC4EDEC
:10B1E000007A77EEE57AA7EE867AFDEEC77A17EE5B
:10B1F000900A0B2805DD16EE903A0020013306EE8A
:10B20000903A16EE903A0090194A1F2119482AF0F8
:10B2100031FE94ED007AB2EE086AFDEEC76AF6EEF2
:10B22000007AF8EEE65A37EE657AE7EE067AFDEE3A
:10B23000E77A17EE904A0B2C05DD16EE903A0024C3
:10B24000013306EE903A16EE903A094A1F21009417
:10B2500009482AF00FFE02B010BD00BF18D500202B
:10B26000BCD800202005012024050120280501204C
:10B27000B010002014B80020F4B700200F490023BC
:10B280000F4A10B5487882B091F803C060F3070305
:10B2900088780C4C60F30F23087909216CF317436D
:10B2A00060F31F63084807EE903A2360B7EEE76A41
:10B2B0008DED006B2AF0DEFD02B010BD18D5002028
:10B2C000901700203405012060B800200D4A642149
:10B2D0000D4B30B4156800EB400203EB42035A7982
:10B2E0009C7842F001025A715A7811FB0255074AC4
:10B2F00011FB0451064C42F8205044F8201030BC99
:10B30000704700BFE485012004ED0020C4EC00205C
:10B31000E4EC0020234A244B70B453F82030156825
:10B32000224CAB4212D9224900EB4002430051F8B3
:10B33000201004EB4202A94252792FD8034402F0B4
:10B34000010204EB43035A7170BC704700EB4001EB
:10B35000174A430004EB410152F820604A79B54294
:10B3600042F002024A71E9D2034404EB4303DA7863
:10B37000013AD1B20F29E7D84FF4FA641B790D498D
:10B3800004FB03F30C485A339B08A1FB03139B08EF
:10B3900003F5FA7370BC20F8123070479207D3D5CA
:10B3A000E2E700BFE4850120C4EC002004ED0020AA
:10B3B000E4EC0020176CC116845B01202DE9F041FC
:10B3C0000024144DDFF8508040F6C217264606E0F0
:10B3D000CBB1FFF79FFF01340635082C11D02B7835
:10B3E000E0B2013BDBB20F2BF5D838F81330BB428B
:10B3F0006B79EDD8002BEED001346E710635082C38
:10B40000EDD1BDE8F081FFF761FF6B79002BE2D051
:10B41000DFE700BF04ED0020845B0120084B1B78B0
:10B42000012B07D0022B04D1064B0749074AC3E979
:10B4300000127047034B0649064AC3E900127047E1
:10B4400007CD0020C0BE002022232627242528293E
:10B45000222324252627282930B4F1B1134D0139A0
:10B46000431E134CB5F800C010FA81F013F8011F09
:10B47000A1F120025E2A09D80CF10102BCF17E0F75
:10B4800092B203D804F80C1094462A809842EDD169
:10B49000002304F80C3030BC7047044B044CB3F864
:10B4A00000C0002304F80C3030BC70472C8601200B
:10B4B00034040120164A00231648118810B4164C93
:10B4C00041FA03F2D20703D530F8132024F81320F1
:10B4D0000133102BF4D1114B1B78ABB9104B1B78F7
:10B4E00093B9104B4FF4FA640F4A1B780F4804FBD2
:10B4F00003F3094900785A339B08A2FB03239B08F6
:10B5000003F5FA7321F810305DF8044B704700BF63
:10B510000A86012028D50020845B0120E2CC00208F
:10B52000B3860120F8CC0020176CC116F7CC0020A0
:10B530002DE9F0472D4B01212D4D002218884FF4A5
:10B54000FA6EB5F8048040F6C41C2A4C2A4F2B4EE4
:10B5500024E037F81290A9F5FA790EFB09F909F5FC
:10B560007A7986FB093AB9F1000F4FEAE973C3EB28
:10B57000EA131CDBA3F57A7335F8129009FA83F30A
:10B580006345A8BF6346B3F5FA7FB8BF4FF4FA73BB
:10B5900024F8123010290ED00132013140FA02F3A2
:10B5A000DB07F7D5022AD4D1A4F80480F4E76FF4BE
:10B5B0007A794B44E0E7124B1B78ABB9114B1B78FF
:10B5C00093B9114B4FF4FA64104A1B78104804FBEE
:10B5D00003F3084900785A339B08A2FB03239B0816
:10B5E00003F5FA7321F81030BDE8F0870A860120D0
:10B5F00028D50020845B0120BC040120D34D6210BB
:10B60000E2CC0020B3860120F8CC0020176CC116D4
:10B61000F7CC002038B51C481DF080FA00B938BDC1
:10B6200019481DF067FA194D044617482946224665
:10B630001DF07CFA2B88002BF1D0023C144BA400A7
:10B6400083FB0423A3EBE4739807DAB203D0531C03
:10B650009907DAB2FBD10F490F48F7F7BDFF002178
:10B66000B5F800E00B460D4C4EFA03F201F1010C67
:10B67000D20705D530F811205FFA8CF124F8132099
:10B680000133102BF0D138BD3C050120A4D6002099
:10B69000ABAAAA2AA6D60020B005012028D50020F2
:10B6A00070B582B0054619489DF81810184C194E0F
:10B6B000CDE900321DF048FC1448DDE900321DF0F0
:10B6C00041FA12481DF034F9134B61683268A3FB4C
:10B6D00002326423920C03FB02F263685B1A9A4203
:10B6E000FBD8294609481DF0E1F860680A4B64243C
:10B6F00032680749A3FB0232920C04FB02F24B684A
:10B700001B1A9A42FBD802B070BD00BF3C05012055
:10B71000001000E0C0B6002083DE1B43184A1378F7
:10B7200013B94D2303701378022B02D14223037007
:10B730001378012B01D14E230370124B1B78E3B910
:10B74000114B124A124810B41B78124C013B5B009B
:10B75000DBB20B701278013A43EAC203DBB20B7022
:10B7600022785DF8044B43EA4213DBB20B70027897
:10B7700043EA8213DBB20B70704701230B707047F2
:10B7800079860120E2CC0020EBCC0020DFCC002029
:10B79000CB860120B386012010B582B0F8F71CF9E2
:10B7A000C8B91D4B0224187023461C4A01211C48AD
:10B7B0001DF076FB1B491C4A1C4B48681268A3FB12
:10B7C0000232920CC2EB021252004B681B1A9A42D0
:10B7D000FBD802B010BD07EE900AF7EE086AB1EE92
:10B7E000007A1349F8EE677A1248A7EEA67AFCEEC3
:10B7F000C77ACDED017A9DF8044007EE904AB8EE85
:10B80000E77AC7EE267AFCEEE77ACDED017A9DF86D
:10B810000420F7F7A5FEC7E7F9CC0020D0D600201A
:10B820003C050120001000E0C0B6002083DE1B4371
:10B8300084050120D2D6002030B50E4D0024AE463E
:10B84000F4461EF8010F0F2809D87CB10A4B01E01D
:10B850008C450BD01A78194601339042F8D1002359
:10B8600005F8013F0133102BFAD130BD0134102C03
:10B87000E6D130BD97B6002098B60020104910B42C
:10B8800001F155000024A1F1110212F8013B013B26
:10B89000632B0CD89142F8D111318142F3D15CB1C4
:10B8A0005522642107485DF8044B2BF04DBD113142
:10B8B00001248142E7D1F2E75DF8044B704700BFF5
:10B8C000C15B0120B05B0120144B40F6C41C144A3C
:10B8D00003F1160030B54FF0320E4FF43E7540F2D2
:10B8E000DC5404E08342148002F1020214D033F8E5
:10B8F000021BB1F57A7F01D8312901D823F802EC77
:10B9000011886145EED8B1F5967F02F1020238BF89
:10B9100022F8025C8342EAD130BD00BF58BE00204D
:10B9200040BE00203D4A2DE9F047117884B0024620
:10B930008DED030A41B910EE103A39491BB208687F
:10B9400002FB033303440B60364F396951B10C6875
:10B95000D3173548246A844259D1086D00284AD04B
:10B96000002B4FD03148324E4468324B3268A3FB33
:10B970000232920C02EB8202520043681B1B9A4275
:10B98000FBD803AD0DF1100ADFF8AC90274CDFF8BF
:10B99000A48015F8013B8DF80B3051B10B68DB68C2
:10B9A0004B4522D1086DA0B101220DF10B0120F011
:10B9B000E9F861683268A8FB0232920C02EB82025D
:10B9C000520063685B1A9A42FBD855450AD0396920
:10B9D000DFE7486D0028ECD001220DF10B011EF0CD
:10B9E00001FDE6E704B0BDE8F087084601220DF14D
:10B9F0000B019847DDE7486D0028B3D01DF006FE27
:10BA00003969AFE711461FF0E1FE3969AAE7084638
:10BA100000210091A0473969A4E700BF8886012072
:10BA200098D7002078B8002081710000001000E055
:10BA3000C0B6002083DE1B43456F00002DE9F04FA8
:10BA40003F4E85B0824632695AB111684FEAEA73B7
:10BA50003C48096A81426AD1106D00285AD0002BF7
:10BA600060D03948394D4468394B2968A3FB01310E
:10BA7000890C01EB8101490043681B1B9942FBD8EB
:10BA80000DF10C0B0DF11008DFF8D0902E4C304F5B
:10BA9000002A53D013689B684B4535D1106DD0B147
:10BAA00001220DF10B011FF049FC002846D09DF842
:10BAB0000B300BF8013B61682A68A7FB0232920C3D
:10BAC00002EB8202520063685B1A9A42FBD8D845A7
:10BAD0000AD03269DCE7506D0028E8D001220DF170
:10BAE0000B011DF0ADFCE0E71A4A039B127832B956
:10BAF00019491AB208680AFB022202440A6000EEE1
:10BB0000103A05B0BDE8F08F10460DF10B0101228F
:10BB10009847CAE7506D0028A3D052461DF076FD25
:10BB200032699EE751461FF051FE326999E710468F
:10BB30000022009252468847326992E7FF23B8E715
:10BB400078B8002081710000001000E0C0B600202D
:10BB500083DE1B438886012098D70020616E000099
:10BB6000824B02461B78F0B50C4685B033B980494C
:10BB700023B2086802FB033303440B607D4E376930
:10BB80006FB13968D3177C48096A814240F0DA8086
:10BB9000386D002800F0BB80002B00F0C080774992
:10BBA000774D4868774B2A68A3FB0232920C02EB70
:10BBB000820252004B681B1A9A42FBD88DF80F4044
:10BBC00077B13B68704ADB68934240F0C780386DBC
:10BBD00000287FD001220DF10F011FF0D3FF37693C
:10BBE0006649684B48682A68A3FB0232920C02EB54
:10BBF000820252004B681B1A9A42FBD8230A8DF826
:10BC00000F3077B13B68604ADB68934240F08C802C
:10BC1000386D002854D001220DF10F011FF0B2FF42
:10BC200037695649574B48682A68A3FB0232920C81
:10BC300002EB820252004B681B1A9A42FBD8230C7B
:10BC40008DF80F306FB13B684F4ADB68934272D179
:10BC5000386D002848D001220DF10F011FF092FF2E
:10BC600037694649474B48682A68A3FB0232920C61
:10BC700002EB820252004B681B1A9A42FBD8240E38
:10BC80008DF80F4067B13B683F4ADB6893425FD154
:10BC9000386D002832D001220DF10F011FF072FF24
:10BCA0003649384B48682A68A3FB0232920C02EBF3
:10BCB000820252004B681B1A9A42FBD805B0F0BDB5
:10BCC000786D0028ADD001220DF10F011EF08AFB26
:10BCD0003769A6E7786D002882D001220DF10F01A7
:10BCE0001EF080FB37697BE7786D0028B9D0012210
:10BCF0000DF10F011EF076FB3769B2E7786D002871
:10BD0000CED001220DF10F011EF06CFBC8E7786D5B
:10BD100000283FF444AF1DF079FC37693FE7114636
:10BD20001FF054FD37693AE7384601220DF10F0143
:10BD30009847376975E7384601220DF10F0198479A
:10BD400037698EE70025384600958847376926E72A
:10BD500001220DF10F0138469847A1E7384601222C
:10BD60000DF10F01984737693AE700BF8886012037
:10BD700098D7002078B8002081710000001000E002
:10BD8000C0B6002083DE1B43456F0000F0B56C4D4C
:10BD900085B02C69002C00F0C0802168C317694A67
:10BDA0000E6A964240F0AE80226D002A72D0002BBF
:10BDB00000F0AE808B68644EB34240F09D80104628
:10BDC00001220DF10F011FF0B9FA002800F0AE803A
:10BDD0009DF80F702B69002B00F0A1801A68946801
:10BDE000B4427ED1186D00284AD001220DF10F0116
:10BDF0001FF0A4FA2B69002800F09C809DF80F200A
:10BE000012021744002B00F08C801A689468B44228
:10BE100060D1186D50B301220DF10F011FF08EFAA1
:10BE20002B69002800F089809DF80F4024042744E6
:10BE3000002B78D01A689568B54245D1186D60B16D
:10BE400001220DF10F011FF079FA00286BD09DF847
:10BE50000F000006384405B0F0BD586D0028F6D03C
:10BE600001220DF10F011DF0EBFAEEE7586D0028ED
:10BE7000DAD001220DF10F011DF0E2FA2B69D0E7B3
:10BE8000586D0028BAD001220DF10F011DF0D8FA2B
:10BE90002B69B0E7666D5EB3024630461DF0B6FB17
:10BEA0002C69002C39D02368274E9B68B34223D1DC
:10BEB000206D002884D1606D002889D001220DF109
:10BEC0000F011DF0BDFA80E701220DF10F011846A8
:10BED000A847BAE7184601220DF10F01A0472B69C8
:10BEE0009FE7184601220DF10F01A0472B6982E759
:10BEF0008B68154EB342DED0012220460DF10F01B2
:10BF0000984762E70021024620460091B047C7E704
:10BF1000014610461FF05AFCC2E74FF0FF37A7F565
:10BF20008077A7F580374FF07F4093E72B694FF07C
:10BF3000FF3750E76FF0FF0263E7044C77E700BF7D
:10BF400078B8002081710000616E00000000FFFFE2
:10BF50004D4B02461B78F0B50C4685B02BB94B49CA
:10BF600000FB0443086803440B60494F3E6956B127
:10BF70003168D3174748096A814277D1306D00286C
:10BF800062D0002B67D04449444D4868444B2A682E
:10BF9000A3FB0232920C02EB820252004B681B1A86
:10BFA0009A42FBD88DF80F406EB133683D4ADB688A
:10BFB000934261D1306D00283CD001220DF10F0178
:10BFC0001FF0E0FD3E693449354B48682A68A3FB01
:10BFD0000232920C02EB820252004B681B1A9A4208
:10BFE000FBD824128DF80F405EB133682D4ADB6810
:10BFF000934235D1306DA0B101220DF10F011FF038
:10C00000C1FD2549264B48682A68A3FB0232920CE1
:10C0100002EB820252004B681B1A9A42FBD805B011
:10C02000F0BD706D0028ECD001220DF10F011EF063
:10C03000D9F9E6E7706D0028C5D001220DF10F0196
:10C040001EF0D0F93E69BEE7706D00289BD01DF050
:10C05000DDFA3E6997E711461FF0B8FB3E6992E7AB
:10C0600001220DF10F0130469847CAE700253046FE
:10C07000009588473E6986E7304601220DF10F01A1
:10C0800098473E699FE700BF8886012098D7002027
:10C0900078B8002081710000001000E0C0B60020D8
:10C0A00083DE1B43456F0000344B02461B78F0B51E
:10C0B0000C4685B02BB9324900FB044308680344A1
:10C0C0000B60304D2F6957B13968D3172E48096A74
:10C0D00081424DD1386D002838D0002B3DD02B49FE
:10C0E0002B4D4E682B4B2A68A3FB0232920C02EBBD
:10C0F000820252004B689B1B9A42FBD88DF80F407E
:10C100005FB13B68244ADB6893422BD1386DA0B104
:10C1100001220DF10F011FF035FD1C491D4B486830
:10C120002A68A3FB0232920C02EB820252004B6897
:10C130001B1A9A42FBD805B0F0BD786D0028ECD0F0
:10C1400001220DF10F011EF04DF9E6E7786D002890
:10C15000C5D01DF05BFA2F69C1E711461FF036FB11
:10C160002F69BCE701220DF10F0138469847D4E74B
:10C1700000263846009688472F69B0E78886012058
:10C1800098D7002078B8002081710000001000E0EE
:10C19000C0B6002083DE1B43456F000038B50A4A55
:10C1A00001230A4C0A4D116820682B70FFF7D8FC58
:10C1B0002068FF2104302060FFF776FF236800220B
:10C1C00001332A70236038BD98D70020D00A01209F
:10C1D00088860120F0B5414E85B005463469002CB3
:10C1E00072D02268C3173E48116A814262D1206D25
:10C1F000002837D0002B63D093683A4FBB4253D10D
:10C2000001220DF10F011FF099F8002861D09DF86F
:10C210000F403369002B59D01A689668BE4239D155
:10C22000186DB0B101220DF10F011FF087F8002841
:10C230004CD09DF80F301B022B4A2344127818B2C1
:10C240002AB92A4B05FB00051A6815441D6005B084
:10C25000F0BD586D0028ECD001220DF10F011DF04A
:10C26000EFF8E4E7606DD8B12A461DF0CFF93469E4
:10C2700054B323681B4F9B68BB4215D1206D002827
:10C28000BED1606D0028C2D001220DF10F011DF05A
:10C29000D7F8BAE7012218460DF10F01B047C6E7FB
:10C2A0009368104FBB42ECD0204601220DF10F01E4
:10C2B0009847AAE70022204600922A468847D6E7F8
:10C2C00029461FF083FAD2E74FF6FF744FF47F43FD
:10C2D000B2E733694FF6FF749CE700BF78B80020DF
:10C2E00081710000616E00008886012098D70020CF
:10C2F00070B52C4E84B00546346914B32268C31758
:10C300002948116A814243D1206DF0B1002B45D0FC
:10C310009368264A934235D101220DF10F011FF097
:10C320000DF870B19DF80F000346214A127832B91A
:10C33000204ADBB2116805FB03330B44136004B0E1
:10C3400070BDFF204FF0FF33EFE7606DB0B12A46BC
:10C350001DF05CF93469002CF3D02368134A9B6804
:10C3600093420FD1206D0028D6D1606D0028D9D01E
:10C3700001220DF10F011DF063F8D2E793680B4A1B
:10C380009342F2D001220DF10F0120469847C8E7F1
:10C390000022204600922A468847DBE729461FF004
:10C3A00015FAD7E778B8002081710000616E0000AF
:10C3B0008886012098D7002070B5114C0123114EBA
:10C3C00020683370FFF7E2FC236805460433184603
:10C3D0002360FFF78DFFFF28236804D0002201337C
:10C3E0003270236070BD084A002101331268317039
:10C3F000AA422360F6D0054B02221A7070BD00BF1E
:10C40000D00A01208886012098D700208B86012041
:10C410002C4B9A8A0F2A4CD81988002949D0588861
:10C42000002846D030B49C88002C40D0C9B2C8291E
:10C4300040D8254D2970C0B22449E4B2C82888BF2D
:10C44000C820C82C0870224938D80C70DC8818899C
:10C45000082C2049204DA8BF0824082895F800C0C2
:10C46000A8BF0820082A0C70A8BF08225C89487061
:10C47000082C1A48CA719A896044A8BF0824B3F8E6
:10C4800016C0082A00F801CCA8BF0822D8898C70F1
:10C490000828CA701A8AA8BF08205B8A082A08716F
:10C4A000A8BF0822082BA8BF08234A718B7130BC93
:10C4B000704770470449C8250D70BCE7C820087054
:10C4C000C4E700BFA80C0120E8CC0020E9CC002084
:10C4D000EACC0020B4B60020DFCC002014D7002026
:10C4E00070B4144D144E2B783278C82B20D8C82A3B
:10C4F00094BF00220122114C2378C92B104B28BF76
:10C50000012203F1080013F8011F112928BF01229D
:10C510008342F8D152B164220A4B32200A49327068
:10C520004B2220702A700022C3E9001270BC7047B1
:10C530000122E0E7E9CC0020E8CC0020EACC002092
:10C54000B3B60020B4B6002001020400F0EE407A39
:10C5500004282DD8DFE800F0181D22270300DFEDA6
:10C56000166A164B164A87EEA67A1B789FED150AB7
:10C5700003EB031313445B5C5A3B07EE903AF8EE6F
:10C58000E77AA7EE870A7047DFED0B6A0B4B0E4A7E
:10C59000E9E7DFED096A094B0C4AE4E7DFED066ADB
:10C5A000064B0B4ADFE7DFED046A044B094ADAE782
:10C5B0009FED090A704700BF0000C842DFCC002091
:10C5C00034ED00200000B44264EE00200CEE0020A8
:10C5D0005CD50020B4ED00200000000004281CD829
:10C5E000DFE800F00F12151803000D4B0D4A1B7801
:10C5F00003EB031313445B5C00EE103AB8EE400A01
:10C600007047074B084AF2E7054B084AEFE7044B2F
:10C61000074AECE7024B074AE9E79FED070A704734
:10C62000DFCC002034ED002064EE00200CEE002072
:10C630005CD50020B4ED002000000000642938B56E
:10C640000AD0184B451C03F1080413F8012F0AB156
:10C65000954211D0A342F8D1C1B2134D002420B2AB
:10C660000134FFF7BBFFBCEEC00A052C10EE103AF8
:10C6700025F8023BF3D138BD07EE901A0A4D01B2FE
:10C680000024B8EE676A20B2B0EE460AFFF75EFFFC
:10C69000BCEEC00A013410EE103A052C25F8023B1E
:10C6A000F1D138BDB3B6002098D600202DE9F04373
:10C6B000002387B006460F4601ADDFF844808DF8B1
:10C6C000043002E0B8F800302B5328462BF0D8F99C
:10C6D000044630462BF0D4F904EB0009B945F1D3F8
:10C6E000421C3146281922F0A9FD09F10102294610
:10C6F000304622F0A3FD304607B0BDE8F08300BF0E
:10C70000D8AB00202DE9F04F3B4E0023DFF8F4803A
:10C7100083B007460C461546DFF8ECA0B14688F812
:10C720000030484609F16F096E2200212AF00CFE04
:10C73000CA45F6D1314B41F287321B88934202D869
:10C740002F4A42F82350002C53D00022013341F2EB
:10C75000873ADFF8ACB0944610460193019B0CF188
:10C76000FF3EC318BE449BB21EF8019F411CB9F1A5
:10C770007C0F25D10CF1010C262888B205EB0C02A8
:10C7800017D8534501D84BF82320013364454FF0A7
:10C7900000029BB2E8D80CF1010C6445DED80446D7
:10C7A000C4EBC403C4EB0314335D33B1013080B276
:10C7B00003E00123282088F8003003B0BDE8F08FA3
:10C7C0006445E8D96C2AE6D8B9F11F0FE3D9C0EB6C
:10C7D000C0030CF1010C4FF00001C0EB03136445E2
:10C7E000334403F8029002F1010292B29954B5D891
:10C7F000D5E72046D4E700BFDCDA002046860120DA
:10C80000640D0120E486012034EC002038B5F7F7F0
:10C8100079FC194B0021194A1B781948013B11700A
:10C820000170D9B2032907D81649174DC95C174CB6
:10C83000EB5CE35C99421BD0154B1B78013BD9B2F2
:10C84000032907D80F49104DC95C104CEB5CE35C21
:10C85000994203D013780F4A137038BD00214FF06E
:10C86000010C11700B460B4A80F800C0137038BDE4
:10C8700001231370E0E700BF73860120B386012017
:10C88000CB860120805C0120BC330020785C012035
:10C89000CC860120B4860120194B1A4A1B6C1A4918
:10C8A000180CF0B5194C83B002F1040E184E194D56
:10C8B0008DF80600ADF8043012F8013B013BD8B208
:10C8C00004EB430C032813D8F75C14F813309CF8DE
:10C8D00001009C460FB103466046EB5C73B92B5CCC
:10C8E00002A8C3F1020350FA83F313F8053C0B705E
:10C8F000964501F10101DFD103B0F0BDB423F6E7A5
:10C9000008060020DC7A0120E07A0120C0330020F4
:10C91000805C0120785C0120244B1A7810B4FAB9AD
:10C920002349244B00221B780A60013BDAB2032A18
:10C9300010D8214A214802EB4301C05C497812F823
:10C94000133010B11A460B4611461D4AD35C4BBB3F
:10C95000535CC3B11B4B01221A705DF8044B704746
:10C96000194A1A49127809780A4306D11049086809
:10C9700078B9174B1B680B60EFE70D4B00225DF891
:10C98000044B1A6070470F4B02221A705DF8044B7B
:10C9900070470F4C2468201A41F28834A042DCD939
:10C9A0001A70BEE7074B03221A70D6E7758601207E
:10C9B000B87D0120E0CC0020C0330020805C012045
:10C9C000785C0120DFCC0020BA860120848601201B
:10C9D000E4850120164B1B78013BDAB2032A1AD8F2
:10C9E000144A154902EB4300C95C12F8133042782F
:10C9F00091B91249CB5C2BB98B5C8BB1104B0122E6
:10CA00001A7070470F4B1B7813B90F4B04221A7022
:10CA10000B4B00221A707047194613460A46E8E786
:10CA2000084B1B78002BE9D1074B04221A70E5E76D
:10CA300073860120C0330020805C0120785C0120D7
:10CA4000B386012075860120DFCC0020F8B5144E96
:10CA50000125002477190AE0022C1CD0042C14D1E3
:10CA6000BB885BBABB80082D0ED00134013516F8A7
:10CA7000010F22F091FB0028F5D0002CECD13B886F
:10CA8000082D5BBA3B80F0D1F8BD062CEBD1FB88BA
:10CA90005BBAFB80E9E77B885BBA7B80E3E700BF9A
:10CAA0006FBE0020114B1B78F3B1114B1B78012B8B
:10CAB0001AD1C8B10F490A78F92A15D8531CDBB22C
:10CAC00010B4FA2B0C4C24F8130009D0931CDBB2E1
:10CAD000FA2B24F8130003D00332D3B224F8130046
:10CAE0000B705DF8044B7047704700BFB1860120A2
:10CAF00076860120BA8601203802012070B5974C55
:10CB00002388013B212B2CD8DFE813F0DD00D10076
:10CB1000C4002B002B00C2002200B500AE00A8000C
:10CB20009800910087007A00730068005E0057004B
:10CB30004C00410036002B002B002B002C002C0059
:10CB40002F00CC01B401A6018E016E011301F40087
:10CB5000834D844C0FCD0FC495E8030044F8040BBB
:10CB6000218070BD7B23A38070BD7F4B40F24112BA
:10CB70001B68A280E38070BD7C4B7D4A03F10800F6
:10CB800013F8011F834222F8021FF9D170BD794BBF
:10CB9000774A03F1090013F8011F834222F8021FAC
:10CBA000F9D170BD744B724A03F1090013F8011FEB
:10CBB000834222F8021FF9D170BD704B40F241123E
:10CBC0001B88A280E38070BD6D4B694AD81D13F8A5
:10CBD000011F834222F8021FF9D170BD694B644ADC
:10CBE00003F1080013F8011F834222F8021FF9D154
:10CBF00070BD654B40F241121B88A280E38070BD7E
:10CC0000624B5B4A981D13F8011F834222F8021FF2
:10CC1000F9D15F4B1B78238270BD5E4B544AD81DFF
:10CC200013F8011F834222F8021FF9D170BD5A4B3D
:10CC300040F241121B88A280E38070BD57485849DA
:10CC400085880068574A206108884988A582E08263
:10CC5000444B218307CA83E8070070BD524A414B09
:10CC600007CA83E8070070BD504B40F241121B8891
:10CC7000A280E38070BD4E4B1B68D8B2C3F307217E
:10CC8000C3F307421B0EA080E1802281638170BD47
:10CC9000484D5EE7484B1A78002A3FF462AF002106
:10CCA0004648E2800022A1801970026070BD444AAB
:10CCB00040F2D243D2ED007AE380FCEEE77A17EE41
:10CCC000903AA38070BD3F4D00204FF0010E05F15A
:10CCD00010029446ACEB020312F8011D0EFA03F3A6
:10CCE000034301B198B29542F4D1030AC0B2A380C4
:10CCF000E08070BD344D28461CF02CFA002840F02E
:10CD0000D8803248324A334905781078324A334B5A
:10CD100091F800C01178324A1B781278A38040F253
:10CD20004113E580A4F808C06081A181E2812382DB
:10CD300070BD2C4B93F8281093F8292093F82A0003
:10CD4000A180E28093F82B1093F82C2093F82D30DB
:10CD500020816181A281E38170BD00BF1C0201209E
:10CD600040BE002020020120A8D700201D01012084
:10CD70001E020120140101200B0101202486012044
:10CD8000630501206A0501203A8601207A05012009
:10CD9000E186012073050120308601202801012051
:10CDA00030010120440101203801012026860120A4
:10CDB00044B7002058BE002092860120CCD7002026
:10CDC000A8BB002084D70020EC8501209E8601208E
:10CDD0009C8601209F8601209D860120A28601203D
:10CDE000A086012080D80020404B9A7F597FE280A6
:10CDF00093F82020D87F628193F82220A180E281DD
:10CE000093F8211093F824202081A18193F8230026
:10CE100093F82510628293F8262093F82730208219
:10CE2000A182E282238370BD304BDA7C997CE28060
:10CE30005A7D187D6281DA7DA180E281997D5A7EDA
:10CE40002081A181187E997E6282DA7E1B7F2082FA
:10CE5000A182E282238370BD244B197B5A7B987B8D
:10CE6000A180E280D97B1A7C5B7C20816181A281D8
:10CE7000E38170BD1D4B9A785978E2801A79D87891
:10CE800062819A79A180E28159791A7A2081A181FF
:10CE9000D879597A62829A7ADB7A2082A182E282F8
:10CEA000238370BD124B40F241121B68A280E380C5
:10CEB00070BD2A780F4E697832700F4EA8783170A5
:10CEC0000E4E95F803E030700D4EAB7986F800E019
:10CED00095F804C01E3B0B4E6D79DBB286F800C09E
:10CEE000094E3570094E337018E700BF80D8002016
:10CEF000A0D70020A08601209D8601209C860120CD
:10CF0000A18601209F8601209E860120A286012005
:10CF10001C4A38B51C4B12781C4C33F812305A1E80
:10CF20002380212A1CD8FFF7E9FD194DA4464FF0B4
:10CF30000C0E2C463CF8043B24F8023BBCE80F00E6
:10CF4000C5F80200A260BCF80420DCF80000E36031
:10CF5000A28200220F4B2061704661601A8038BDAA
:10CF600017210D4823F074FE21880C4821F0D0FDD4
:10CF70000A4821F0D9FD4FF0080E064B00227046FA
:10CF80001A8038BDBA860120380201201C02012017
:10CF900084050120D0D6002088210020D0BD0020AB
:10CFA000F0B52D4F04460E4615463B78012B2DED6E
:10CFB000028B83B02ED013D9FDEEC07AB7EEC08AB3
:10CFC000F8EEE77AF4EE407AF1EE10FA16D10A2E76
:10CFD00014D0224A294620468DED008B28F04AFFC6
:10CFE000204603B0BDEC028BF0BD1D4A29468DEDF5
:10CFF000008B28F03FFF3B78012BF1D9184A2946D6
:10D0000020468DED008B28F035FF204603B0BDECA7
:10D01000028BF0BDFDEEC07AB7EEC08AF8EEE77A7B
:10D02000F4EE407AF1EE10FADFD1092909D80B4A63
:10D0300029468DED008B28F01DFF3B78012BC8D8C9
:10D04000CEE7084A29468DED008B28F013FF3B7888
:10D05000012BBCD8C4E700BFC9860120DC1F00201B
:10D06000EC1F0020E41F0020810700F0010348BFEF
:10D070000133420701D50133DBB2010701D501338A
:10D08000DBB2C20601D50133DBB21846704700BFE0
:10D09000F0B5002589B0144C144F2E462278EE4688
:10D0A000A44600230EF8012B01331CF8012F2E2A71
:10D0B0000DD00C2BF6D1394668462AF0D5FA80B14E
:10D0C00001351834592DE9D1002009B0F0BD2033C5
:10D0D000394668466B4403F8206C2AF0C5FA0028EC
:10D0E000EED1A8B209B0F0BDC46C0120F4F000206C
:10D0F000174B40F2FF72174903F1200010B423F8D8
:10D10000022F834221F8022FF9D1134B4FF0B43094
:10D110004FF05A31114C1B78114A03EB0313E050C6
:10D1200004EB030CD1501A440E4CCCF80400CCF89C
:10D130000800CCF80C00E01851609160D16000222A
:10D14000E25042608260C2605DF8044B704700BFED
:10D15000D6D5002042D60020DFCC002034ED0020C0
:10D160005CD5002064EE00201E491F4A1F4B20485A
:10D170002DE9F04191F800C003F1200E1D4C0CEB9D
:10D180000C1C1D4D1D4E944408E0198821802980F7
:10D19000023302340235043073451ED01CF8012FCF
:10D1A000632AF5D831680768C91B0A29EDD93768A1
:10D1B00019880760278801B939467F1A87EAE77816
:10D1C000A8EBE7789045B8BF0122002F02DB06D11B
:10D1D0001980DBE7891A89B2FAE7BDE8F0811144CA
:10D1E00089B2F5E7DFCC00209E5B01206CD60020E1
:10D1F000787D0120845B0120BC040120E4850120AE
:10D20000F0B50F4E89B00F4C6F460F4D04F1100E64
:10D210000FCE0FC7A6F1120C96E80F0087E80F009B
:10D2200014F8013F08AA02EB4303744533F8203C8D
:10D230002CF8023F25F8023FF2D109B0F0BD00BF43
:10D24000BC04012097B60020825B012023482449BA
:10D25000244B254A2DE9F04390F800C002F1100755
:10D2600091F800E040F6C415B3F800800CEB0C1CFC
:10D270001E491F4C1F48204E14E0E14456F82990E7
:10D28000A9F1500908FB0933AB42A8BF2B46B3F5FF
:10D29000FA7FB8BF4FF4FA7397429BB20B8020F825
:10D2A000023F18D014F8013FBEF1020F31F8029F7F
:10D2B000A3F17F0303EB83034B4412F8019FDCD1FE
:10D2C000B9F1010F05D0B9F1020F08BF4FF0010904
:10D2D000D3E7F146D1E7BDE8F08300BFDFCC002003
:10D2E00007CD0020C2CC0020ABB70020825B01201C
:10D2F000635C0120BA040120107B01202DE9F04F6E
:10D30000DFF8648083B0144F0024144E144DDFF80E
:10D310005CB0DFF85CA0DFF85C90A2B29BF8001074
:10D3200010460192FFF78AF90E4B019A1B7817F805
:10D33000011F03EB031338F8020F4B441B5D01344C
:10D340005AF823309847102C26F8020F25F8020FC0
:10D35000E3D103B0BDE8F08FABB70020BA040120E1
:10D36000825B0120DFCC0020C6D80020ECCC00205E
:10D37000C8B70020ECD80020F8B51B4B1B4ED3F8E3
:10D380003002D3F82032741C42BAB71DC0F307250F
:10D39000C0B232801A0EB2701A0C5BBAF270B3804F
:10D3A000FDF77CFE04F8010BBC4206D02078FDF7A7
:10D3B00075FE04F8010BBC42F8D1B37871791B06F5
:10D3C000F47872785B184FEA0444317942F1000234
:10D3D0001B194FEA0121064842F100025B1842EB9B
:10D3E0000522C0E90032F8BD00441F40BCEC00201B
:10D3F000A0B20020104910B48A784B79C878120680
:10D4000091F800C09B184FEA00404A78097942EB36
:10D410000C221B184FEA0121084C42F100025B1854
:10D4200042F100021B0A110A43EA0263C4E9003117
:10D430005DF8044B704700BF54D5002088B200202F
:10D4400038B5134C0C212568E86E20F0EBFD286FF1
:10D450000C2120F0E7FD25680421E86E20F09EFEF7
:10D46000286F042120F09AFE25680121E86E20F043
:10D4700015FC286F012120F011FC24680321E06EC7
:10D4800020F038FD206F0321BDE8384020F032BD88
:10D490003C8501200D490E4B088810B598B91888B5
:10D4A0000C4A002314680B80001951680A4C41F1A2
:10D4B00000011060516022680132226027F086FE70
:10D4C000064B188010BD1880EAE700BF3C8601209B
:10D4D0002A860120A8D400209CD70020088601209D
:10D4E0002DE9F0414FF00008064608460C461FFAA9
:10D4F00088F72AF0C5FA0546BD4217D930462AF00A
:10D50000BFFA0022E11904E011F803C0F35C63459F
:10D5100006D193B201329842F6D8781CBDE8F0816A
:10D5200008F101081FFA88F7BD42E7D80020BDE8DE
:10D53000F08100BF38B504462C4D2F232C482146DE
:10D540002B80FFF7CDFFA8B921462A48FFF7C8FF77
:10D55000E8B921462848FFF7C3FF40BB21462748CA
:10D56000FFF7BEFF002832D121462048BDE83840F1
:10D5700029F03CBF224B214618689B88C5F8010062
:10D580001C48A5F80530FFF7ABFF0028E1D017488D
:10D590002AF076FA1B4A034611791068EA18E85017
:10D5A000117121461448FFF79BFF0028D6D00F4881
:10D5B0002AF066FA144A034611791068EA18E8500E
:10D5C000117121460D48FFF78BFF0028CCD007488A
:10D5D0002AF056FA0D4A034603CAEA18E850516089
:10D5E00021460248BDE8384029F000BF100D012057
:10D5F000E0A60020A0A60020E02A0020F02A0020BB
:10D60000D02A0020D82A0020E82A0020F82A00206A
:10D6100030B5202397B01D4C0C930DF1180C0CADB8
:10D620000FCCACE80F0094E803002422184C4CF80F
:10D63000040B0DA88CF80010002129F085FE154B75
:10D64000002293E80300019003A88DF808102188B8
:10D650002C46F6F747F80DF1180CBCE80F000FC484
:10D66000DCF8003003A911A8236029F057FF034616
:10D6700001980022591B9DF8084018602846043183
:10D680001C7189B2F6F7AEFE17B030BD94220020AF
:10D6900008860120AC22002010B5194B92B0044638
:10D6A0000DF1100C0FCBACE80700202200218CF804
:10D6B0000030089224220DEB020029F045FE21469D
:10D6C000002201A8F6F70EF804AB08AC93E80700B7
:10D6D00084E8070001A90BA829F020FF09490346A7
:10D6E0000022086891F804C0191B18602046043114
:10D6F00083F804C089B2F6F775FE12B010BD00BF02
:10D70000342C0020C82A002030B58BB020230546D9
:10D7100024226C46002101A8009329F015FE294619
:10D72000204629F0FBFE064929F0F8FE01460022BA
:10D730002046091B89B2F6F755FE0BB030BD00BF7D
:10D7400034B800200000000030B5202393B01E4CF8
:10D7500008930DF10C0C0FCCACE80F0024222368C9
:10D7600000210DEB0200CCF8003029F0EDFD174B45
:10D7700093ED000A9FED127BB7EEC06AB4EEC76B63
:10D78000F1EE10FA1AD4022103AC6A46084621F0E1
:10D7900025FE0DF1200C0FCC6546ACE80F00236888
:10D7A00069460DF13300CCF8003029F0B7FE014690
:10D7B00000222846491B89B2F6F714FE13B030BD8B
:10D7C0009A9999999999B93F4C200020885C012039
:10D7D00030B5202393B01B4C08930DF10C0C0FCCEB
:10D7E000ACE80F002422236800210DEB0200CCF8E6
:10D7F000003029F0A9FD144BF0EE007A93ED000AF9
:10D80000B4EEE70AF1EE10FA1AD4022103AC6A462C
:10D81000084621F0E3FD0DF1200C0FCC6546ACE885
:10D820000F00236869460DF13300CCF8003029F071
:10D8300075FE014600222846491B89B2F6F7D2FD43
:10D8400013B030BD382000203805012070B52023EA
:10D8500092B0224C06460DEB030508930DF10C0C1B
:10D860000FCCACE80F002368242200212CF8023BE7
:10D870001B0C0DEB02008CF8003029F065FD002236
:10D8800031466846F5F72EFF0DF10C0EAC46BEE8AA
:10D890000F00ACE80F00DEF8003069460DF13200F1
:10D8A000ACF8003029F03AFE0D4A0346012E03CAB7
:10D8B000A3EB05021860596003D90A4B07321B8895
:10D8C000AB5228462AF0DCF801460122284689B2EC
:10D8D000F6F788FDFFF77CFF12B070BDB02B00207B
:10D8E000A82B0020B824002070B5ACB04A4B4B4D9B
:10D8F00004AC93ED000A4A4EA4460FCDACE80F00ED
:10D9000095E80700ACE8030002218CF800206A4685
:10D91000444D084621F062FD20462AF0B1F86946E0
:10D92000204429F0FBFD404A034691881068998005
:10D93000191B9279063118609A712046002289B22B
:10D94000F6F750FD394BA44693ED000A0FCDACE835
:10D950000F0095E80700ACE803000221ACF80020B6
:10D960006A46334D084621F039FD20462AF088F8F2
:10D970006946204429F0D2FD03462E4A191B10683F
:10D9800005319288186020469A8089B20022F6F705
:10D9900029FD294B93E80700284B84E80700022162
:10D9A00093ED000A6A46084621F018FD20462AF049
:10D9B00067F86946204429F0B1FD0346204A191B47
:10D9C000106804311279186020461A7189B2002259
:10D9D000F6F708FDA4460FCDACE80F0095E803006C
:10D9E00000224CF8040B68462CF8021B090C8CF83A
:10D9F00000103178F5F776FE20462AF041F86946A6
:10DA0000204429F08BFD014600222046091B89B2E3
:10DA1000F6F7E8FC2CB070BDCCD7002044140020F1
:10DA20009A8601206814002060140020D4D70020BA
:10DA3000A0140020841400208C140020D0D70020D3
:10DA400098140020F0B52C4D9DB02C4E0DF10C0C0F
:10DA50002B4C0FCDACE80F002A682023002109A829
:10DA6000ACF800204C22089329F06EFC31680022AB
:10DA7000684608ADA4FB01314909F5F733FE0DF105
:10DA80000C0EAC46BEE80F00ACE80F00DEF800302C
:10DA900069460DF131008CF8003029F03FFD376800
:10DAA000184E0346A4FB072407CE64099A60328807
:10DAB000C4EB0414186059606846A7EB84019A818E
:10DAC0000022F5F70FFE284629F0DAFF69462844C0
:10DAD00029F024FD0C4A034603CA14785A1B5960E6
:10DAE00002F1080118600022284689B21C72F6F77C
:10DAF00079FC1DB0F0BD00BFA821002000F100207E
:10DB0000898888883CA700204CA7002030B5144C99
:10DB100097B00FCCEC4607ADACE80F0094E80700D7
:10DB20008CE807003822002108A829F00DFCEE46F9
:10DB3000AC46BEE80F00ACE80F009EE807008CE89A
:10DB4000070008490DF1370029F0E8FC01460022E2
:10DB50002846491B89B2F6F745FC17B030BD00BF17
:10DB6000F8250020F4B70020204B10B52DED028BD6
:10DB700093ED008A96B0B5EE408AF1EE10FA31D0FE
:10DB80001B4B0DF10C0C07AC0FCBACE807002020B1
:10DB900038220021ACF800300790684429F0D4FB0B
:10DBA0000221B0EE480A6A46084621F017FC03AB92
:10DBB000A4460FCBACE8070069468CF800300DF1A5
:10DBC000290029F0ABFC0B49034600220868B1F894
:10DBD00004C0191B186020460531A3F804C089B29F
:10DBE000F6F700FC16B0BDEC028B10BD90ED0020E6
:10DBF000C0170020B8170020204B10B52DED028B68
:10DC000093ED008A96B0B5EE408AF1EE10FA31D06D
:10DC10001B4B0DF10C0C20240FCBACE80700190CAA
:10DC20002CF8023B38220DEB04008CF80010002188
:10DC3000079429F089FB0221B0EE480A6A4607AC36
:10DC4000084621F0CBFB03ABA4460FCBACE80700A2
:10DC50006946ACF800300DF12A0029F05FFC094953
:10DC6000034600220868191B18602046033189B258
:10DC7000F6F7B8FB16B0BDEC028B10BD94ED00209A
:10DC8000D0170020B4AE0020184B70B51E6898B0B5
:10DC900056B32023164C0DF1100C09AD09930FCC8F
:10DCA000ACE80F002368382200210AA88CF8003065
:10DCB00029F04AFB0022314601A8F5F713FD04AB19
:10DCC0000FCB85E80F0001A90DA829F027FC094911
:10DCD0000346002208680C79591B18602846043155
:10DCE0001C7189B2F6F77EFB18B070BD98ED00206C
:10DCF000302C0020C82A00201F4B10B52DED028BC0
:10DD000093ED008A98B0B5EE408AF1EE10FA2ED06D
:10DD100020231A4C0DF1100C09930FCCACE80F0026
:10DD20002368382200210AA88CF8003029F00CFB67
:10DD30000221B0EE480A01AA09AC084621F04EFBC8
:10DD400004AB0FCB84E80F0001A90DA829F0E6FB76
:10DD50000B4903460022086891F804C0191B18609B
:10DD60002046043183F804C089B2F6F73BFB18B0B3
:10DD7000BDEC028B10BD00BF24D50020341A00205A
:10DD80002C1A002030B5124B95B00FCB01AC05AD6D
:10DD900084E80F003822002106A829F0D5FA94E87B
:10DDA0000F0085E80F000B4B0DF123000A491B788B
:10DDB000C3EB031301EB430129F0B0FB0146002242
:10DDC0002846491B89B2F6F70DFB15B030BD00BFE0
:10DDD0009C0E0020C7860120A8BC002010B5194B5E
:10DDE00096B020240DF10C0C07940FCBACE8070083
:10DDF000190C2CF8023B0DEB040038228CF80010B3
:10DE0000002129F0A1FA02210F4B6A46084607AC0F
:10DE100093ED000A21F0E2FA03ABA4460FCBACE885
:10DE200007006946ACF800300DF12A0029F076FBB6
:10DE3000014600222046091B89B2F6F7D3FA16B034
:10DE400010BD00BFD8220020B4D7002010B5194B58
:10DE500096B020240DF10C0C07940FCBACE8070012
:10DE6000190C2CF8023B0DEB040038228CF8001042
:10DE7000002129F069FA02210F4B6A46084607ACD7
:10DE800093ED000A21F0AAFA03ABA4460FCBACE84D
:10DE900007006946ACF800300DF12A0029F03EFB7E
:10DEA000014600222046091B89B2F6F79BFA16B0FC
:10DEB00010BD00BF9C240020BCD70020174B24229B
:10DEC00093E8030010B590B00B0C2024019007A834
:10DED000ADF8081000218DF80A30069429F034FAC4
:10DEE0000F4B1978032916D8002203A8F5F7FAFB7F
:10DEF00001AB06AC93E8030006900DF11E00ADF8EF
:10DF00001C1003A929F00AFB014601222046091B27
:10DF100089B2F6F767FA10B010BD00BF241A0020CE
:10DF2000EBCC002010B5154A90B0202403AB06942A
:10DF300006AC07CA03C3100C23F8022B00212422CD
:10DF4000187007A829F000FA0D4B002268461988BE
:10DF5000F5F7C8FB03AA234607CA03C369461A801C
:10DF60000DF1220029F0DAFA014600222046091BB1
:10DF700089B2F6F737FA10B010BD00BF481A00207A
:10DF80003886012070B59CB020230E4605465622E7
:10DF9000002106A8059329F0D7F9304905AC0022E5
:10DFA000A1FB06316846890BF5F79CFB2946204604
:10DFB0002B4D29F0B3FA694629F0B0FA294A0346F5
:10DFC000A0EB040C354403CA186059604EF65F2379
:10DFD0009D4237D8214D204629F052FD2249A5FB0C
:10DFE00006254EF6602204EB000C0346AD0B02FB47
:10DFF00015651E4AA1FB05011068E0508909938848
:10E0000068460022ACF80430F5F76CFB204629F096
:10E0100037FD6946204429F081FA154A0346B5F5D3
:10E02000FA6F03CAA3EB04021860596011D22046AC
:10E0300029F026FD01460022204689B2F6F7D2F9E2
:10E040001CB070BD0B4B0CF1070C1B8824F80C3076
:10E05000C0E7084B07321B88A352E8E773B2E745D5
:10E06000A015FFFFA82B0020D34D621044A700206D
:10E0700010120020B8240020F0B595B005462F48B6
:10E08000FFF758FA00232E4A68462E491FF042F83F
:10E09000129B002B3BD05C20002621F069F92A4B13
:10E0A00004AF0446C0E90036019B3946183040F8F9
:10E0B0000C3C264B40F8103C029B40F8083C9DF875
:10E0C0000C3000F8043C1EF0C9FE214B4FF47A726C
:10E0D000A665A3601F4B6E602B6063682E730133CF
:10E0E000AA602C6163601C4B384600931EF0F8FE5A
:10E0F000286948B10368194A1B6B934218D1036D14
:10E1000093B1174B01221A70284615B0F0BD139B2E
:10E11000002BC0D14FF47A710E4A04AF2B732A60E2
:10E120002B61C5E90131DEE7436D002BE9D1EBE757
:10E1300098470028E5D1284615B0F0BD985C01202D
:10E14000100D01200006012070320020CC3200208A
:10E150004C3200202032002034310020C165000004
:10E16000AA8601202DE9F04F2DED028BADF2246D32
:10E1700003A8FFF781FF079C002C00F0CA812368E9
:10E180003F4D1B6BAB4240F03183236D002B00F001
:10E19000C9813C4AD2F88434002B00F0A5810DF5EA
:10E1A0000878002219460123C8F800204046364A64
:10E1B0001DF070F8002840F0018244F20223324A38
:10E1C000324940461EF0A6FFD8F84830002B00F038
:10E1D000F9825C20002421F0CBF8D8F80430814685
:10E1E0004460C3601830D8F808308CA9284E40F835
:10E1F000083C98F80C30019600F8043C254B40F898
:10E20000183C254B40F8103C08EE100A1EF026FE84
:10E21000D9F804308CA8C9F858400133C8F8006018
:10E22000C9F804301D4BC9F808301EF059FED9F862
:10E2300000301A6BAA4240F0E982D9F85020002A37
:10E2400000F0D681079A002A00F09A800024DFF8B7
:10E2500054A0DFF854B02646136811499B688B42DE
:10E2600040F0A582106D002800F08F8208AD4FF4B9
:10E27000007229461DF062F800286EDD471937E06C
:10E28000C1650000FC050120D8C200200006012065
:10E290003431002070320020CC3200204C3200207B
:10E2A000616E0000456F0000E48501201F2B1DD921
:10E2B000222B06F1010600F04682B6B2621C08F875
:10E2C0000430402E92B240F24782203BDBB21D2B3D
:10E2D00040F24D826B2E40F23F8202347C230026B6
:10E2E000A4B208F80230B4F57F7F0DD2AF421ED041
:10E2F00015F8013B7C2BD9D108F8043001340026F5
:10E30000A4B2B4F57F7FF1D3D9F80030DB68534570
:10E3100040F03382D9F85030002B00F01F822246A3
:10E320001846414600241DF02DFCAF42E0D1A54A1D
:10E33000DBF8003011685B1AB3F57A7F09D3A24B82
:10E340001988890440F12C82A0495960DBF800301B
:10E350001360079A002A7FF47FAFD9F800307CB1B0
:10E360009B4ADD68954240F0CA82D9F850000028E7
:10E3700000F06B82224641461DF004FCD9F80030C3
:10E38000DB6A944DAB4240F05A82D9F8580020B174
:10E3900027F0B4F80023C9F85830D9F85030002BD2
:10E3A00000F0CB8118EE100A1EF09AFDD9F8044057
:10E3B000013CC9F80440002C3BD1D9F80030DB6A9D
:10E3C000AB4240F07382D9F8580018B127F096F8A4
:10E3D000C9F85840D9F85030002B00F0568218EE9A
:10E3E000100A1EF07DFDD9F800307B4A5B6893422D
:10E3F00040F08282794BD9F85800C9F8003020B13A
:10E4000027F07CF80023C9F85830D9F85030002B99
:10E4100000F0528218EE100A1EF062FD019B18EE09
:10E42000100AC9F808301EF05BFD48465C2120F058
:10E43000A1FF079C002C00F0E0812368DB6AAB425F
:10E4400040F00082A06D18B127F058F80023A365B2
:10E45000236D002B00F0E68104F118001EF040FD52
:10E46000079E7468013C7460002C33D13368DB6A0A
:10E47000AB4240F01582B06D10B127F03FF8B465A3
:10E48000336D002B00F0078206F118001EF028FD06
:10E49000079CFCB12368504A5B68934240F0298294
:10E4A0004E4BA06D236018B127F028F80023A36518
:10E4B000236D04F11805002B00F0168228461EF08B
:10E4C0000FFD019B2846A3601EF00AFD5C2120463B
:10E4D00020F050FF424B002201201A700DF2246DF3
:10E4E000BDEC028BBDE8F08FD2F888140DF50878EA
:10E4F00000293FF462AEC8F8303040460123394A63
:10E500001BF042FB00283FF458AE40461BF0A0FB36
:10E5100053E6334B20461C700DF2246DBDEC028B8C
:10E52000BDE8F08F636D002B7FF433AE2C4B0022DF
:10E530001A702D4B0393002C39D06568013D65603E
:10E54000002D34D12368234ADB6A934240F0748162
:10E55000A06D10B126F0D2FFA565236D002B00F051
:10E56000668104F118001EF0BBFC079CFCB1236817
:10E57000194A5B68934240F07E81184BA06D23607E
:10E5800018B126F0BBFF0023A365236D04F1180525
:10E59000002B00F06B8128461EF0A2FC134B28468E
:10E5A000A3601EF09DFC5C21204620F0E3FE0020CD
:10E5B0000DF2246DBDEC028BBDE8F08F40461DF0DE
:10E5C0006FFFFAE5747D012000C00B4002A680B405
:10E5D000456F00003966000039710000703200207C
:10E5E000AA860120D8C20020203200203431002029
:10E5F000D9F85420002A7FF425AE079C002C00F0A7
:10E6000052812368AF4DDB6AAB4240F07F81A06D41
:10E6100018B126F073FF0023A365236D002B00F0D3
:10E62000208104F118001EF05BFC079C6668013E27
:10E630006660002E33D12368DB6AAB4240F0718103
:10E64000A06D10B126F05AFFA665236D002B00F0D7
:10E65000608104F118001EF043FC079CFCB12368A4
:10E66000994A5B68934240F05981984BA06D2360B2
:10E6700018B126F043FF0023A365236D04F11805AC
:10E68000002B00F0518128461EF02AFC019B2846F1
:10E69000A3601EF025FC5C21204620F06BFE0023C9
:10E6A0008B4A07931370B9F1000F00F08980D9F8F5
:10E6B0000440013CC9F80440002C40F08180D9F8A6
:10E6C0000030804ADB6A934240F0F380D9F858006A
:10E6D00018B126F013FFC9F85840D9F85030002B74
:10E6E00000F0CD8009F118001EF0FAFBD9F80030D7
:10E6F000754A5B68934261D1744BD9F85800C9F8E8
:10E70000003020B126F0FAFE0023C9F85830D9F8BD
:10E71000503009F11804002B00F0E08020461EF074
:10E72000DFFB019B2046C9F808301EF0D9FB5C21B5
:10E73000484620F01FFE079CFBE6D9F85430002B1A
:10E740007FF430AE32E6B6B2621C2723402E92B27E
:10E7500008F804303FF6BEAD1446C4E5D9F85400BD
:10E7600088B1224641461C461BF03CFEBEE5594995
:10E77000CB5C002B7FF4B1ADACE522464146484668
:10E7800000249847B2E50446B0E5506D00283FF4F8
:10E79000E4AD08AD4FF4007229461AF051FE6BE566
:10E7A0004AF2026199804BF280419980CEE508AD32
:10E7B00010464FF40072294698475DE54846984751
:10E7C000079CB6E6D8F84C90B9F1000F7FF401AD84
:10E7D000414B8CA80193C8F800301EF081FB079CC8
:10E7E000002C7FF40EAF3A4B1C70E9E720469847A7
:10E7F00000287FF4CEAC079C98E6354B01201C70B6
:10E800000DF2246DBDEC028BBDE8F08F48469047B9
:10E8100000283FF4F2AE079A002A7FF417ADD9F82A
:10E820000030ADE5636D002B7FF416AE18E6636D26
:10E83000002B7FF496AE98E62046984795E648462A
:10E840009847B3E5204698470AE6D9F854000028CF
:10E850003FF496AD224641461BF0C4FDD9F8003086
:10E860008EE5636D002B7FF4DCAEDEE6636D002B7E
:10E870007FF491AE92E62046984700204CE6D9F806
:10E880005430002B7FF42EAF30E7D9F85430002BF2
:10E890007FF4A5ADA7E5736D002B7FF4F5ADF7E52B
:10E8A00030469847F4E50A4B1C7000E74846984705
:10E8B00099E54846984719E7D9F85430002B7FF47A
:10E8C000A9ADABE539660000397100007032002057
:10E8D000AA860120380E002034310020D9F85430A7
:10E8E000002B7FF41BAF1CE7636D002B7FF4E6ADBC
:10E8F000E7E520469847EDE54846984799E52246E2
:10E9000041464846A847D9F8003039E5204698479F
:10E910008BE6636D002B7FF49CAE9EE62046984705
:10E92000BDE62046984798E6636D002B7FF4ABAEBA
:10E93000ACE600BF2DE9F04397B0FEF7FBFD0023E6
:10E94000694A02A869491EF0E5FB149B002B75D0AB
:10E950005C20002520F00CFD039A049B00F11806B2
:10E96000634F044606A9DFF8A081C0E903239DF8A0
:10E97000143003755F4BC0E90075836030461EF0AC
:10E980006DFA636806A8A5650133CDF80880636059
:10E99000594BA3601EF0A4FA236858491A6B8A42A7
:10E9A00065D1226D002A52D0996A5548814259D1C9
:10E9B000D569DB6ADFF854914B457FD1A06D18B162
:10E9C00026F09CFD0023A365236D002B6ED03046FE
:10E9D0001EF086FA6368013B6360019353BB2268B3
:10E9E000D26A4A457DD1A06D18B126F087FD019B02
:10E9F000A365236D002B55D030461EF071FA2368B5
:10EA0000404A5B6893425CD1A06D276018B126F044
:10EA100075FD0023A365236D002B4BD030461EF0FF
:10EA20005FFA3046C4F808801EF05AFA5C2120468E
:10EA300020F0A0FC284617B0BDE8F083159D002DFE
:10EA400086D1314B06A802931EF04AFAF2E7626DB6
:10EA50008AB1996A2A4A914204D1656D002DA8D0E5
:10EA60002D69A6E72046884723680546A1E720468A
:10EA7000904700282BD16568013D656025B10025D0
:10EA8000284617B0BDE8F0832368204ADB6A93422A
:10EA90001AD1A06D0028ACD026F030FD236DA565FD
:10EAA000002BA9D1636D002BA6D1A8E7636D002BC5
:10EAB0008DD18FE7636D002BB0D1B2E72046984728
:10EAC00088E720469847B5E72046984797E72368A8
:10EAD0000B4A996A9142C5D1226D002A7FF468AF32
:10EAE000BBE7204690478AE7100D01200006012071
:10EAF00070320020CC3200204C320020C165000072
:10EB0000216D0000397100003431002039660000A9
:10EB1000F0B500EB40031B4C8BB00D4604EBC30477
:10EB2000194E05A8214628F009FF01E03388235239
:10EB3000204628F0A5FF0B28F8D905A8124FFFF7AB
:10EB4000F9FE022100EE100A6A460846BBEECB0A27
:10EB500020F044FC01E03B882B53284628F090FF2E
:10EB60000446684628F08CFF2618062EF3D9024684
:10EB70006946281920F062FB044B1868A851284602
:10EB80000BB0F0BDC46C0120D8AB0020A81F002042
:10EB90002DE9F04FBC4D9BB02C69002C00F01A827F
:10EBA0002368DFF810B3DB6A5B4540F03A82A06D62
:10EBB00018B126F0A3FC0023A365236D002B00F001
:10EBC000158204F118001EF08BF92E697468013C5F
:10EBD0007460002C00F07C81AC4B039300232B610C
:10EBE000AB4B1B78002B40F0F2814FF00309DFF8AC
:10EBF000DC82A84C40F2D666A74FA848FEF79AFCE4
:10EC000044F20223A64A06A8A6491EF083FA189BDE
:10EC1000002B00F0A7815C204FF0000B20F0A8FB38
:10EC2000079B82460AA9C3601830089B40F814BCB1
:10EC300040F8083C9DF8243000F8043C9A4B40F81A
:10EC4000183C9A4B40F8103C1EF008F9DAF80430F2
:10EC5000039A0AA80133CAF858B00692CAF80430D9
:10EC6000934BCAF808301EF03BF92B69002B00F0DB
:10EC700067815968013959600491002942D11868A7
:10EC8000C26A8C48824240F0C681986D28B10593D3
:10EC900026F034FCDDE904139965196D002900F0B4
:10ECA000AF8103F118001EF01BF9D5F810B0BBF1CD
:10ECB000000F27D0DBF800307F495B688B4240F0C3
:10ECC000BB81794BDBF85800CBF8003020B126F03F
:10ECD00015FC0023CBF85830DBF85030002B00F047
:10ECE000A3810BF11803184604931EF0F9F8049B56
:10ECF0001846039BCBF808301EF0F2F858465C210A
:10ED000020F038FBC5F810A0BAF1000F10D0DAF8E7
:10ED10000030196A694B994240F01B81DAF85000C3
:10ED2000002800F03A8100211CF050FDD5F810A019
:10ED30006068D8F80010A7FB0131890C06FB01F1CF
:10ED400063681B1A9942FBD8BAF1000F12D05C49D4
:10ED5000DAF800300A88DB685A498B4240F031818A
:10ED6000DAF85000002800F00D8157491CF00AFF26
:10ED7000D5F810A06068D8F80010A7FB0131890C05
:10ED800006FB01F163681B1A9942FBD8BAF1000F28
:10ED900066D0DAF80030DFF81CB1DB6A5B4540F082
:10EDA0000D81DAF8580020B126F0A8FB0023CAF83C
:10EDB0005830DAF85030002B00F0FA800AF11800D1
:10EDC0001EF08EF8D5F810A0DAF80430013BCAF82E
:10EDD00004300493002B41D1DAF80010C96A594578
:10EDE00040F00181DAF8580020B126F087FB049B3F
:10EDF000CAF85830DAF85030002B00F0EE800AF1F3
:10EE000018001EF06DF8D5F810B0BBF1000F25D03A
:10EE1000DBF80030284A5B68934240F0FF80224BC9
:10EE2000DBF85800CBF8003020B126F067FB002358
:10EE3000CBF85830DBF850300BF1180A002B00F0FB
:10EE4000E48050461EF04CF8039B5046CBF8083047
:10EE50001EF046F858465C2120F08CFA00232B6106
:10EE60006168D8F80020A7FB0232920C06FB02F280
:10EE700063685B1A9A42FBD8B9F101097FF4BDAE11
:10EE80001BB0BDE8F08F00BF78B8002034310020FF
:10EE9000B2860120001000E083DE1B43385C0120B5
:10EEA000100D01200006012070320020CC3200201D
:10EEB0004C32002039660000397100008171000079
:10EEC0001E860120456F000008F10020C0B600201A
:10EED0003368DB6A5B4540F0B280B06D10B126F05C
:10EEE0000DFBB465336D002B00F0858006F1180032
:10EEF0001DF0F6FF2C69002C3FF46EAE2368564AD5
:10EF00005B68934240F0A380544BA06D236018B11E
:10EF100026F0F4FA0023A365236D04F11806002BF4
:10EF200000F0908030461DF0DBFF4D4B3046A36073
:10EF300003931DF0D5FF5C21204620F01BFA4DE61F
:10EF4000DAF80030C5F810A0196A464B99423FF430
:10EF5000E5AE002350460022009300238847D5F8F1
:10EF600010A0E5E6DDF864A0BAF1000F7FF453AE1F
:10EF7000039B0AA806931DF0B3FF2B69002B7FF4B7
:10EF800078AED5E6DAF8540000283FF4F3AE3649FF
:10EF90001BF028FAD5F810A0ECE6DAF854000028A7
:10EFA000DDD0002200231AF031FBD5F810A0BFE617
:10EFB000DAF85430002B7FF401AF03E7504698474E
:10EFC00000E7504628499847D5F810A0D2E6FBF74D
:10EFD0006BFC0AE6224B039302E6DAF85430002B6E
:10EFE0007FF40DAF0FE7504688470CE7636D002BA9
:10EFF0007FF4E7ADE9E5736D002B7FF477AF79E738
:10F00000596D00297FF44DAE4FE6DBF85430002BEC
:10F010007FF417AF18E71846904746E658469847DA
:10F020001CE720469847D0E5DBF85430002B7FF4EE
:10F0300058AE0BF118035BE65846984762E6304637
:10F04000984757E7636D002B7FF46CAF6DE7044A78
:10F05000204603929847C1E53971000070320020C4
:10F06000343100208171000008F100205A4B1B78D8
:10F070002DE9F04796B0002B7CD1FEF75BFA002318
:10F08000564A02A856491EF045F8149B002B76D02C
:10F090005C20002520F06CF9039A049B00F118070E
:10F0A000DFF85481044606A9DFF84891C0E903233C
:10F0B0009DF8143003754B4BC0E9008583603846DA
:10F0C0001DF0CCFE636806A8A5650133CDF8089055
:10F0D0006360454BA3601DF003FF236843491A6B2F
:10F0E0008A4269D1226D002A52D00126DB6ADFF8FC
:10F0F0000CA1534555D1A06D18B126F0FFF900239E
:10F10000A365236D002B53D038461DF0E9FE6568DA
:10F11000013D656055BB2368DB6A534551D1A06D45
:10F1200010B126F0EBF9A565236D002B3CD03846D5
:10F130001DF0D6FE23682E4A5B68934248D1A06D2D
:10F14000C4F8008018B126F0D9F90023A365236D17
:10F15000002B39D038461DF0C3FE3846C4F808905D
:10F160001DF0BEFE5C21204620F004F9304616B0AA
:10F17000BDE8F0870190FBF797FB01987DE7159EAE
:10F18000002E85D11B4B06A802931DF0A9FEEDE7CA
:10F19000666DDB6A761BDFF864A018BF0126534555
:10F1A000A9D020469847B2E7636D002BBFD1C1E7D5
:10F1B000636D002BA8D1AAE7204690472368064636
:10F1C00094E720469847B5E7636D002BC2D1C4E7AA
:10F1D00020469847CAE700BFB2860120100D0120E3
:10F1E00000060120CC3200204C320020C165000016
:10F1F000397100003431002070320020396600007F
:10F200005E4BF0B51D7895B00446002D44D0002328
:10F210005B4A5C4968461DF07DFF129B002B00F0A5
:10F2200084805C20002620F0A3F8574A05464660FB
:10F2300002601830DDE9011340F8083C9DF80C30FD
:10F2400040F80C1C04A900F8043C504B40F8103C5A
:10F250001DF004FE6B684E4A04A80133AE65AA6037
:10F260006B604C4B00931DF03BFE2B684A4A1B6BB6
:10F2700093427DD12B6D002B6ED0484B01221A702A
:10F2800000234FF47A71464A256123732260C4E952
:10F290000131204615B0F0BD4248FEF74BF92B4630
:10F2A000414A684637491DF035FF129B002B46D076
:10F2B0005C20002620F05CF8334B04AF0546C0E923
:10F2C0000036019B3946183040F80C3C2F4B40F873
:10F2D000103C029B40F8083C9DF80C3000F8043CC0
:10F2E0001DF0BCFD2A4B4FF47A72AE65AB602C4B1F
:10F2F000666023606B6826730133A26025616B60D2
:10F30000244B384600931DF0EBFD20690028C0D047
:10F310000368214A1B6B934226D1036D03B31F4B35
:10F32000012220461A7015B0F0BD139D002D7FF408
:10F3300078AF184B04A800931DF0D2FDA0E7139BF3
:10F34000002BB5D14FF47A71154A04AF23732260B4
:10F350002361C4E90131D3E76B6D002B8DD18FE7B9
:10F36000436D002BDBD194E79847002891D0D6E776
:10F3700028469847002883D07FE700BFE086012019
:10F38000D8C200200006012070320020CC320020BC
:10F390004C32002034310020C1650000AA860120D3
:10F3A00020320020985C0120100D01202DE9F04F43
:10F3B000A94FADF24C6DB7F9002012B1A74B53F82D
:10F3C0002220DFF8BC92DFF8BC8299F80030C8F840
:10F3D0000020002B3FD0A24E05AD3069002800F080
:10F3E000838004680023DFF8A0C2216A614508D148
:10F3F000036D002B00F09E80114618461CF0E6F9C4
:10F4000001E0009388473069002800F053810368C9
:10F41000944A9B68934240F09480036D002B7CD00B
:10F4200018464FF4C06229461BF088FF20EAE070BE
:10F430001FFA80FA5446BAF5C06FC0F095800023D9
:10F44000D8F80020514628462B55FDF75BF90DF200
:10F450004C6DBDE8F08F05AD814E2846FFF7D0FE1C
:10F460003469002C39D06368013B63600293002B40
:10F4700033D122687C49D26A8A4240F0E180A06D93
:10F4800018B126F03BF8029BA365236D002B62D0D8
:10F4900004F118001DF024FD3469F4B12368734AA7
:10F4A0005B6893425BD1724BA06D236018B126F06C
:10F4B00025F80023A365236D04F1180A002B00F042
:10F4C000C58050461DF00CFD6A4B5046A3601DF0F0
:10F4D00007FD20465C211FF04DFF2869D8F8002069
:10F4E000306100287FF47DAF0024A24600235146FE
:10F4F000284689F800302B55FDF704F95E4B1B7840
:10F50000002BA4D15D4B3A881A800DF24C6DBDE8FA
:10F51000F08FA368534A934213D1406D10B34FF458
:10F52000C062294619F08CFF20EAE0701FFA80FAC9
:10F53000544680E7416D0029EBD008461AF066F882
:10F5400061E74FF4C0622946984720EAE0701FFA4D
:10F5500080FA54466FE7636D002B99D19CE72046F3
:10F560009847BAE70446824699F80030002B00F02D
:10F570009E803369002B00F09A801A68DFF8E8B0AB
:10F58000D26A5A455FD1986D28B1029325F0B6FF33
:10F590000022029B9A651A6D002A4DD003F11800D3
:10F5A0001DF09EFC32695368013B53600293002BAF
:10F5B0003DD11168C96A59456CD1906D28B103924B
:10F5C00025F09CFFDDE902329365136D002B5DD0C1
:10F5D00002F118001DF084FCD6F810B0BBF1000F4A
:10F5E00025D0DBF80030214A5B6893425CD1204B88
:10F5F000DBF85800CBF8003020B125F07FFF002366
:10F60000CBF85830DBF85030002B46D00BF1180304
:10F61000184602931DF064FC029B1846154BCBF86C
:10F6200008301DF05DFC58465C211FF0A3FE00234E
:10F63000D8F80020336159E75A6D002AAED1B1E7FE
:10F640002046904728E718469047ABE7636D002BAC
:10F650007FF437AF38E700BF46860120640D0120F4
:10F66000D4B70020616E00003966000039710000D7
:10F670007032002034310020E4860120B4CC002018
:10F68000AA860120D87A012081710000536D002BD9
:10F690009ED1A1E7104688479EE7DBF85430002B47
:10F6A000B4D10BF11803B8E758469847BFE7D8F82C
:10F6B00000201BE7D8F8002016E700BF70B5174AF6
:10F6C00084B0002500EB400301A802EBC3068DF8CF
:10F6D000065032F83330ADF8043025F0F9FEF378F7
:10F6E000044601A88DF806508DF8043033798DF862
:10F6F000053025F0EDFE0346F28801A88DF806508E
:10F70000C3EB4313ADF804201C4425F0E1FE4FF495
:10F71000BA7303FB004004B070BD00BFC46C01208D
:10F720002DE9F04F204F87B04FF000090DF104088C
:10F730003A78012A35D94FF0000A1C4E544604E0AD
:10F740003A785E46531E9C4224DA20460134FFF785
:10F75000B5FF0546204606F1180BFFF7AFFF8542BF
:10F76000EEDA3146404627F0D9FE05465946304686
:10F7700028F0E4F84FF0010AA5EB0802414658468C
:10F7800009F1010952445E461FF058FD3A78531EB4
:10F790009C42DADB42F20F73994502DCBAF1000FAA
:10F7A000C7D107B0BDE8F08F8C860120C46C012062
:10F7B000244B254A196891423ED0244B2DE9F04F45
:10F7C000DFF88CB087B093F800A01827ABF11803CE
:10F7D0004FF0000801AE17FB0A37BAF1010F28D924
:10F7E0005C464FF00009254618342846214627F08C
:10F7F0003BFF034629463046002B11DD27F08EFEE5
:10F8000002462846214615464FF0010928F096F891
:10F810003146AA1B204608F101084A441FF00EFD9C
:10F82000BC42E0D142F20F73984502DCB9F1000FFF
:10F83000D3D107B0BDE8F08F1B79002BBDD1FFF706
:10F840006FBF00BFB0EC00202E4C4F478C860120CC
:10F85000C46C01202DE9F04FA84CA9B0A84B226838
:10F860009A4200F04B82A74B002622689A4200F091
:10F870007D82A54B22689A4200F0EE82A34B22685B
:10F880009A4200F05F83A24F0023DFF8A882DFF8DE
:10F89000A8923B70002E00F0D48033680022DB6B0E
:10F8A000434540F0278118AD4FF47A74DFF88CA2FD
:10F8B00006F1180128468DF85C20CDF850A0CDE95E
:10F8C0001524CDE926221DF077FB269B002B00F0A6
:10F8D000F9805C204FF0000B1FF04AFD9DF85CC0E2
:10F8E00004468C49C0F804B0183040F8181C29466A
:10F8F000DDE9152340F80C2C874A40F8083CA2604B
:10F9000084F814C01DF0AAFA63684FF47A71834A30
:10F910000133C4F808A0C4F858B08DF828B0079295
:10F920000B946360CDE908B17D4B284614931DF01C
:10F93000D7FA0B9C2546002C00F0498123687949B1
:10F940001A6B8A4240F00081226D002A00F0C680C6
:10F950003A785F2A00F2C6805B6BDFF8E4A153457A
:10F9600040F09781A16D002970D025461D220CA87A
:10F9700027F0A2FD00230CA960488DF84D30FDF75B
:10F98000AFFD002805DD0CA96748FDF7A9FD00289B
:10F9900074D0002D3FF47EAF2B68DFF894A1DB6AB2
:10F9A000534540F07B81A86D18B125F0A7FD0023D9
:10F9B000AB652B6D002B00F0988005F118001DF051
:10F9C0008FFA0B9D6C68013C6C60002C7FF462AF79
:10F9D0002B68DB6A534540F06981A86D10B125F0B2
:10F9E0008DFDAC652B6D002B00F05B8105F11800DF
:10F9F0001DF076FA0B9C002C3FF44CAF23684B4A69
:10FA00005B68934240F06581424BA06D236018B162
:10FA100025F074FD0023A365236D04F11805002B68
:10FA200000F0528128461DF05BFA3D4B2846A3604A
:10FA30001DF056FA5C2120461FF09CFC002E7FF43E
:10FA40002CAF29B0BDE8F04FFFF7B2BE4FF4807085
:10FA5000019125F04BFDA065002800F097830199E6
:10FA60000170236D002B00F0248101464FF4807259
:10FA700018461CF085FEA16D0B9C76E7002D00F06A
:10FA8000FF802B685B6B534540F0E982A96D00292C
:10FA900000F00B83132202A827F00EFD3A78DFF85E
:10FAA000A4C0002102EB420E02AB01328DF81B1004
:10FAB0000CEBCE040B9D3A7007CB4CF83E00616016
:10FAC000A26066E7279B002B7FF403AF8DF82830F8
:10FAD0000B93CDE90834114B079325E7626D002A9B
:10FAE0007FF436AF0D4B079337E06B6D002B7FF43F
:10FAF00064AF66E7314607A898471AE7B0EC0020E4
:10FB00002E4C4F472E5458542E4D4F442E6A70673A
:10FB10008C86012070320020CC3200202032002060
:10FB200034310020C1650000FC160020397100004E
:10FB300039660000596D0000FE8601204C3200201D
:10FB4000CD670000C46C01202046904700287CD17E
:10FB5000614B0B9D0793002D39D06C68013C6C60A4
:10FB6000002C34D12B685D4ADB6A934240F0B482AA
:10FB7000A86D10B125F0C2FCAC652B6D002B00F018
:10FB8000778205F118001DF0ABF90B9CFCB12368DE
:10FB9000534A5B68934240F0CD82524BA06D236084
:10FBA00018B125F0ABFC0023A365236D04F1180503
:10FBB000002B00F0B58228461DF092F94A4B2846EA
:10FBC000A3601DF08DF95C2120461FF0D3FBFFF7E9
:10FBD000EFFD7468013C7460002C40F08082336853
:10FBE0003E4ADB6A934240F07482B06D10B125F05A
:10FBF00085FCB465336D002B00F0358206F11800EA
:10FC00001DF06EF93368364A5B68934240F08D828E
:10FC1000344BB06D336018B125F070FC0023B36530
:10FC2000336D06F11804002B00F0758220461DF09C
:10FC300057F92D4B2046B3601DF052F95C21304638
:10FC400029B0BDE8F04F1FF095BB3B785F2B3FF626
:10FC50007FAF0B9CB4B91D2224490CA827F02CFCC3
:10FC60000CA923488DF84D40FDF73AFC00287FF79A
:10FC700011AE0CA91F48FDF733FC00287FF40AAE33
:10FC80001A4907E72368DFF870A05B6B53453FF420
:10FC900069AE204698470B9D014667E6284698477F
:10FCA0008FE66B6D002B7FF4A1AEA3E62846984744
:10FCB000A0E6636D2BB101464FF4807218461AF02E
:10FCC000F7FCA16D0B9C50E6636D002B7FF4AAAE90
:10FCD000ABE620469847DDE520320020396600007B
:10FCE000397100007032002034310020B42F002020
:10FCF000B0EC0020FC160020CD6700002379002B1B
:10FD00007FF4B1ADB34A14A8B3491DF003FA269BA2
:10FD1000002B00F0C4815C2000271FF029FB18ADE8
:10FD2000AE4A06464760183040F8182CDDE9151336
:10FD300040F8083C9DF85C3040F80C1C294600F85F
:10FD4000043CA74B40F8103C1DF088F87368A54AA6
:10FD50000133B765B2607360A34B284614931DF05E
:10FD6000BFF8A24B22689A427FF483AD2379002B1F
:10FD70007FF47FAD9E4A14A897491DF0CBF9269BCE
:10FD8000002B00F080815C204FF000081FF0F0FA9B
:10FD9000924B18AD0746C0E90038159B183029462C
:10FDA00040F80C3C8E4B40F8103C169B40F8083C49
:10FDB0009DF85C3000F8043C1DF050F87B68C7F8F3
:10FDC000588001337B60874BBB60DFF81C8228467C
:10FDD000CDF850801DF084F8002E37D07568013DB5
:10FDE0007560002D32D13368824ADB6A934240F05D
:10FDF000A781B06D10B125F081FBB565336D002B87
:10FE000000F07F8106F118001DF06AF833687A4A25
:10FE10005B68934240F0A981704BB06D336018B1BC
:10FE200025F06CFB0023B365336D06F11805002B3C
:10FE300000F0918128461DF053F82846C6F8088046
:10FE40001DF04EF85C2130461FF094FA3E466B4B95
:10FE500022689A427FF412AD2379002B7FF40EAD15
:10FE6000674A14A85C491DF055F9269B002B00F049
:10FE700004815C204FF000081FF07AFA574B18AD50
:10FE80000746C0E90038159B1830294640F80C3C5D
:10FE9000534B40F8103C169B40F8083C9DF85C30F2
:10FEA00000F8043C1CF0DAFF7B68C7F85880013387
:10FEB0007B604C4BBB60DFF830812846CDF850802A
:10FEC0001DF00EF8002E37D07568013D7560002DCD
:10FED00032D13368474ADB6A934240F02E81B06DDD
:10FEE00010B125F00BFBB565336D002B00F00481DC
:10FEF00006F118001CF0F4FF33683F4A5B68934238
:10FF000040F03C81354BB06D336018B125F0F6FA06
:10FF10000023B365336D06F11805002B00F0208136
:10FF200028461CF0DDFF2846C6F808801CF0D8FFE4
:10FF30005C2130461FF01EFA3E46324B22689A4240
:10FF40007FF4A1AC2379002B7FF49DAC2E4A14A83A
:10FF500021491DF0DFF8269B002B00F09A805C20E1
:10FF600000271FF005FA18AD1C4A044647601830F8
:10FF700040F8182CDDE9151340F8083C9DF85C307A
:10FF800040F80C1C294600F8043C154B40F8103C86
:10FF90001CF064FF6368134A0133A765A2606360C5
:10FFA000DFF844802846CDF850801CF099FF002EE1
:10FFB00053D07568013D7560002D4ED133680D4AF0
:10FFC000DB6A934240F0BF80B06DF8B125F096FA3D
:10FFD000B5651BE0D8160020000601207032002015
:10FFE000CC3200204C320020343100202E545854A2
:10FFF000E016002039660000397100002E4D4F4494
:02000004600199
:10000000E81600202E6A7067F0160020336D002B72
:100010007CD006F118001CF063FF33685E4A5B6811
:10002000934240F0A6805D4BB06D336018B125F06F
:1000300065FA0023B365336D06F11805002B00F057
:10004000858028461CF04CFF2846C6F808801CF026
:1000500047FF5C2130461FF08DF9264613E4284601
:100060009847014616E5736D002B7FF4C7ADC9E5CF
:100070006B6D002B7FF485AD87E5279F002F7FF404
:10008000F8AE18AD17E7279F002F7FF47CAE18ADB0
:100090009BE6279C002C7FF462AF18AD80E7279E7B
:1000A000002E7FF438AE18AD56E64FF48070019103
:1000B00025F01CFAA865002864D0019901702B6D09
:1000C00083B101464FF4807218461CF059FBA96DAC
:1000D000E0E43046984795E52846984755E529B02D
:1000E000BDE8F08F6B6D2BB101464FF4807218465E
:1000F0001AF0DEFAA96DCDE4736D002B7FF4F8AE33
:10010000FAE6736D002B7FF47DAE7FE6736D002BF6
:100110007FF47FAF81E7736D002B7FF487AD88E5B7
:10012000636D002B7FF447AD48E5304629B0BDE84C
:10013000F04F18472046984749E530469847DBE698
:100140003046984762E63046984766E7736D002B65
:100150007FF477AF78E7736D002B7FF46BAE6CE6BE
:10016000736D002B7FF4DCAEDDE630463E469847EB
:100170006DE6304626469847FFF785BB30463E463B
:100180009847DAE64946C5F8589083E4C4F8589091
:1001900049460B9CFFF7E9BB397100007032002023
:1001A0000848002241F2020C014602E00132624599
:1001B00004D011F8013B303B092BF7D8104425F04F
:1001C00087B900BFC05C0120134B4FF0FF321349C9
:1001D00010B5044682B0086813F814101DF0F6FC40
:1001E0000F4A03461278022A04D0012C05D918467A
:1001F00002B010BD14F0FD0FF9D10A4A0A4B32F8D3
:10020000141033F8143000911A46F9F783FE0346B0
:10021000184602B010BD00BFF0B300203C8501209D
:1002200007CD002044D60020D8D500202DE9F84382
:10023000184CDFF87480184D04F11009174E184F50
:1002400010E0A0F10803DBB2032B05D8EB5CB3B1DF
:100250005A2B1BD0B42B16D040F2DC504C4528F85A
:10026000020F0AD014F8010F0728EAD8FFF7ACFFF5
:100270004C4580B228F8020FF4D1BDE8F883094B51
:1002800033F81000EAE736F81000E7E737F8100017
:10029000E4E700BFABB70020E07A0120D8D500200A
:1002A000B4D5002044D60020C6D8002000000000AD
:1002B00038B5F4F703FEC04B1B88A3F12302B2F557
:1002C000B47F00D938BDBD4A1288A2F12301B1F52F
:1002D000B47FF7D8BA4907EE903A9FEDB55B91ED40
:1002E000006BB8EEE77B36EE056BB4EEC67BF1EE45
:1002F00010FA2AD5B34C0120B34B94ED006B187063
:10030000B24CFDEEC65B15EE903A05EE902AD31A7C
:10031000B8EEE55B002B1846B4EEC56BB8BF581CB1
:100320000133AB4B4FEA60001B78B8BF4042F1EE9F
:1003300010FA75D5A74D03EB031324882B44013C19
:100340001D5D854201DB2D1A1D5591ED026B9FED60
:10035000985B36EE454BB4EEC47BF1EE10FA07DD48
:1003600036EE056BB4EEC67BF1EE10FA00F1A78015
:1003700091ED046B9FED8E5B36EE454BB4EEC47B86
:10038000F1EE10FA06DD36EE056BB4EEC67BF1EE4B
:1003900010FA57D491ED066B9FED855B36EE454B19
:1003A00036EE056BB4EEC47BF1EE10FA05DDB4EE6B
:1003B000C67BF1EE10FA00F1BA80B4EEC67BF1EE26
:1003C00010FA7FF77FAF7F4805217F4B90ED087BC8
:1003D00019708148FDEEC76B16EE903A06EE902A32
:1003E000D31AB8EEE66B794A002B1946B4EEC67BF9
:1003F000B8BF591C0133764B4FEA6101B8BF49427F
:10040000F1EE10FA4CD51B78128803EB0313013A76
:100410000344985C88427FF755AF401A985438BD22
:10042000B4F800C003EB03136A4C0CF1FF3C234407
:10043000C0F1B40413F80C50A54286DC054403F85F
:100440000C5082E75F4C03205F4B644D187094EDB5
:10045000046B5E4CFDEEC65B2488013C15EE903AC1
:1004600005EE902AD31AB8EEE55B002B1846B4EEE1
:10047000C56BB8BF581C0133554B4FEA60001B7861
:10048000B8BF4042F1EE10FA03EB03132B4440F1E6
:1004900083801D5D8542FFF67DAF2D1A1D5579E7DE
:1004A0001B78C1F1B404128803EB0313013A03442F
:1004B0009D5CA5423FF706AF0D449D5438BD444CAA
:1004C000424B2478464804EB041C1B883E4D604494
:1004D000013B4FF0020CC05C85F800C04FEA041CE1
:1004E000022800F09680374890ED026BFDEEC65B67
:1004F00015EE900A101A00280546B8BF451C0130B9
:100500004FEA650500DA6D4205EE902AA4443548AD
:10051000B8EEE55B6044B4EEC56BF1EE10FA65D55C
:10052000C45CAC42FFF624AF641BC45420E72848E7
:10053000264B00782A4900EB00151B88224C2944E1
:10054000013B0425C95C257000FA05F5022963D03A
:100550001C4991ED065BFDEEC54B14EE901A511A45
:1005600000290C46B8BF4C1C01314FEA640400DA84
:10057000644204EE902A05441B49B8EEE44B29443A
:10058000B4EEC45BC85CF1EE10FA3AD5A042FFF6B7
:1005900014AF001BC85410E7C0F1B40513F804C031
:1005A000AC453FF7F7AE844403F804C0F2E600BF61
:1005B00000000000008041404C8601204E86012052
:1005C000C8D40020F0D40020E7CC00200C86012005
:1005D000DFCC002064EE002034ED00205CD500204C
:1005E000ECD800200CEE0020B4ED0020C5F1B404DE
:1005F00010F803C0A4453FF7BBAEAC4400F803C0FD
:10060000B6E6C4F1B405A8423FF7D7AE2044C854BB
:10061000D3E603232B7038BD0523237038BD00BFFC
:100620000021234A0023234810B51160224A234C9D
:100630001160234A01601160224A21601160224A40
:1006400022481360224C234A016013602160224833
:10065000224C234A0160136023602248224C234A23
:1006600003601160236064242148224A224B1160F8
:100670004FF47A721980214B9FED0B7B1A602C226C
:1006800080ED007B1E4804601E4826F05DFE1E4B78
:100690004FF6FF7103F12C0243F8041B9342FBD188
:1006A00010BD00BFAFF3008000000000000000009C
:1006B000F0050120E47A0120E4D70020E87A012047
:1006C000DCD7002024D800202005012028D80020D5
:1006D000E0D7002024050120D47A01208CED0020F1
:1006E000CCD70020BCD80020D0D7002078D900205B
:1006F000A8D400209CD700202A86012040B70020E3
:10070000ECB70020F8D7002078BB0020134B2DE970
:10071000F04193E8030082B000250124DFF8448013
:100720000F4E2F4600908DF8041009E024F0D4FEFF
:100730006B1C7055DDB2082D775508D00134E4B23A
:10074000631EDBB218F803002028EFD8F6D0694604
:10075000034826F04BFE02B0BDE8F081E02A0020FD
:10076000385C012034B80020134BF0B593E8030047
:1007700083B00024114F00908DF8041003E0B85DA1
:1007800024F0AAFEB855E6B2384627F079F90134CC
:10079000B0420546F3D809496846FCF7A1FE082D8A
:1007A00000D808B103B0F0BD00987B199DF8042073
:1007B00078511A7103B0F0BDE02A0020385C0120A6
:1007C000104B1B780F2B1CD80F4A1278CAB90F4A4E
:1007D0001278B2B90E4A12789AB90E4A127882B9D2
:1007E0000D4A4FF4FA6C0D4912780D480CFB02F2D9
:1007F0005A329208A1FB0212920802F5FA7220F80E
:1008000013207047F7CC0020B386012079860120A1
:100810007486012078860120F8CC0020176CC11660
:10082000845B01200F4B82B00F4A1B7801925BB1B1
:100830000E4B1B7843B90E4B1B782BB90D4B1B7815
:10084000013BDAB20F2A01D902B070470A4A02A866
:100850000A49127800EB420232F8042C21F81320E6
:10086000F2E700BFC98601209B02B9087486012007
:10087000788601207286012071860120845B012028
:1008800070B57C20174D1EF073FD04461DF07EF9F7
:100890001549164B08220C6007211548002417F053
:1008A000E7FF144B144A1549154E1648C3E90024B6
:1008B0002A4620F0A1FB2A461049134820F09CFB51
:1008C0004021304617F05EFA2A461049304620F0A3
:1008D00093FB0F480F4905220F4B04800C805A747C
:1008E00070BD00BF98C400203C8501208096980010
:1008F0003C0501208C5C0120F032002011720000C8
:1009000064850120D4B7002078B80020594802003F
:10091000D0D60020A4D6002090D40020564A2DE93D
:10092000F04F146889B074B1544B002554481B68CB
:10093000006854491B1A1560A1FB0313524904EBCC
:1009400093148C4202D809B0BDE8F08FDFF86081C3
:10095000404618F0FFFB0028F5D098F80130DFF88A
:1009600054A198F8042098F806008AF80030039300
:100970001E38464B98F80510C0B21A70444B98F8D0
:1009800002601970434B98F8007098F803C0DFF8C4
:100990002891DFF82881DFF828B1187000F5FA6097
:1009A0008BF800C089F8007088F80060FAF740F80A
:1009B0000218F1004FF03C0C039B12181001801A32
:1009C0000201121A891B4901D20189190901521821
:1009D0000CFB0323DB19E31A002BB8BF5B42092B86
:1009E000B1DD2D48294605AAA0FB043007AB050C54
:1009F000009306AB2846FAF769F8281D274B284ACA
:100A0000A3FB0031274BA2FB0452451AD20A01EB8B
:100A100055018908C1EBC101401A01308BF8000073
:100A2000A3FB04014909A3FB01035B09C3EB031307
:100A3000A1EB8303C1EB01118AF800301A4BA4EB40
:100A40008104A3FB0213124989F800401B0903EB40
:100A50004303A2EBC30288F80020DDE905320A70E7
:100A600030330C49079A0B70084B1A702FF08CFA30
:100A70000E4B01221A7066E7B8040120E4850120BC
:100A8000B4040120D34D6210FFF053659F8601200E
:100A90009E860120A286012007452EC22549922468
:100AA000C5B3A29189888888ABAAAAAA9386012097
:100AB000EC8501209D860120A08601209C860120D6
:100AC000A18601202DE9F04F304D314E6F7895F819
:100AD00006E03844EF782F4CAEF11E0EC0B23770EE
:100AE000DFF8BCB05FFA8EFE2E783B282F79267097
:100AF00095F80580AC789DF824C0DFF8A8A0264DB5
:100B0000264EDFF8A4908BF8000009D90020162C9F
:100B10008BF8000001D80134E4B2013CE4B200E0FB
:100B200070B3214472444344C9B2D2B2172988BF7A
:100B30001721632A88BF632213F0FF038AF800108D
:100B400089F800200BD1BC4401231CF0FF0C33704A
:100B50000DD101232B70BDE8F04F2FF015BA0C2BEF
:100B6000BC4488BF0C231CF0FF0C3370F1D0BCF1E7
:100B70001F0F08D91F232B70BDE8F04F2FF004BAC8
:100B8000002CCED0C9E785F800C0E4E7EC85012051
:100B9000A1860120A08601209F8601209E8601203B
:100BA0009D8601209C860120A286012000B509486F
:100BB00083B018F0CFFA10B903B05DF804FB00233E
:100BC0000122194618460093FFF77CFF03B05DF839
:100BD00004FB00BFEC85012000B5094883B018F084
:100BE000B9FA10B903B05DF804FB002201231146E5
:100BF00010460092FFF766FF03B05DF804FB00BFEC
:100C0000EC85012000B5094883B018F0A3FA10B9AB
:100C100003B05DF804FB0022FF231146104600924A
:100C2000FFF750FF03B05DF804FB00BFEC85012027
:100C300010B5084882B018F08DFA08B902B010BD9E
:100C4000002301241A46194618460094FFF73AFF7C
:100C500002B010BDEC85012010B5084882B018F034
:100C600079FA08B902B010BD0023FF241A461946CC
:100C700018460094FFF726FF02B010BDEC85012056
:100C80002DE9F041174C184E2046184FDFF86880C8
:100C9000174D1DF069FB08B320461DF0B7FBC0B22D
:100CA000A0F120035E2B05D833887E2B02D85A1C76
:100CB000F85432800F4BD8F804101A68A5FB0232A2
:100CC000920C02EB82029200D8F804305B1A9A422E
:100CD000FAD820461DF048FB0028DDD13388F854AF
:100CE000BDE8F081E0BD00202C8601203404012005
:100CF00083DE1B43C0B60020001000E02A492B4BC6
:100D000048682DE9F0412A4E3268A3FB0232920C6A
:100D100002EB820292004B681B1A9A42FBD82548CC
:100D20001DF022FB002835D0224D0024DFF89480EE
:100D300028461E4F1DF018FB60B328461DF066FBC9
:100D40001D491E4ADFF880C00B680CF804001068CB
:100D50001B1AB3F57A7F07D3194B188880041BD56B
:100D6000C3F804800B6813600F49B4F5805F4868CE
:100D7000B8BF01343268A7FB0232920C02EB820248
:100D800092004B681B1A9A42FBD828461DF0ECFAD9
:100D90000028D2D1BDE8F0814AF2026098804BF27F
:100DA00080409880DEE700BF001000E083DE1B4338
:100DB000C0B60020E0BD0020E4850120747D012044
:100DC00000C00B4002A680B4C05C012070B50B4D82
:100DD0002C8824B90A481DF0C7FA58B970BD094ECD
:100DE0002246094930461EF029FA002301203355D6
:100DF0002B8070BDFFF782FF012070BD2C86012083
:100E0000E0BD0020C05C0120340401202DE9F04F3A
:100E10009BB003468946854A0DF1080A6021504679
:100E200025F028F85F2800F2C980B9F1000F40F0E2
:100E3000C9807F4D7F4C804ED5F800807F4FDFF812
:100E40001CB22B68A3EB0803312B02D91DE01DF067
:100E5000DDFA20461DF088FA03462046002BF6D125
:100E600001201EF0F1F82B6832689B1AB3F57A7FE7
:100E7000E7D33B88980468D5C7F804B02B68336083
:100E80002B68A3EB0803312BE3D90A226C4969488C
:100E90001DF016FE504626F0F3FD51460246654809
:100EA0001DF00EFE0622674962481DF009FEFF2173
:100EB00060481DF013FDFF215E481DF00FFDFF216E
:100EC0005C481DF00BFD0A201EF0BEF808225E49AA
:100ED00058481DF0F5FDFF2156481DF0FFFCFF218D
:100EE00054481DF0FBFCFF2152481DF0F7FC524E08
:100EF0002F68DFF8688103E0C3F804802B68336053
:100F00004C4C2B682046DB1BB3F5FA7F24D21DF036
:100F10002BFA0346204623B11DF078FAC0B271289F
:100F20001AD001201EF090F82B6832689B1AB3F596
:100F30007A7FE6D3414B1A889104DDD44AF20261EC
:100F40004BF2804299809A80D8E74AF20263BB80D4
:100F50004BF28043BB8091E72B68DB1BB3F5FA7F34
:100F600029D20DF1040B344EDFF8F0802F6803E036
:100F7000C3F804802B6833602E4C20461DF0F4F932
:100F8000034601206BBB2B68DB1BB3F5FA7F12D83D
:100F90001EF05AF82B6832689B1AB3F57A7FECD3AF
:100FA000264B1A889204E3D44AF202629A804BF2EA
:100FB00080429A80DEE7B9F1000F23D100201BB0F8
:100FC000BDE8F08F132121481FF042FE504626F065
:100FD00057FD014650461FF03BFE1D481DF0A4FD85
:100FE00027E714481DF012FA0BF8010BD345BDD1C9
:100FF000019CB9F1000F0DD1201E18BF01201BB0BC
:10100000BDE8F08F132113481FF022FE10481DF099
:101010008BFDD3E7092110481FF01AFE21460C482A
:101020001DF076FD0A481DF07FFDE5E7AC240020A9
:10103000E4850120E0BD0020747D012000C00B404C
:10104000D0240020DC240020E4240020BC24002044
:10105000D0BD0020F02400200425002002A680B48A
:1010600000B589B01D221649684626F025FA0023EE
:1010700068468DF81D3026F003FD082807D90021A9
:101080006846FFF7C3FE88B109B05DF804FB0D4A5E
:101090000DEB00010346106812794DF80300684615
:1010A0000A710021FFF7B2FE0028EDD1064A044B79
:1010B00092E8030083E8030009B05DF804FB00BF79
:1010C000F4F00020F02A0020142700206A4B2DE9BC
:1010D000F04F0446A1B08B4600250192674FDFF820
:1010E000B881674EDFF8AC9193E80300654B8DF84B
:1010F00010100390079093E80300059008A88DF85E
:101100001810214626F00AFA9DF818200346059883
:101110002C4618601A71FFF7B3FD07A83D7026F042
:10112000AFFC07A9024656481DF0CAFCFF215448EF
:101130001DF0D4FBFF2152481DF0D0FBFF21504889
:101140001DF0CCFB372000F079FCD8F800A0D8F8CF
:101150000030A3EB0A03632B2DD830461DF004F9B1
:10116000034630469BB11DF051F9B4F5805F04F1A0
:101170000103C0B201D238559CB2FF2825D03046B9
:1011800000251DF0F1F803463046002BEBD1D8F8CE
:101190000020D9F80010521AB2F57A7FD7D33A4A14
:1011A0001188890422D539495160D8F80020C9F83E
:1011B0000020002BCBD03B78702B1ED0584626F059
:1011C0005FFC80B221B0BDE8F08F0135EDB2022D99
:1011D000C3D9D8F80030D9F800209B1AB3F57A7F2C
:1011E000E9D3294A012311888904DCD44AF2026137
:1011F00091804BF280419180D7E77A78FF2A39D0ED
:10120000019B0BF1FF3022494AF2026A03F1FF3CD5
:10121000204D01231C4E4BF28049DFF870E040F670
:10122000FE770FE0C6F804E0D8F800202A6011F835
:10123000012FFF2A17D0BB4219D09C4503F10104AE
:1012400011DD23462C6800F8012FD8F80020121B6E
:10125000B2F57A7FEBD332889204E3D4A6F804A0E7
:10126000A6F80490E0E75B4400221A70A6E70BF6AC
:10127000FE73F9E75B46F7E7082B0020C05C01200E
:10128000E0BD0020102B002000C00B4002A680B45F
:10129000C15C0120747D0120E48501202DE9F0432B
:1012A0001F46294B8BB0294C1B6889460DF1180C41
:1012B0000646ADF800301B0C90460DF10C0E8DF873
:1012C0000230234B1B68ADF804301B0C8DF8063040
:1012D000204B1D68ADF808502D0C94E80F008DF8D8
:1012E0000A501D4D8CE80F0095E80700AEE803009A
:1012F0006046AEF8002000F011FC1299684601F03B
:101300007DFA494601A801F079FA414603A801F0A7
:1013100075FA394602A801F071FA00F023F80F4976
:101320000023282201A80B70FFF7D0FE304600F002
:10133000F5FB0B4B1878A0F15900B0FA80F040098A
:101340000BB0BDE8F08300BFF41F0020F81F0020A1
:10135000C81A0020D01A002008200020385C012084
:1013600068D600202DE9F84F324F3F23324E334DDF
:10137000334CDFF8E880DFF8E890DFF8D8A03B7066
:101380001DE048461CF0F0FF00283CD10DF0C2FEE5
:101390002B6822689B1AB3F57A7F07D3294B1A88EA
:1013A00092041DD5284A5A602B68236098F80030B3
:1013B00013B1264B1B78D3B93B783F2B21D1B6F81C
:1013C00000B0BBF1000FDCD05A46214921481DF086
:1013D00035FF00230AF80B303380F3F751FED5E7D1
:1013E0004AF202629A804BF280429A80DCE71A4B02
:1013F0001A785AB1FFF7E4F9F6F71AFB3B783F2B5E
:10140000DDD0BDE8F88FFFF779FCE6E701221A701E
:10141000FEF70CFFF2F7BCFCFBF770FFFBF7A4FE36
:10142000F2F7C0FDFBF712FFFBF7EAFEF2F78CFACA
:10143000E0E700BF68D600202C860120E48501206B
:10144000747D012000C00B4002A680B4B18601204B
:1014500034040120C05C0120F9CC002076860120F4
:10146000E0BD00202DE9F04FA24CA1B02378002B65
:101470005FD1A14B1B78002B5BD1DFF8D88298F8A5
:101480000090B9F1000F54D19C4B9D4D1B78D5F8BD
:1014900000A0002B40D09B4B1B78002B49D09A4FCB
:1014A0009A4ED7E90002D6E900139A4208BF884253
:1014B00000F0ED800120286004E0286801305A28FF
:1014C000286039D884F800900BF056FCD7E9000268
:1014D000D6E900139A4208BF8842EED10123237057
:1014E00003F03EF88A4B1B78002B40F09E80894B1E
:1014F0001B78002B00F0FB8009F0ACF8864B874985
:101500001B682868023B864A0B80431E00215A2B29
:10151000116001D809F064FE824A012382491278E1
:1015200023700B70002A7BD121B0BDE8F04F04F08E
:101530000BBB21B0BDE8F08F2378002BD0D15FFA30
:101540008AF028600BF018FC784B1B78002B40F0D9
:10155000B8800DF11C09DFF800C24B23744ACA465B
:101560000CF1300B1370DCF800000CF1100C5CF87F
:101570000C1CD6465CF8082C0AF1100A5CF8043CF6
:10158000DC45AEE80F00EED1DCF80000DCF804101A
:10159000DCF80820AAE807002822002116A825F078
:1015A000D3FE64490DF1570025F0B8FF624A0346A7
:1015B00003CA18604B20596000F054FB5F4BDFF802
:1015C0009CE10DF10C0C0FCBACE807009EE803008A
:1015D0002CF8023B1B0CADF80810090C019003A875
:1015E0008CF800308DF80A1000F098FA494601A8EE
:1015F00001F004F9FFF7B6FE514800F08FFA514BA5
:10160000514A78211B781180592B24D001220023C4
:101610004548FE2188F80020424A2370037011706B
:1016200021B0BDE8F04F0CF07DBB404B1C21404A7F
:101630001B781170002B3FF45AAF444F0DEB01069D
:101640000FCF0FC697E8030046F8040B07A83170C8
:10165000FCF75AF84BE7D7E900232868C6E90023CE
:101660002F4B00221A60431E5A2B01D809F0B8FDF7
:101670001A212C4D2E4801232A7801702A49237003
:101680000B708ABB04F060FAFE232B70C8E7274B6F
:101690001D20274901221B7808702270002B3FF47F
:1016A0003BAF2B4E07AD0FCE0FC596E803000B0CDA
:1016B00045F8040B07A825F8021B2B70FCF724F84B
:1016C0002AE7DFF89CE00DF11C0CBEE80F00E146B4
:1016D000ACE80F009EE80700ACE8030048468CF831
:1016E0000020FCF711F836E70CF01CFBCCE708F003
:1016F000D3FE01E7B186012078860120DDCC0020F1
:101700005CB80020AF86012080D4002088D400205F
:10171000DBCC0020B2860120D00A01201C860120EB
:1017200098D700208586012076860120D986012061
:101730007F86012034B80020C81B0020D01B002069
:1017400028CB002068D600201486012090A7002016
:1017500078A70020B0860120E01B00201C1C002080
:10176000A8A700201F4B1B788BB91F4B1A7822B3F8
:10177000012A0DD01D4B1B784BB91D4B1A6832B195
:101780005B6823B11B4B01221A70FFF76BBE7047D9
:101790005978002293F802C061F30702D8781979CA
:1017A0006CF30F22124B60F3174261F31F625A6011
:1017B0000E4B1B78002BEAD1DFE75978002293F813
:1017C00002C061F30702D87819796CF30F22084B35
:1017D00060F3174261F31F621A60044B1B78002B01
:1017E000D5D1CAE77886012018D50020B18601201E
:1017F00080D40020AF8601203A4A136830B53A4CB5
:1018000089B02BB1216800253848CB1A15600360D8
:10181000374A4FF0010C374800211388364D00F845
:1018200003C0634435489BB22970C72B8CBF11801D
:101830001380334A334913680133136002880B88DD
:10184000013201330280304A0B80136833B12F49D3
:101850000868034400200B601060C3B12C4B0122C8
:101860002C481A7017F05AF9E8B92B4B1B7833B192
:101870002A4B1B7873B92A4B1B78002B2BD020687E
:1018800000222849284B08601A7009B030BD012396
:101890000B60E3E7254B1B78002BF0D0204B1B7827
:1018A000002BECD117E01B4817F024F9062802465C
:1018B00006D81F49174817F039F9F5F7D7F9D4E7D3
:1018C0006D461448294617F031F9194B95E8030085
:1018D00018609980F1E709F0F1F9164B01221A70AE
:1018E000CDE700BF24D80020E4850120D47A012070
:1018F000628601205001012001CD00203C8601209C
:10190000E47A012028860120F0050120E87A0120F0
:10191000808601203C05012076860120A7860120D3
:101920000BCD0020C4D80020F3CC0020A6860120D7
:1019300018D500208986012030B50E4B83B00E4C9F
:1019400000211D680D4A23681278EB1AADF80610C5
:10195000934201D203B030BD02220DF106010848C6
:1019600017F0B6F80028F5D0FFF746FF256003B062
:1019700030BD00BFE48501206CD900200FCD0020D0
:101980003C050120254B00222DE9F0471B7882B051
:10199000ADF80620002B3DD04FF0070A0124204F60
:1019A000204E214DDFF88C80DFF88C90335D0134C0
:1019B0003B70F2F77BF802220DF10601284617F082
:1019C00087F80AF1FF33E8B913F0FF0AE4B21BD03D
:1019D000032CEBD1154A0446D8F80030116814489E
:1019E0005B1AB3F57A7FE1D303889B040FD44AF2E4
:1019F000026383804BF280438380D8F80030002458
:101A00001360D3E7FFF7F8FE02B0BDE8F087C0F837
:101A10000490F2E7F2F78EF8BEE700BF8986012056
:101A2000B68601203CC300203C050120747D0120C6
:101A300000C00B40E485012002A680B42DE9F84FD8
:101A4000DFF8C880DFF8C8B098F80030DBF8006035
:101A5000B3BB0123044688F80030DBF800309B1B41
:101A600098422AD9DFF8ACA0244F254DDFF8A89082
:101A700011E0244B6B60DBF80030CAF800300DF049
:101A800049FB3B7813B199F80030DBB9DBF8003043
:101A90009B1BA34211D2DBF80030DAF800105B1A6E
:101AA000B3F57A7FEBD32B889B04E2D44AF202632E
:101AB000AB804BF28043AB80DDE7002388F8003039
:101AC000BDE8F88F104B197821B1FEF779FEF5F7D4
:101AD000AFFFDBE701211970FEF7A8FBF2F758F919
:101AE000FBF70CFCFBF740FBF2F75CFAFBF7AEFBF5
:101AF000FBF786FBF1F728FFE7E700BFB18601207F
:101B000000C00B4002A680B4F9CC0020F086012072
:101B1000E4850120747D012076860120314B324A14
:101B20002DE9F041074686B093E8030003AB01902E
:101B3000ADF8081007CA03C31A803FB1384625F034
:101B40009FFF3946024629481CF0BAFFFF2127486B
:101B50001CF0C4FEFF2125481CF0C0FEFF212348D5
:101B60001CF0BCFE224D2349234B48682A68A3FB86
:101B700002324623920C03FB02F24B681B1A9A4274
:101B8000FBD81A4CDFF86C8020461B4E1CF0ECFB97
:101B9000A8B1D8F8041046232A68A6FB0202920CCA
:101BA00003FB02F2D8F804305B1A9A42FAD82046B6
:101BB0001CF02CFC20461CF0D7FB0028E9D139464C
:101BC00003A8FBF78DFC20B9394601A8FBF788FC78
:101BD00010B906B0BDE8F081142006B0BDE8F041B0
:101BE000FFF72CBFF0100020F8100020E0BD00200F
:101BF000C0B60020001000E083DE1B43144B154AE2
:101C000000B593E8030013788BB0092B00908DF892
:101C1000041002D80A210B4611706946002203C93C
:101C2000059002A88DF818101946F1F75BFD02A97E
:101C300005A825F0DBFB084B002205A81A70FFF76A
:101C40006DFF064A064B12681A600BB05DF804FB84
:101C50009C200020E1CC0020CF860120E4850120DB
:101C60000C0D0120114A41F2873312689A42104B41
:101C700001D81A7852B10F4A002112781970052A3A
:101C800001D1012802D10C4B1B7803B9704700B574
:101C900087B00346094A1821684624F0EBF86846E5
:101CA000FFF73CFF07B05DF804FB00BFE4850120AF
:101CB0008F86012085860120CA860120442C0020C1
:101CC000184B10B51B78022B174B06D01B78022B34
:101CD0000FD0012B19D013B110BD00221A70134C74
:101CE0002378002BF8D01720FFF7BCFF00232370C8
:101CF00010BD0E4CF9F7DEFB2378012BECD016203B
:101D0000FFF7B0FF0123237010BD084CF9F710FC5A
:101D10002378022BE0D06720FFF7A4FF0223237073
:101D200010BD00BFBB86012079860120828601207C
:101D30001C4B10B51A780C46824206D04228187007
:101D400029D04D2820D04E2817D004F00103164A80
:101D500013708BB9C4F34102C4F3C10313490132B8
:101D6000013313480A70C4F34011124AC4F38014BB
:101D70000370114B11701C7010BD104B00226720B6
:101D80001A70FFF76FFFE0E70C4B012217201A7063
:101D9000FFF768FFD9E7094B002216201A70FFF7FA
:101DA00061FFD2E713CD0020E2CC0020EBCC002075
:101DB000DFCC0020B3860120CB860120F5CC0020AB
:101DC000AA4BAB491A680B68D31A312B3CD9A94BE3
:101DD0000A601B78002B37D0A74B1B78002B33D021
:101DE000A64B1B7883B3A64B42F20F711B68D31A24
:101DF0008B4229D9A34BA4491B780978994200D07A
:101E000013BB2DE9F04FA14D2B78F3B1A04BA14CA2
:101E1000B3F90010A04BB4F91200D3ED007A4518C5
:101E2000FDEEE77A17EE903A9D422FDA9B490B7848
:101E30000A2B00F0B2800A24994B57200C701A60CC
:101E4000BDE8F04FFFF70EBF7047924CB6EE007A38
:101E50009449954B04F11400B1F800C021461B8849
:101E600007EE903A6344F8EEE77A9BB277EE877A12
:101E7000FDEEE77A17EE906A21F8026B8842EFD107
:101E8000834B1921198001232B70C3E7B4F910503B
:101E90006E189E4277DBB4F90EC00CEB01069E4231
:101EA000C0F28F80B4F90CE00EEB01069E42C0F246
:101EB0009480B4F90A6077189F42C0F29A80B4F90E
:101EC000087007EB01089845C0F29F80B4F906A09E
:101ED0000AEB01089845C0F2A580B4F9049009EB1B
:101EE00001089845C0F2AB80B4F9028008EB010B01
:101EF0009B45C0F2B180B4F9004004EB010B9B4557
:101F0000C0F2D6804042401A984200F330816842C5
:101F1000401A984200F32081CCF10000401A984208
:101F200000F32F81CEF10000401A984200F3E880C0
:101F30007042401A984200F3F7807842401A984263
:101F400000F3E880CAF10000401A984200F3F680DE
:101F5000C9F10000401A984200F3C880C8F100009F
:101F6000401A984200F3B8806442611A99421FDD1A
:101F70004A490B780B2B00F0AC800B24484B5820BF
:101F80000C701A605CE745490B78092B23D00924B3
:101F9000434B56200C701A6052E78521404C206854
:101FA000101A88420BD34149226031F8130047E7E9
:101FB0003A4B197819B10020394918700A60BDE808
:101FC000F08F36490B78082B11D00824344B55205C
:101FD0000C701A6034E7A621E0E730490B78072B34
:101FE00011D007242E4B54200C701A6028E7C8210A
:101FF000D4E72A490B78062B11D00624284B53200E
:102000000C701A601CE7E921C8E724490B78052BFE
:1020100012D00524224B52200C701A6010E74FF4A6
:102020008571BBE71D490B78042B12D004241C4B8F
:1020300051200C701A6003E740F24D11AEE71749CA
:102040000B78032B42D00324154B50200C701A60E0
:10205000F6E64FF4C871A1E7104B1978022931D088
:1020600002240F494F201C700A60E9E6E485012034
:10207000C07D0120DB86012076860120B18601200B
:10208000D8DA00200CCD0020DFCC0020DD86012036
:1020900056860120C47D012060050120F4860120C0
:1020A000BC7D0120C6CC0020C8CC0020942E00208E
:1020B0003C490B78012B0CD001243B4B4E200C707B
:1020C0001A60BDE640F21521022367E74FF4E9717B
:1020D00064E740F29A2161E7324B19780C2937D036
:1020E0000C24314959201C700A60A9E62D490B784F
:1020F0000D2B51D00D242C4B5A200C701A609FE6EA
:1021000028490B78112B8AD01124274B5E200C70A4
:102110001A6095E623490B780F2B9AD00F24224B97
:102120005C200C701A608BE61E490B78102B83D054
:1021300010241D4B5D200C701A6081E619490B7844
:102140000E2BC3D00E24184B5B200C701A6077E660
:102150004FF416710C2321E712490B78132B3FF42F
:1021600046AF1324104B60200C701A6068E60D49CE
:102170000B78142B13D014240B4B61200C701A60B5
:102180005EE608490B78122B3FF43DAF1224064B54
:102190005F200C701A6053E640F21521FEE6A02184
:1021A000FCE600BFF4860120BC7D01202DE9F04F44
:1021B00085B015461C4680460E9A0F9B03920293EB
:1021C000169ADDE9129301920093DDE910BADDE978
:1021D000147625F0A3F9294625F0A0F9214625F02B
:1021E0009DF9039A114625F099F9029B194625F0AD
:1021F00095F9594625F092F9514625F08FF949464F
:1022000025F08CF9009925F089F9394625F086F9F1
:10221000314625F083F9019925F090FB404605B041
:10222000BDE8F04FFFF77ABCF0B51C4699B0334FCC
:102230002C2384460E46ADF80C3004AB1546002224
:1022400097E803000490ADF8141093E80300099098
:1022500006A8ADF828106146F1F744FA019009A8E4
:1022600025F00EFC09AB0199184425F057F9BDF88B
:102270000C3031460022038006A8F1F733FA0190B2
:1022800009A825F0FDFB09AB0199184425F046F992
:10229000BDF80C3000222946038006A8F1F722FA87
:1022A000014609A8019125F0EBFB09AB01991844FF
:1022B00025F034F9BDF80C3000222146038006A831
:1022C000F1F710FA014609A8019125F0D9FB09ABF5
:1022D0000199184425F022F9BDF80C10034600229C
:1022E00006A819801E99F1F7FDF9014609A825F005
:1022F0007DF809A8FFF712FC19B0F0BD002B0020F3
:10230000F0B51C4699B0334F2C2384460E46ADF8E9
:102310000C3004AB1546002297E803000490ADF89A
:10232000141093E80300099006A8ADF82810614640
:10233000F1F7D8F9019009A825F0A2FB09AB0199A2
:10234000184425F0EBF8BDF80C303146002203802C
:1023500006A8F1F7C7F9019009A825F091FB09AB90
:102360000199184425F0DAF8BDF80C30002229460E
:10237000038006A8F1F7B6F9014609A8019125F0F6
:102380007FFB09AB0199184425F0C8F8BDF80C3063
:1023900000222146038006A8F1F7A4F9014609A806
:1023A000019125F06DFB09AB0199184425F0B6F8B1
:1023B000BDF80C100346002206A819801E99F1F7FB
:1023C00091F9014609A825F011F809A8FFF7A6FB25
:1023D00019B0F0BDA02B0020F0B5174F83B03C2200
:1023E000164E3B8805460C46104600933F2140F2AE
:1023F0009713FFF785FF33883C22A5F11E01009358
:1024000005F11E031046FFF77BFF398840F2EE22EC
:1024100040F2971300913F211046FFF771FF30887B
:1024200040F2EE2204F11E030090A4F11E011046BA
:10243000FFF766FF03B0F0BDB2CC0020B6CC0020A1
:102440002DE9F0471E46184B84B01546B3F80090AE
:10245000DDF83480CDF8009014880F994444DDF8FD
:1024600030A001F10A030E9F2246204603910293F9
:10247000FFF746FF621CCDF80090DDE902311046FF
:10248000FFF73EFF298850460122A03189B22980FA
:102490004144C91BF1F726F90146304604B0BDE8B6
:1024A000F04725F04BBA00BFB6CC00202DE9F04F25
:1024B000334BD7B005468A460DF1B00B14460122C6
:1024C00093E803002F4B0F905846ADF84010198841
:1024D000F1F708F901224FF4AA7114A8F1F702F9F3
:1024E00001220D905A2117A8F1F7FCF801220B9058
:1024F00019211AA8F1F7F6F801220C9000211DA865
:10250000F1F7F0F801220646002120A8F1F7EAF8D9
:1025100001220746002123A8F1F7E4F801228046B2
:1025200026A81146F1F7DEF80122814629A81146B6
:10253000F1F7D8F80C9B0B9A0FA9019300922A4649
:102540000D9BCDF820A0CDE90690CDE9026B30A817
:102550001426CDE90478FFF729FE20882246552469
:10256000553040F24511019411AC2B4680B20391D5
:1025700002960094FFF764FF57B0BDE8F08F00BFEC
:10258000302B0020B6CC00202DE9F047414A94B012
:10259000414B4FF0000904AC06AD08AE0AAF0DF197
:1025A0003008DFF808A1ADF80E9092E803003B4A2E
:1025B00084E8030093E80300394B85E8030092E8C0
:1025C0000300012286E8030093E80300354B87E807
:1025D000030093E8030088E80300412111A8F1F704
:1025E00081F801460EA825F0A9F9BAF8003040F2AA
:1025F000DA2246210093502040F24513F5F720FBE4
:10260000BAF8003040F2DB22452100934F204FF40E
:10261000A373F5F715FB41460DF10E020EA8FFF767
:1026200045FF0DF10E0239460EA8FFF73FFF0DF1F1
:102630000E0231460EA8FFF739FF0DF10E022946B2
:102640000EA8FFF733FF0DF10E0221460EA8FFF78B
:102650002DFFFE2340F27E2247215620CDF8009028
:10266000FFF7E2FD10494FF4FC724FF4A2730C889F
:10267000472110460094FFF743FE40F2F9124FF451
:10268000A273472110460094FFF73AFE14B0BDE84C
:10269000F08700BF881000209010002098100020C4
:1026A000A0100020A8100020BECC0020B6CC002036
:1026B00008B50348FFF732FA024B12221A7008BD20
:1026C000E0CA00208586012070B5154E04463046CC
:1026D00025F0D6F90546204625F0D2F92B1803330C
:1026E000B3F5806F10D233782BB921460C48BDE882
:1026F000704024F07BBE0B4B21461868705108488F
:10270000BDE8704024F072BE3046FFF707FA0023A0
:10271000214603483370BDE8704024F067BE00BF17
:1027200008FD002078220020114B024610B50C460F
:10273000A2B093E80300009009A8ADF80410114678
:1027400024F0ECFEBDF804C00346009800222146A8
:10275000186002A8A3F804C0F0F7C4FF014609A856
:1027600024F044FE09A8FFF7AFFF22B010BD00BF60
:10277000580E002030B59FB003460C466D461946F2
:10278000284624F0CBFE1B4A034691881068A3EB31
:10279000050C92790CF1060C998018609A71CCF1B5
:1027A00076012378AC44ABB189B2012912DD002255
:1027B00001200AE0FE2B28BF20230CF8023082B251
:1027C000A35C501C2BB1884203DA222BF2D12723C1
:1027D000F3E79444002328468CF8003025F050F9A4
:1027E000054A034628461288EA52FFF76DFF1FB0DC
:1027F00030BD00BF282C0020D81F002070B5ADF5DB
:10280000006D03460D4640F2FE746E461946304692
:1028100024F084FE294903468A8808689A809A1B16
:1028200089790632186099712B78B118A41ACBB146
:10283000A4B2012C16DD0022012009E0FE2B28BFE6
:1028400020238B5482B2AB5C501C53B1A04208DAF7
:10285000222BF3D127238B5482B2AB5C501C002B6C
:10286000F4D1114400233046154C0B7025F008F9C3
:10287000144A034630461288134DF252FFF74EF9C0
:102880002046124E1BF070FDA0B1114A462371681C
:102890001268A5FB0202920C03FB02F273685B1A3A
:1028A0009A42FBD820461BF0B1FD20461BF05CFD90
:1028B0000028EAD10DF5006D70BD00BF282C002066
:1028C000E0BD0020D81F002083DE1B43001000E085
:1028D000C0B600202DE9F0436A4BA1B020213A2276
:1028E000694C3025ADF80C10ADF81020ADF814503F
:1028F00093E8070006AB03C31A70B4F9003018332D
:1029000001DA00232380614E3378192B03D013B1F1
:1029100021B0BDE8F0835E4D284616F01BFC002870
:10292000F6D0DFF878810CAF2979002298F80030D2
:1029300009A81944F0F7D6FE0146384624F0EEFD0A
:102940003378192B77D0BDF80C300DF10C0901301C
:1029500020F8013C69794F4B0139C1EB0111194451
:1029600024F0ECFF384625F08BF84946384424F033
:10297000D5FDA9790646002201F2B27109A8F0F747
:10298000B1FE0146304624F0C9FD494624F0C6FD9B
:10299000B4F90030A9781944172945DD0123183905
:1029A00088F80030CCB2092C02D805A924F0C6FF63
:1029B0002146002209A8F0F795FE0190384625F03F
:1029C0005FF80199384424F0A9FD04A924F0A6FD7C
:1029D0006C78092C02D805A924F0B0FF214600220A
:1029E00009A8F0F77FFE0190384625F049F80199D3
:1029F000384424F093FD04A924F090FD2C78092C90
:102A000002D805A924F09AFF0022214609A8F0F770
:102A100069FE0146384624F0E9FC394606A8FFF76E
:102A2000EDFE21B0BDE8F083002926DAFF2318313E
:102A300088F80030B6E72B79092B11D90DF10C0974
:102A4000384625F01DF83844494624F067FD697979
:102A5000114B0139C1EBC101194424F06FFF81E72B
:102A60009DF80C300370C01B00F180030DEB0300D8
:102A7000BDF80C3020F84F3CE0E7002388F8003028
:102A800090E700BFE42B00200E8601208586012000
:102A9000EC850120DCC3002088C30020868601204D
:102AA0002DE9F04F934FA1B08046934E0BAC0DF142
:102AB000480E924D0DF1640CDFF854B20DF1140A7A
:102AC000DFF850920FCF0FC497E8070003C42270BD
:102AD0000FCEAEE80F0096E80700AEE80300AEF8B0
:102AE00000200FCDACE80F00854A864B99F80040D6
:102AF000CDE9012303F54F2303F60F430393A3F519
:102B00005F2395E80700A3F20233ACE803000493C7
:102B1000ACF80020BBE80F00AAE80F009BE8030018
:102B20008AE8030014B9B8F1010F0FD9764D2C785B
:102B3000012C20D0022C34D099F803301BB9A8F115
:102B40000603012B6DD921B0BDE8F08F1120FFF7EE
:102B500089F80BA901A8FFF751FE012389F800307D
:102B6000B8F1000F4BD1684D42F22232674B2C78FE
:102B70001A80012CDED199F80130002B47D099F84A
:102B80000230002BD8D1A8F10403012B40F284803D
:102B9000B8F1050F43D15D4B42F227622C789A8041
:102BA000C8E799F801301BB9A8F10403012B4CD9EF
:102BB00099F80230002BBFD1A8F10203012BBBD83A
:102BC0001120FFF74FF812A902A8FFF717FE012303
:102BD000B8F1030F89F802304DD14C4B42F2267206
:102BE0005A8099F80330002BADD1B8F1070FAAD164
:102BF000464B42F62902DA8021B0BDE8F08FB8F1E9
:102C0000010F93D1414B42F223221A808EE7A8F1A3
:102C10000203012B54D999F80230002BB3D02C7841
:102C200088E71120FFF71EF805A904A8FFF7E6FDC5
:102C30000123B8F1060F89F80330D6D1334B42F6A1
:102C40002812DA8021B0BDE8F08F1120FFF70AF8D2
:102C500019A903A8FFF7D2FD0123B8F1050F89F8E0
:102C6000013011D1294B42F225429A8099F8023065
:102C7000002B7FF461AFB8F1020F7FF45DAF234BFF
:102C800042F227625A80ACE7B8F1040F90D11F4B93
:102C900042F224529A80E9E71120FEF7E3FF19A9D6
:102CA00003A8FFF7ABFD0123B8F1040F89F8023048
:102CB0007FF46EAF154B42F226722C789A8039E77A
:102CC0001120FEF7CFFF12A902A8FFF797FDB8F178
:102CD000030F89F8014004D10C4B42F224525A8070
:102CE0009DE7B8F1020F96D1084B42F225425A8077
:102CF00095E700BF04220020202200203C22002073
:102D000061696C00656C650007CD0020C0BE0020C5
:102D100058220020BCBE002030B51D4987B01D4C94
:102D20001D4B0DF10C0C1D481D4A02901D4DCDE9A7
:102D30000013E38807CA013BACE80300ACF80020AD
:102D400003EB8302684603EB42012944FFF756FD7B
:102D5000218901A8013901EB810301EB43012944D9
:102D6000FFF74CFDA3886BB10F4A02A80F4913442B
:102D700013F8013CC3EBC30301EB4301FFF73EFD36
:102D800007B030BD03A902A8FFF738FD07B030BD7A
:102D900063684D00A80C0120636853007431300053
:102DA000780E0020E8B50020E0B5002000B4002037
:102DB000114A124B1178124801EB0111B3F800C00F
:102DC000421882F806C0B3F802C000F801C0D989E1
:102DD000B3F804C0D8887F3182F801C09070B3F88E
:102DE00008C058895172198A9B8982F803C01072F1
:102DF00051711371FFF790BFAD860120A80C01201F
:102E0000C0EE002030B5154B8BB0154C0DF1100CF9
:102E100093E8070001AB03C31A80124B1D780FCC57
:102E2000ACE80F0094E803004CF8040B2CF8021BEC
:102E3000090C8CF8001045B10B4B41F288320B495C
:102E40001B6809685B1A934201D90BB030BD04A915
:102E500001A8FFF7D3FC0BB030BD00BFA8250020B0
:102E6000B4250020A7860120E4850120D8DA0020BF
:102E7000104B40F6B7321B68C31A934200D8704714
:102E800010B50446FFF7BEFF0B4A1368E31A632B25
:102E900004D90A4B00211460197010BD042BFCD911
:102EA000064A1378002BF8D10120054910700B80D9
:102EB00010BD00BFD8DA002074810120FACC0020B8
:102EC0001286012088424BD24B1E421C1B1A2DE950
:102ED000F04FDFF8A0B000EB8005224E52FA83FAE3
:102EE000214F85B0214B04465D4406EB800607EB7D
:102EF000800703EB0008DFF8809020E099F80030AD
:102F00000A2201A8012B98F8003000EE103A8CBF7D
:102F1000D6ED007AD7ED007AB8EEC00A20EE270A87
:102F2000FAF73EF801A92846FFF768FC0134053599
:102F300008F101080436544507F104070DD0E1B249
:102F40000C29F3D80029D9D1084B58461978084BD9
:102F500003EB0111FFF752FCE8E705B0BDE8F08F85
:102F6000704700BF602E00202C2E00207405012029
:102F7000B8BB002064BC0020C9860120174B1B7819
:102F8000082B27D0884221D2154A03464FF0000C67
:102F9000024470B5134E03F1010E0C2B06EB0C0529
:102FA0000CF101045FFA8EF303D86D785FFA84FCAC
:102FB0001570994202F10102EDD10B4B1B782E2BBB
:102FC00000D070BDBDE87040FFF77CBF064B1B789A
:102FD0002E2B00D07047FFF775BF00BF84860120FD
:102FE0007405012018D500208586012008B5104BF6
:102FF0001B78012B0DD90F490F48FFF7FFFB0F4935
:103000000F48FFF7FBFB0F490F48BDE80840FFF7EB
:10301000F5BB0E490848FFF7F1FB0D490848FFF7DB
:10302000EDFB0C490848BDE80840FFF7E7BB00BFCF
:10303000C9860120742A00207C2A0020802A0020D2
:10304000882A00208C2A0020942A0020982A002018
:10305000A02A0020B02A0020F0B57A4C94F8D03491
:103060002DED028B8BB0002B00F0A781D4F8846487
:10307000002E00F0A581B3794FF40071F5699940F5
:10308000013D89B2A1FB050122F00AF8D4F8902491
:1030900008EE100A002A00F0D68113681046DB6B98
:1030A0009847002857D0D4F8900400286AD00368C5
:1030B0001B6C984700284ED1D4F89004002861D0AA
:1030C000036801215B6C9847074600285AD0D4F862
:1030D0008404002840F08D81D4F88864002E43D108
:1030E000D4F89004002847D10246D4F88834002B45
:1030F0005AD0D3F83C34A3FB050103FB021121F0A5
:10310000CFFF07EE900A94F8D03438EE678ADFEDEF
:103110004E7A28EE278A002B4ED14C4B4C4A1B6826
:1031200012684C49ADF804301B0C09688DF8063064
:10313000130C080CDFED488AADF800108DF80A304A
:10314000B0EE680A4549464B8DF80200ADF80820FC
:10315000CDE90313E8E0D4F88404002840F0488166
:10316000D4F8886406B30746304617F019FD0646C2
:103170003FB1D4F8900428B1036800215B6C9847F4
:1031800000B1AD1BD4F884340022002BADD09B7964
:103190004FF40071994089B2A1FB050121F080FF35
:1031A00007EE900A38EE678ADFED277A94F8D0347C
:1031B00028EE278A002BB0D0D4F88434002B00F0FE
:1031C0003381DD69D4F89004013D002800F040818E
:1031D0000368DB6B9847002846D0D4F89004002899
:1031E0005BD003681B6C984700283DD1D4F890044D
:1031F000002852D0036801215B6C984707460028DD
:103200004BD0D4F88404002840F0F880D4F88864C7
:10321000AEBBD4F89004002839D10246D4F88834E3
:10322000002B00F01A81D3F83C34A3FB050103FB0B
:10323000021121F035FFDFED0B7A07EE100A67EE81
:10324000278A3EE0FC05012000008030882A00200B
:10325000942A00207C2A0020000000002047420021
:10326000204D420000008035D4F88404002840F04E
:10327000C480D4F88864002E00F0EF800746304602
:1032800017F08EFC06463FB1D4F8900428B10368CD
:1032900000215B6C984700B1AD1BD4F88434002248
:1032A000002BBBD09B794FF40071994089B2A1FBF0
:1032B000050121F0F5FE5FED157A07EE100A67EEC5
:1032C000278A704B704A1B681268ADF804301B0CDB
:1032D000ADF80020120C8DF806306C4B8DF80220F2
:1032E0001B6894F8D0141A0CADF80830684B8DF8B0
:1032F0000A20684ACDE90323002900F0B180D4F800
:103300008424002A7ED090794FF40073D1698340E1
:1033100001399BB2A3FB010121F0C2FEDFED5E7A11
:1033200007EE100A27EE270A022105AA08461CF01C
:1033300055F8052105A8F9F7B9F903A905A824F05E
:1033400055F805A96846FFF759FA0221B0EE480A78
:1033500005AA08461CF042F8052105A8F9F7A6F9C8
:1033600003A905A824F042F805A902A8FFF746FA28
:10337000DFED4A7AF4EEE78AF1EE10FA1BDBDFEDBF
:10338000487A03AC68EEA78A0221B0EE680A05AA63
:1033900008461CF023F805A80521F9F787F921460E
:1033A00005A824F023F805A901A8FFF727FA0BB018
:1033B000BDEC028BF0BD04ACE6E79FED3A8AACE6CB
:1033C000D4F88864002E4ED0D6F83054D6F83C1489
:1033D000A5FB010121F064FED4F8902408EE100A48
:1033E000002A7FF45AAE304617F0DAFB0646C8E6EC
:1033F000002719F0BDFB0646BAE6002719F0B8FB16
:10340000064640E7D4F8883453B3D3F83C14D3F8D5
:103410003004A1FB000121F043FEDFED1F7A07EE2F
:10342000100A27EE270A7FE7D4F88834D4F89004EE
:103430001BB3D3F8305400287FF4CAAE184617F0F7
:10344000AFFB064628E7304619F092FB064698E6A1
:10345000184619F08DFB06461EE7DFED128A30E7AD
:103460009FED100A60E7D4F890241AB135469FED1D
:103470000D8A12E69FED0B8A96E60028EDD01D46D8
:10348000A6E600BF882A00207C2A0020942A00207B
:10349000204D420020474200000080300000C8421A
:1034A0000000803A0000000030B5124C93B0124D7D
:1034B0000DF10C0C0FCCACE80F0094E803000022D7
:1034C0000B0C4CF8040B68462CF8021B29788CF87E
:1034D0000030F0F707F901460DF1220024F01EF844
:1034E000064A034603A9128805481A80FFF786F9A1
:1034F00013B030BD840E0020DFCC0020DCA70020FC
:10350000F41F00200B4BD3E9002352EA03010DD036
:103510009BB2094900B587B001A823F0F1FC01A9CD
:103520000648FFF76BF907B05DF804FB0449034850
:10353000FFF764B988D40020BC1900207C2A002041
:10354000C41900200B4BD3E9002352EA03010DD02C
:103550009BB2094900B587B001A823F0D1FC01A9AD
:103560000648FFF74BF907B05DF804FB0449034830
:10357000FFF744B980D40020BC190020882A00201D
:10358000241C002010B5104A88B0104B0DF1040E19
:103590000DF1100C07CA8EE807000D4A00920D4A83
:1035A00014780FCBACE807008CF800302CB17146D2
:1035B0006846FFF723F908B010BD04A96846FFF775
:1035C0001DF908B010BD00BF502C00205C2C00205D
:1035D00062743000B38601202DE9F0434E1E89B09D
:1035E00000242023F6B20D4607469146032E009391
:1035F000ADF81C40CDE90144CDE90344CDE90544D3
:103600000ED8154B0B4413F8014C4CB1114609B0C0
:10361000BDE8F043FFF7F2B819F8082003F8202CB2
:1036200048465FFA84F824F02BFA013808F12003A9
:10363000013440456B44EFD8032E04D8064B2B448D
:1036400013F8013C13B109B0BDE8F0836946384670
:10365000FFF7D4F8F7E700BF805C01202DE9F04FB9
:103660002DED028BD1B08846934E08EE100A05ABC3
:1036700008AA0BA91EAD01930DF1680C02920DF181
:103680008C0E03910DF1380B8C4C0DF1440A0DF1A9
:10369000500917AF0FCE0FC533682B80884D95E8C2
:1036A0000F00ACE807002CF8023B1B0C8CF8003034
:1036B0000FCCAEE80F002368824CAEF80030019BBF
:1036C00094E80700804CABE80300ABF8002094E8D6
:1036D00007007E4C03C31A70029B94E8070003C3E3
:1036E0001A707B4A039B07CA03C31A70794B93E88D
:1036F0000700794BAAE80300AAF8002093E8070026
:10370000764BA9E80300A9F8002093E80700744B62
:103710001B68ADF810301B0C8DF8123028AB03C7B6
:10372000704918463A8023F0F9FE32AB06466E49DE
:10373000184623F0F3FE3CAB05466C49184623F0CF
:10374000EDFE46AB04466A49184623F0E7FE28A979
:103750000BAA0346A6EB010C0DF1440E0CF5A0716B
:103760000DEB010C03CA9DF81220716032A9306084
:10377000BDF810600CF8962C2CF8986CA5EB010C99
:103780000CF5A0710DEB010CBEE803002860696028
:103790009AF8001029723CA92CF86F6C651A0CF885
:1037A0006D2C0DF1500C05F5A0710DEB0105BCE879
:1037B00003002060616099F80010217246A925F885
:1037C000476C5C1A05F8452C17AD04F5A0710DEB9C
:1037D000010403CD186018EE100A59603978197287
:1037E0001EA924F81F6C04F81D2CFFF707F8414BA5
:1037F0001978414527D0404B197841452DD03F4B92
:103800001978414533D05978414536D099784145AA
:1038100039D0D978414510D0394B1978414538D045
:10382000384B197841453AD0374B197841453CD04F
:1038300051B0BDEC028BBDE8F08F46AA18EE100A1D
:10384000FFF7CAFEF4E723AA18EE100AFFF7C4FE3A
:1038500051B0BDEC028BBDE8F08F1AAA18EE100A29
:10386000FFF7BAFE51B0BDEC028BBDE8F08F28AA7D
:1038700018EE100AFFF7B0FEDAE732AA18EE100AC7
:10388000FFF7AAFED4E73CAA18EE100AFFF7A4FE41
:10389000CEE70EAA18EE100AFFF79EFEC8E708AAA8
:1038A00018EE100AFFF798FEC2E705AA18EE100AF4
:1038B000FFF792FEBCE700BFFC0F002010100020B5
:1038C0002410002034100020401000204C10002054
:1038D0005810002064100020701000207C10002080
:1038E0003010002040B600204BB6002056B6002015
:1038F00061B6002073860120E0CC0020DC7A012034
:10390000CC8601208A8601207A86012000B50C4BE6
:1039100085B00FCBEC468CE80F0060460121FFF725
:103920009DFE01A80221FFF799FE02A80321FFF7DF
:1039300095FE042103A8FFF791FE05B05DF804FB96
:10394000A806002010B51E4A8EB01E4C04AB0DF127
:10395000040C0DF11C0E07CA83E8070094E8070069
:10396000ACE803008CF8002093E80700164B8EE8C3
:103970000700164A1B781188994201D30021118053
:10398000BBB1128800211248734602EB42028C46FA
:1039900000EBC200013801E00C290AD010F8012F19
:1039A00001311A7003F801CF13F8012C213A5E2A75
:1039B000F2D9714601A8FEF721FF0EB010BD00BF7D
:1039C00044180020501800208C8601201086012009
:1039D000C46C01201A4A1B4B30B592E803008BB02F
:1039E000194C0DF1080C0090ADF804100FCBACE8A9
:1039F0000700ACF800300DF1180C144B1D7894E85A
:103A00000F00ACE807002CF8023B1B0C8CF80030D0
:103A100085B102A96846FEF7F1FE0D4B1B783BB954
:103A20000C4B1B7823B90C4B1B780BB9FDF784FFAB
:103A30000BB030BD06A96846FEF7E0FEEDE700BF1B
:103A4000541600205C1600206C160020E6CC0020E6
:103A50007886012077860120A88601207C4A7D4B4C
:103A600030B592E80300A3B07B4C7C4D7C4A0D90AE
:103A70008DF8381004922A687A4DADF80C2005951F
:103A800093E80300784B0F908DF8401094E8030002
:103A9000140C764A11908DF848108DF80E40744C35
:103AA00093E80300734B1390069373481378734A9B
:103AB0008DF8501009927249724ACDE90740724858
:103AC000CDE90A120C900721704A15A822F0D2F90C
:103AD00015A90CA8FEF792FE6D4B1B78002B00F089
:103AE000B18007A904A8FEF789FE6A4B6A4A07213C
:103AF00093ED007A15A8B7EEC77A8DED007B22F022
:103B0000B9F915A90DA8FEF779FE644B624A0621A2
:103B100093ED007A15A8B7EEC77A8DED007B22F001
:103B2000A9F915A908A8FEF769FE5D4B5A4A0721B5
:103B300093ED007A15A8B7EEC77A8DED007B22F0E1
:103B400099F915A90FA8FEF759FE564B524A0621BE
:103B500093ED007A15A8B7EEC77A8DED007B22F0C1
:103B600089F915A90BA8FEF749FE4F4B1B783BB905
:103B70004E4B1B7823B94E4B1B780BB9FDF7DCFE7F
:103B80004C4B15A84C4A0F2193ED007AB7EEC77A3B
:103B90008DED007B22F06EF915A905A8FEF72EFE2B
:103BA000464B454A15A893ED007A0F21B7EEC77A28
:103BB0008DED007B22F05EF915A906A8FEF71EFE2A
:103BC0003F4B354A15A893ED007A0621B7EEC77A28
:103BD0008DED007B22F04EF915A911A8FEF70EFE1F
:103BE000384B2D4A15A893ED007A0621B7EEC77A17
:103BF0008DED007B22F03EF915A909A8FEF7FEFD28
:103C0000314B254A15A893ED007A0621B7EEC77A05
:103C10008DED007B22F02EF915A913A8FEF7EEFD1D
:103C20002A4B1D4A15A893ED007A0621B7EEC77AF4
:103C30008DED007B22F01EF915A90AA8FEF7DEFD26
:103C400023B030BD03A904A8FEF7D8FD23B030BDD2
:103C5000681A0020701A0020781A0020801A0020AC
:103C6000466978004C6F6E00841A00209A86012005
:103C7000596573004C617400414C54004D785300F9
:103C80004D78640042546F0053617400541A002050
:103C900095860120B0D70020581A0020B4D7002004
:103CA000BCD70020B8D70020788601207786012075
:103CB000A8860120C8D70020601A0020C4D70020A1
:103CC000D8D70020D0D70020D4D70020CCD70020D0
:103CD00070B5174B86B004460D460DF1080C154E15
:103CE0000FCBACE8070096E803002CF8023B1B0C56
:103CF000009002A88CF800300B0CADF804108DF881
:103D00000630FDF70BFF29466846FEF777FDFDF705
:103D100029FB2046FDF702FF0749084B7822087867
:103D20001A80A0F15900B0FA80F0400906B070BDC9
:103D3000D01B00201C1C002068D600201486012007
:103D4000F0B51A4B8BB004460D460DF1180C184F08
:103D5000184E0DF10C0E0FCBACE8070097E80300EE
:103D60002CF8023B1B0CADF80810090C01908DF8E3
:103D70000A108CF8003096E80700AEE8030006A8A9
:103D80008EF80020FDF7CAFE03A8FDF7C7FE2946FE
:103D900001A8FEF733FDFDF7E5FA2046FDF7BEFE6C
:103DA000054B78221A800BB0F0BD00BFD01B00205D
:103DB0001C1C002060AE002014860120144B1B78D0
:103DC000CBB1144BD3ED007AF5EE407AF1EE10FA58
:103DD00010D0114B1B886BB110B5104C227842B932
:103DE00007EE103AB8EEC77AF4EEC77AF1EE10FAA1
:103DF00004DC10BD7047094A137070471920FDF7A5
:103E000031FF07490748FFF79BFF0123237010BDCF
:103E1000A786012020D500201A860120F3860120E4
:103E2000A419002028CB00202DE9F041284E8EB0A7
:103E3000284D4FF0040C0DF10C0E0DF13408264FF7
:103E400074460FCEAEE80F000FCEAEE80F0096E836
:103E500007008EE8070001E035F802CF62463946D8
:103E6000684623F04DF8204604346946FEF7C6FC48
:103E70004445F1D11948FDF751FE1948FDF74EFEB2
:103E80001848FDF74BFE1848FDF748FE1748FDF7A8
:103E900045FE1748FDF742FE1648FDF73FFE16485F
:103EA000FDF73CFE1548FDF739FE1548FDF736FED7
:103EB0001448FDF733FE4FF4FA721349684623F0B5
:103EC0001FF869462046FEF799FC0EB0BDE8F08168
:103ED000B8060020B62D00203828002040280020F9
:103EE0004C2800205828002064280020702800203A
:103EF0007C2800208828002094280020A02800206A
:103F0000AC280020B8280020C4280020154AD2ED93
:103F1000007A70EE677AFDEEE77A17EE903A002BA2
:103F2000B8BF5B42042B00DC704700B50E498DB072
:103F3000B7EEC07A82ED000A02AB07C98DED007BB7
:103F400003C319211A7005A8084A21F093FF02A89B
:103F5000FDF7E4FD05A90648FEF750FC0DB05DF83D
:103F600004FB00BF708101206C2500205C2500202F
:103F70006825002000000000214B9FED227AD3ED40
:103F8000007A70EE677AF0EEE77AF4EEC77AF1EE37
:103F900010FA2DD4B4EEC70A10B51B4C90B083EDC7
:103FA000000AF1EE10FA0DF10C0C0FCCACE80F008A
:103FB00094E803004CF8040B8CF8001016D4DFEDE5
:103FC000137AB4EEE70AF1EE10FA12DCB7EEC00A8B
:103FD00019210F4A09A88DED000B21F04BFF03A812
:103FE000FDF79CFD09A90B48FEF708FC10B010BDB9
:103FF00070479FED010BEBE7000000A099F95840D6
:1040000060810120CDCCCC3DC0200020CDCCC7426A
:10401000A4200020B020002070B5A2B03D230C46A3
:10402000014609A8ADF8043023F078FABDF8043051
:1040300000222146038002A8EFF754FB014609A89D
:10404000124C23F0D3F909A8FDF768FD104B0122AB
:104050002046104E104D1A701AF086F9A0B10F4A82
:10406000462371681268A5FB0202920C03FB02F260
:1040700073685B1A9A42FBD820461AF0C7F92046AB
:104080001AF072F90028EAD122B070BDE0BD00201C
:10409000DC860120001000E083DE1B43C0B6002058
:1040A000204B024670B50C46A2B01F4E93E80300A9
:1040B000009009A8ADF80410114623F02FFABDF8BE
:1040C00004500346009800222146186002A89D80F3
:1040D000EFF708FB014609A8144C23F087F909A85B
:1040E000FDF71CFD124B01222046124D1A701AF0EA
:1040F0003BF9A0B1104A462371681268A5FB020281
:10410000920C03FB02F273685B1A9A42FBD82046BA
:104110001AF07CF920461AF027F90028EAD122B0DB
:1041200070BD00BF580E0020001000E0E0BD002070
:10413000DC86012083DE1B43C0B600202DE9F04F52
:10414000374C8DB094E80F0004F110050DF12008F4
:104150001C3405AE88E80F0095E8070002AB83E841
:104160000700304B1B7894E807000A2B86E807000D
:1041700001D0002B3CD100252B4A2C4BDFF8B4B0EA
:10418000DFF8B4A0DFF8B490019611782C4602292C
:1041900031D09BF800C001351F5D08EB84000CEBAB
:1041A0000C1CBC445AF82C1059F82C608E4219D0C3
:1041B00049F82C10FFF774FF9BF8001004EB44043F
:1041C00001EB011104F1080339440DEB03005AF827
:1041D00021105039FFF764FF124B134A1978134B23
:1041E0000A290FD00199042D01F103010191CCD1CD
:1041F0000DB0BDE8F08F012D10D0022D14BF2C465C
:104200000124C6E707EB8701094B019807EB410141
:104210001944FEF7F3FA044A044BE3E70C46B8E707
:10422000E40600208586012007CD0020C4B70020C9
:10423000E8B50020DFCC0020107B012084D90020CD
:104240002DE9F041294E2A4F337803EB0313034441
:1042500057F823200132772A26DC4FF00008254D3D
:1042600047F82320502A05D1234B4FF416722C789F
:104270001A8064B9214B1B780A2B12D08BB12B7892
:10428000012B02D1B8F1000F26D0BDE8F08110203B
:10429000FDF7E8FC194B1B780A2B22D0002BF4D138
:1042A000A046FFF74BFFEAE7124D782295F8008011
:1042B00047F82320B8F1000FDCD004461120FDF7A9
:1042C000D1FC33784FF4167103EB0313234457F8F2
:1042D0002320094B1980C5E74046BDE8F041FDF7B2
:1042E000C1BCBDE8F041FFF729BF00BFDFCC002013
:1042F000107B012009CD0020C4CC00208586012040
:104300002DE9F041294E2A4F337803EB0313034480
:1043100057F82320013A282A26DD4FF00008254DC2
:1043200047F82320502A05D1234B4FF416722C78DE
:104330001A8064B9214B1B780A2B12D08BB12B78D1
:10434000012B02D1B8F1000F26D0BDE8F08110207A
:10435000FDF788FC194B1B780A2B22D0002BF4D1D7
:10436000A046FFF7EBFEEAE7124D282295F8008001
:1043700047F82320B8F1000FDCD004461120FDF7E8
:1043800071FC33784FF4167103EB0313234457F891
:104390002320094B1980C5E74046BDE8F041FDF7F1
:1043A00061BCBDE8F041FFF7C9BE00BFDFCC002013
:1043B000107B012009CD0020C4CC0020858601207F
:1043C00008B5294B1B78022B28D00222012307288D
:1043D00009D8DFE800F0042A2F34393E4325234B67
:1043E0001878FFF72DFF224B1B78B3B1214B224ADF
:1043F000197802F1500002F1400301EB011102EBC8
:104400008102116843F8041F9842596452F8041B52
:10441000C3F88810C3F8CC10F3D108BD0122D6E749
:10442000124BD878FFF76CFFDDE7104B1878FFF7D9
:1044300067FFD8E70D4AD05CFFF702FFD3E70B4ACE
:10444000D05CFFF75DFFCEE7084B985CFFF758FFA5
:10445000C9E7064B985CFFF7F3FEC4E7034BD87837
:10446000FFF7EEFEBFE700BF07CD0020C4B7002076
:10447000E6CC0020DFCC0020107B01201749184A31
:104480000B6810682DE9F041DFF860801B1AB8F85E
:10449000000083421BD30B680024124D1E27124ECE
:1044A000136015F8013FE0B273B133788BB9FFF7B1
:1044B00087FFB8F80030A3EB93039BB2092B8CBFA6
:1044C000A8F80030A8F800700134082CE9D1BDE844
:1044D000F0812046BDE8F041FEF7E2BAE485012014
:1044E0000C7B0120037B012087860120C4CC0020A7
:1044F0000720FFF765BF00BF0620FFF761BF00BFC1
:104500000020FFF75DBF00BF0120FFF759BF00BFCC
:10451000034B1B78022B14BF02200520FFF750BF6E
:1045200007CD0020034B1B78022B14BF032004206F
:10453000FFF746BF07CD0020034B1B78022B14BFAB
:1045400004200320FFF73CBF07CD0020034B187861
:10455000022818BF0520FFF733BF00BF07CD00209A
:10456000664B674AF0B593E80300A7B0654D29266E
:1045700004900FABADF814100AAC07CA03C31A803D
:10458000614B62491B68624AADF80430ADF80830EF
:104590001B0C8DF806308DF80A305E4B03C91B6882
:1045A00084E80300ADF80C301B0C95E803008DF88F
:1045B0000E300CAB0690ADF81C10574D07CA03C364
:1045C00056491CA81A70ADF8006022F0A7FF2B789E
:1045D0000646002B69D05249D1E900210A4309D18E
:1045E000504A1268ADF80C20120C8DF80E205D2296
:1045F000ADF80020052B11D0304603A922F08EFF24
:10460000494B06460022196808A8EFF76BF80146E7
:10461000304622F083FF694623F090F91CA90FA8C9
:10462000FEF7ECF82B78022B05D0012B43D00A2B98
:1046300029D027B0F0BD3D4B3D4E1F887B1E03EBBC
:10464000830203EB42031E44304623F019FA01288B
:1046500041D931462046FEF7D1F82B78012B2AD0DC
:10466000022BE4D1334A06A8334B12783349134462
:1046700013F8013CC3EBC30301EB4301FEF7BEF8A3
:104680002B780A2BD5D12B4A01A82B4B12782B491A
:10469000134413F8013CC3EBC30301EB4301FEF7E2
:1046A000ADF8FFF74BFD27B0F0BD254904A8FEF794
:1046B000A5F82B788FE71F4A02A81F4B12781F49D5
:1046C000134413F8013CC3EBC30301EB4301FEF7B2
:1046D00095F82B78C4E70CA912A823F02FF9002233
:1046E000394608A8EEF7FEFF014612A822F07EFE2A
:1046F00001462046FEF782F8AFE700BF382A0020C7
:10470000402A00204C2A0020C81A0020542A0020E9
:104710005C2A0020682A00208586012034B8002009
:1047200088D400206C2A00205CB800200C86012070
:10473000E8B50020DFCC0020E0B5002000B4002068
:10474000C8BE00203D493E4A0968F0B5080C9FB03C
:104750003C4CADF8081005AB8DF80A000DF1480C83
:10476000394E3A4D3A4F07CA03C3272123F8022B8B
:10477000120CADF804101A700FCCACE80F000FCC7F
:10478000ACE80F0094E80F008CE80F0033793C7818
:10479000032B304E04F1FF3495E8030003908DF8AD
:1047A000101042D83355BDF804300DF121002A49CC
:1047B00008ADADF82030294B1B5DC3EBC30301EB03
:1047C000430122F0ABFE9DF8043005AA0370431BA1
:1047D000365D03F178010DEB010403CA44F8531C64
:1047E0001188927844F8570C24F84F1C04F84D2C8B
:1047F0007EB106EB460603F10B0012AB284403EB37
:10480000860123F09BF8294602A8FDF7F7FF1FB0A9
:10481000F0BD03F10B0012A9284423F08FF82946BC
:1048200002A8FDF7EBFF1FB0F0BD002103A8315532
:10483000FFF736FC3C78013CB5E700BFD01A0020FA
:10484000301800200C070020C05C01203C1800201C
:10485000DFCC002014D7002000B40020E0B50020F9
:104860002DE9F04F794B99B0794C0DF11809794A3F
:1048700024680DF1500E0DF1400CDFF800A2ADF8E8
:1048800000400AAFDFF8F8B10DF12008724D734E09
:1048900093E803000DAB89E80300210C704C8DF800
:1048A000021007CA03C36F4923F8022B120C1A70B7
:1048B0000FC9AEE80700AEF800306B4B0FCBACE889
:1048C00007008CF80030694B9AE80700029303F563
:1048D000C0230393DBF80030ADF804301B0C8DF8D7
:1048E0000630634B03C793E803003A70614A2B78A4
:1048F00088E8030092E8030003EB0313ADF81410FB
:10490000090C049048468DF81610E15CFFF7C8FBCF
:104910002B78684603EB0313234499793180FFF722
:10492000BFFB2B780DA803EB031323449A79597826
:104930007280FFF7B5FB2B7803EB031323445A78FF
:104940009978B28009B90121997014A8FFF7A8FBE2
:104950002B7803EB031323449A78D978F28009B9B2
:104960000121D97010A8FFF79BFB2B780AA803EB55
:1049700003132344DA7819793281FFF791FB2A78FF
:1049800002EB0211130121440879B081487908B97A
:10499000642048719F182744F878B978814247D03D
:1049A0001344404623445979FFF77AFB2B7801A83A
:1049B00003EB031323445A79197A3282FFF770FB11
:1049C0002B7803EB031323441A7A597A7281A1F1ED
:1049D0001B02D2B2C82A27D87F3904A8FFF760FB90
:1049E0002B7802A803EB031323445A7A9978A2F197
:1049F0007F030139F38101EB81031F4E01EB43017A
:104A00003144FDF7FBFE2B7803A803EB03131C4492
:104A1000E178013901EB810301EB43013144FDF7FA
:104A2000EDFE19B0BDE8F08F7F2200215A72D4E765
:104A3000013110A8C9B2F970FFF732FB2A7802EBF6
:104A400002132344DB7833811301A9E764150020A6
:104A50006C15002070150020AD860120A80C0120E7
:104A6000C0EE00207C1500208C15002063684D00EE
:104A70009C150020A4150020E8B50020AC150020EE
:104A8000B815002038B5104B1B78082B03D00F4BFE
:104A90001B782D2B00D038BD0D4C0E482188FFF718
:104AA000FFFA0D4D61880D48FFF7FAFAA1880C480E
:104AB000FFF7F6FA29880B48FFF7F2FA69880A48E7
:104AC000BDE83840FFF7ECBA8486012085860120D6
:104AD0002801012064BB00203001012068BB0020B8
:104AE0006CBB002070BB002074BB0020884237D212
:104AF0001C4B2DE9F047DFF8709086B004460F4656
:104B000009EB000603EB800503F13808DFF85CA031
:104B10000E2C04D828460BD03178FFF7C1FA0134A7
:104B200001360435E4B2A742F2D106B0BDE8F08701
:104B300099F80E30F2EE046A524603A807EE903A56
:104B40000A21F8EEE77A87EEA67AB7EEC77A8DEDFE
:104B5000007B21F08FF903A94046FDF74FFEDEE709
:104B6000704700BF28BC002064050120E41F00201E
:104B7000174B1B78082B27D0884221D2154A0346B1
:104B80004FF0000C024470B5134E03F1010E0E2BD2
:104B900006EB0C050CF101045FFA8EF303D86D7877
:104BA0005FFA84FC1570994202F10102EDD10B4BC2
:104BB0001B78302B00D070BDBDE87040FFF796BF6A
:104BC000064B1B78302B00D07047FFF78FBF00BF1C
:104BD000848601206405012018D5002085860120E7
:104BE00088424CD2431C2DE9F04F4F1EDFF894A0B1
:104BF00087B004463F1A0AEB8006DFF88C9053FA20
:104C000087F71F4BDFF884B01D18E3B2192B17D8B4
:104C10000DF10C08F2EE046A4A460A2140462BB315
:104C2000012B15D0192B13D00DF10C082B785A46F7
:104C30000A21404621F01EF930464146FDF7DEFDCF
:104C4000013404360135BC42DFD107B0BDE8F08F36
:104C50002B7807EE903AF8EE677A87EEA67AB7EEF1
:104C6000C77A8DED007B21F005F9E5E7044B50464E
:104C70001978003918BF0121FFF712FAE0E77047F1
:104C80000C010120CCBA0020E41F0020702A002073
:104C9000174B1B78082B27D0884221D2154A034690
:104CA0004FF0000C024470B5134E03F1010E192BA6
:104CB00006EB0C050CF101045FFA8EF303D86D7856
:104CC0005FFA84FC1570994202F10102EDD10B4BA1
:104CD0001B78312B00D070BDBDE87040FFF780BF5E
:104CE000064B1B78312B00D07047FFF779BF00BF10
:104CF000848601200C01012018D500208586012022
:104D0000814264D93A282DE9F04104461BD80D466A
:104D10002F4EDFF8F4802F4F631E0E2B0DD8DFE8E7
:104D200003F0230C1E2E291914423D38334C4751F1
:104D30000800F17B4046FFF7B3F90134E4B23A2CA6
:104D400001D8AC42E8D3BDE8F081F1792248FFF701
:104D5000A7F9F2E7B1792148FFF7A2F9EDE7F17879
:104D60001F48FFF79DF9E8E7B6F801101D48FFF767
:104D700097F9E2E771791C48FFF792F9DDE731799D
:104D80001A48FFF78DF9D8E7F17A1948FFF788F943
:104D9000D3E7B17A1748FFF783F9CEE7717A16485F
:104DA000FFF77EF9C9E7317A1448FFF779F9C4E7CC
:104DB000717B1348FFF774F9BFE7317B1148FFF7A8
:104DC0006FF9BAE7B17B3846FFF76AF9B5E7704784
:104DD00044D80020601C0020441C0020401C0020FF
:104DE000341C0020ACAD00203C1C0020381C0020EE
:104DF000541C0020501C00204C1C0020481C00208B
:104E00005C1C0020581C0020641C00203A2877D825
:104E100081422DE9F04782460D4637D9394FDFF8F8
:104E20001481394E07F11804DFF80C91AAF1120130
:104E3000CBB2172B04D807EB0A03012203F8122C7C
:104E4000304B01E09C4257D013F8012B002AF9D1D6
:104E5000172912D8DFE801F04B4611111141113C1E
:104E600011371132112D11281111111111220C1CA1
:104E700096F828102548FFF713F90AF1010A5FFA9E
:104E80008AFAAA4502D2BAF13A0FCFD9BDE8F08723
:104E900096F829104846FFF703F9EEE796F8271031
:104EA0001B48FFF7FDF8E8E7318C1A48FFF7F8F8E0
:104EB000E3E7F18B1848FFF7F3F8DEE7B18B17480B
:104EC000FFF7EEF8D9E7718B1548FFF7E9F8D4E75B
:104ED000318B1448FFF7E4F8CFE7F18A1248FFF767
:104EE000DFF8CAE7F17C1148FFF7DAF8C5E7B17CD3
:104EF0000F48FFF7D5F8C0E70023C8F80030A7E750
:104F0000704700BF2CD8002044D80020F025002096
:104F1000EC250020E8250020E4250020E0250020E5
:104F2000DC250020D8250020D4250020D025002015
:104F3000CC250020A4D70020F42500201C4B1B7892
:104F4000082B2FD0884227D21A4A03464FF0000C74
:104F5000024470B5184E03F1010E3A2B06EB0C0516
:104F60000CF101045FFA8EF303D86D785FFA84FCCC
:104F70001570994202F10102EDD1104B1B78362BCE
:104F800006D0372B00D070BDBDE87040FFF73EBFA4
:104F9000BDE87040FFF7B4BE084B1B78362B02D03B
:104FA000372B02D07047FFF7ABBEFFF72FBF00BF14
:104FB0008486012044D8002018D500208586012051
:104FC0002DE9F04F8C4CDFF850922DED028BADF5B2
:104FD000157D0FCC0DF1300E1CAF2CADAEE80F00DF
:104FE0000FCCAEE80F000FCCAEE80F0004F1100CB0
:104FF00004F1500694E80F008EE80F00BCE80F00A3
:105000000FC7BCE80F000FC7BCE80F000FC79CE834
:105010000F0087E80F000FCE0FC50FCE0FC50FCEC4
:105020000FC596E80F0085E80F0004F190015022AB
:105030003CA81AF003F9A4F58A71502250A81AF07E
:10504000FDF804F1E001602264A81AF0F7F804F515
:10505000A07160227CA81AF0F1F8684B684A04F548
:10506000D0741B68126899F800C0ADF804301B0CAE
:10507000ADF80820BCF1010F8DF8063094E80F0060
:1050800003AC84E80F0077D0BCF1110F65D0ACF110
:105090001003012B2DD9ACF11503DBB20C2B0BD86F
:1050A00041F2410222FA03F3DB0722D40DF5157D0C
:1050B000BDEC028BBDE8F08FBCF1080FF6D13CAC23
:1050C000504E514F2CAD31462046FDF797FB17F857
:1050D000011F284605347F390B36FEF7E1FF50AB40
:1050E0000435A342EFD10DF5157DBDEC028BBDE873
:1050F000F08F0CAD1CAE0DF1F00ADFF808B1DFF84F
:105100001C810024414F08E00F2CD5D001340AF156
:10511000050A0BF10B0B0435043659465046FDF7D2
:105120006DFB18F8011F28460131FEF7B9FF17F88B
:10513000011F30460131FEF7B3FF99F800C0BCF102
:10514000210FE1D0032CDFDC314BE15C03AB0131FB
:1051500003EB8400FEF7A4FFD8E72E4C50AD04F11A
:10516000100614F8011F2846FEF79AFF0535B442D1
:10517000F7D199F800C08AE70027B6EE008A7CAE26
:10518000204D3C4616E0BDF8083031460DF11E00BA
:10519000ADF81C3022F0C2F9294622F0CFFB64ABF7
:1051A00007A901340636D8190637FDF727FB0B355A
:1051B000602F1DD007EE904A6310294607A8B8EE6D
:1051C000E77A07EE903AF8EEE77A27EE087AB4EE3F
:1051D000677AF1EE10FAD6D122F0A0F9314622F02A
:1051E0009DF9BDF804209DF8063002808370D6E753
:1051F00099F800C048E700BF3C070020702200205B
:1052000074220020E8B50020635C012097B60020DE
:10521000C4B7002083D7002085860120ABB70020CB
:105220002DE9F0479B4D98B08046DFF890A205F13C
:105230000C0E02AE0DF1340C05AF0DF132093C46F7
:1052400095E8070086E80700BEE80F00ACE80F000D
:10525000BEE80F003835ACE80F009EE807008CE888
:1052600007000FCD0FC795E80F0007C79AE80300A6
:105270003B80ADF80410090C00908DF80610204614
:1052800003340021FEF70CFF4C45F8D1824B834DCF
:105290001A78002342452B7059D0814A1278424532
:1052A00000F0D9807F4C227842457CD0627842451C
:1052B00000F0EA80A278424500F09380E27842450F
:1052C00000F09A80784A1278424500F0A280774A2E
:1052D000127842457ED101210BA8FEF7E1FE744A07
:1052E0002B781278424555D01BB9012105A8FEF74D
:1052F000D7FE00216846FEF7D3FE08F1FF33032BEB
:1053000006D86C4B434413F8013C002B40F09E80C0
:1053100000216846FEF7C4FE0DAD674C18AF294664
:105320003046FDF76BFA204622F0AAFB0128214601
:10533000304605F10B0504F10B0406F1030601D913
:10534000FDF75CFAAF42EAD118B0BDE8F087012161
:105350000DF11700FEF7A4FE514B1B7843452B7847
:105360007FD1002B77D04F4C2278424562785ED0B7
:1053700042455ED0A278424521D14B4B1B78434534
:10538000B7D04A4B1B784345B3D0494A0123127822
:105390004245A9D1002BACD101210DF12F00FEF720
:1053A0007FFE2B78A0E701210DF11D00FEF778FEAE
:1053B0002B786278424565D0A27842450FD0E278DA
:1053C000424517D0384A127842451FD0374A1278E2
:1053D000424528D0364A1278424585D1DAE7002B7B
:1053E000CBD101210DF12300FEF75AFEE2782B7894
:1053F0004245E7D1002BC0D101210DF12600FEF777
:105400004FFE294A2B7812784245DFD1002B7FF4DA
:1054100070AF01210DF12900FEF742FE234A2B78DF
:1054200012784245D6D1002B3FF455AF61E7424593
:10543000C2D1A3784345A0D0E37843459DD01A4B11
:105440001B7843453FF455AF0123BFE70121684670
:10545000FEF726FE60E701210DF11A00FEF720FE9F
:105460002B78104C22784245A3D1002B9BD0627838
:105470004245DED0A27842453FF47FAFE278424514
:10548000A0D17AE7002BD4D1012108A8FEF708FEAD
:105490002B7891E71C090020E0CC0020DC8601205D
:1054A00073860120DC7A0120CC8601208A860120C7
:1054B0007A860120805C012040B60020D4190020AB
:1054C000094B1B6810B5094C82B01A0C01A8217851
:1054D000ADF804308DF80620FEF7E2FD2078FFF7E6
:1054E0009FFE02B010BD00BFA0230020D386012084
:1054F0002DE9F043DFF888E093B0DFF888900025CD
:105500000DF1080C0DF14808194F6446194EBEE81C
:105510000F00ACE80F00BEE80F00ACE80F00BEE8DB
:105520000F00ACE80F009EE80F008CE80F00CDF8EC
:105530000490F6F7A3F9337820460434013B03EBDB
:1055400003133B44595D0135FEF7AAFDA045F2D196
:10555000327801A8084B0949134413F8013CC3EB06
:10556000C30301EB4301FDF749F913B0BDE8F08334
:10557000B05B0120DFCC0020E0B5002000B40020AB
:1055800074090020743134001B491C4B1C4A30B58F
:1055900003C987B01B4C1C4D0490ADF8141024783F
:1055A00093E80300002300908DF804102B7092E81C
:1055B0000300164A029016488DF80C100360137011
:1055C00084B9144B1B787BB9134C002102A82360CB
:1055D000FEF766FD21686846FEF762FD002104A81B
:1055E000FEF75EFD07B030BD0C4B0D4A1B88A2FBD9
:1055F00003235B09E8E700BFD0AE0020D8AE00204F
:10560000E0AE002085860120D6860120818601201B
:1056100030040120D5860120BCEE0020C0CC002043
:10562000898888881B4A1C4B12681B68110C1B4810
:1056300010B582B00024ADF800201A0CADF804308B
:105640008DF802108DF80620FCF768FA14490A223A
:10565000144B684609881A70FEF722FD124B01A808
:105660001978FEF71DFD114B114801214FF4AA7264
:105670001970214604600F4821F066FEFEF770FFA6
:105680004FF4805221460C4802B0BDE8104021F092
:105690005BBE00BFACAD00206C1500207CCC0020B0
:1056A000C2CC002085860120E6CC00208E86012019
:1056B00078D9002084D90020C05C0120154A164BFF
:1056C00012681B68110C154830B583B0144C154D89
:1056D000ADF800201A0CADF804308DF802108DF8EA
:1056E0000620FCF71BFA082200210F4B21701A70CC
:1056F000FFF766FC23786846E95C7F39FEF7D0FC4B
:10570000237801A8E95CFEF7CBFCFEF729FF03B084
:1057100030BD00BFACAD0020B0AD00202CCC0020CF
:1057200008CD0020645C0120858601202B4B2DE9EB
:10573000F0411B688EB02A4C8046ADF804301B0C3B
:105740000DF1240C274E8DF806300DF1140E264F66
:1057500002AD0FCCACE80F0023688CF8003096E85F
:105760000F00AEE8070097E80700AEF8003003C569
:105770002A70B8F1000F0DD01C4B00211C4A198073
:105780001C4C1D4B12681A602378012B1AD10EB0E5
:10579000BDE8F081154A138801339BB2B3F57A7FD7
:1057A0001380F4D9134C2378022BF0D009A901A857
:1057B000FDF724F802A8FCF7B1F9022323700EB01C
:1057C000BDE8F08105A901A8FDF718F802A8FCF7CB
:1057D000A5F9012323700EB0BDE8F08168250020F3
:1057E000E0170020F41700206C25002052860120CD
:1057F000E4850120AC86012070D90020F0B5284B4B
:105800008DB00746274D08AC0DF1100C264E0DF15A
:10581000040E0FCB84E80F00244B1B68ADF800305A
:105820001B0C8DF8023095E80F00ACE8070096E8F5
:1058300007008CF80030AEE803008EF8002067B156
:105840001B4B00211B4A19801B4C1C4B12681A6011
:105850002378012B18D10DB0F0BD154A1388013300
:105860009BB2B3F57A7F1380F5D9134D2B78022BB9
:10587000F1D021466846FCF7C1FF01A8FCF74EF9BC
:1058800002232B700DB0F0BD04A96846FCF7B6FFEB
:1058900001A8FCF743F9012323700DB0F0BD00BF50
:1058A000B8140020C81400206C25002068250020B2
:1058B00050860120E4850120BB86012070D900209C
:1058C000204B30B5204C83B0204D611C2046D3E9DD
:1058D0000023C4E90223F5F721FF1D4A607C1378F9
:1058E0001C49013B087013F0FF0308BF52231370DB
:1058F0001946194A194B12785B5C22742A78002ADF
:10590000174A18BF052363740124D2E90013154A0E
:1059100083F0FE0300944A40F5F7C2FE18220A49BC
:10592000114813F0D5F840B1F5F774FE2046002475
:10593000FFF764FF2C7003B030BDFFF75FFF2C70E2
:1059400003B030BD88D4002090D40020B58601205B
:10595000EFCC00207C8601200FCD0020E8C2002083
:10596000A0B20020BBADFEAD3C050120124B1B7860
:1059700013B1124B1B78C3B91149124A0B68106856
:105980001B1A632B16D90B68136000B583B0FFF7A1
:1059900097FF0D4B0D480221D3E9002300780091B9
:1059A000F5F77EFE03B05DF804FB094B1B78012B75
:1059B000E2D1EAE7704700BF76860120B186012078
:1059C000E48501205C810120A0B2002083860120B3
:1059D000BB86012000B5104B85B04FF0090EEC4698
:1059E0000FCBACE8070000210C480D4AACF80030A2
:1059F0004FF0010C0B4B80F800E011604FF4AA72DD
:105A0000094883F800C021F09FFC6846FCF786F83F
:105A100005B05DF804FB00BFB82A00208586012090
:105A200078D900208E86012084D900202DE9F04706
:105A30002B4DA4B0DFF8BC9000260BACDFF8B8A06B
:105A4000E846284F0FCD0FC42B6810A850222649D6
:105A50002370054619F0F2FB244A1521244B0DF161
:105A60000C0E0DF11C0C117034460FCBAEE8070084
:105A70002EF8023B1B0C8EF8003099E80F00ACE8C2
:105A800007009AE807002CF8023B1B0CA8E803006B
:105A90000BA88CF8003088F80020FCF73FF8FFF7DF
:105AA0008FFA03A8FCF73AF831466846FEF7F8FA91
:105AB0003B88012128462341013406360B4004BFB0
:105AC00028461946FEF7ECFA102C05F10505EBD136
:105AD00007A8FCF723F8FEF743FD24B0BDE8F087E4
:105AE000801F00203E860120580600208586012068
:105AF000FCAD00200CAE00201CAE002007220C4B99
:105B00000C4810B500241A70FCF708F80A4B1C600A
:105B10002AF04AFA094A0A4B14701C70FEF720FD5D
:105B200021464FF480520748BDE8104021F00CBCDC
:105B30008586012054CC002080D900208986012050
:105B400084860120C05C012010B50F4C90B0FBF79B
:105B500087FA0DF1040C0FCCACE80F0094E80300B9
:105B60004CF8040B0DF11A00ACF80010074921F0B5
:105B7000D5FC074A034610689288186001A89A80ED
:105B8000FBF7CCFF10B010BDBC1F0020F4F00020CC
:105B9000D41F002008B50722074B08481A70FBF7EE
:105BA000BDFFFEF7DDFC4FF4805200210448BDE844
:105BB000084021F0C9BB00BF8586012054CC0020DD
:105BC000C05C01204C494D4A4D4BDFF858C12DE9CE
:105BD000F04703C9ADF58F6D4FF0000A0C0C494E2C
:105BE000ADF814100DF1200904900DF130088DF876
:105BF00016400DF1540E14AD0BAC92E803002F4685
:105C00000A0C0690ADF81C108DF81E203E4A019239
:105C100002F58032029202F5803203920FCBA9E89E
:105C2000070029F8023B1B0C89F80030BCE80F0084
:105C3000A8E80F00BCE80F00A8E80F005CF8043BE0
:105C40008DF878A0C8F800308DF878A2BCE80F0075
:105C5000AEE80F00BCE80F00AEE80F00DCF8003043
:105C6000CEF800301EA821F00BFF1EAB54F8041F25
:105C7000184421F053FC0346306818609EA821F0B8
:105C8000FFFE9EAB55F8041F184421F047FCBC42B0
:105C9000034630681860E5D108A81C4CFBF73EFFAE
:105CA00016221B4B04A821781A70FEF7F9F9194B3C
:105CB00006A81978FEF7F4F9174B01A81978FEF732
:105CC000EFF9164B02A81978FEF7EAF9144B03A86E
:105CD0001978FEF7E5F9237833B11EA8FBF71EFF0C
:105CE0000DF58F6DBDE8F0879EA8FBF717FF0DF54A
:105CF0008F6DBDE8F08700BF881800209018002045
:105D000098180020782200206362300077860120F6
:105D100085860120788601207B860120E4CC002046
:105D2000E3CC0020B4090020F0B51A4D9DB00FCD92
:105D300003AC01AE1CAF0FC42B6808A85022164953
:105D40002370044619F07AFA144B002593E80300F7
:105D500086E8030003A8FBF7E1FE114B1B221A7033
:105D6000FFF72EF90F4B30460F4E1978FEF798F9D2
:105D70003388012120462B4101350B4008BF2046C6
:105D800004F1050408BF1946FEF78AF9A742EFD1CE
:105D90001DB0F0BD641B002058060020781B0020B9
:105DA00085860120E2CC00200A8601205048514916
:105DB00000680968504B514A1B68126830B591B0B1
:105DC000050C0C0CADF808004D488DF80E40ADF8F0
:105DD0000C10190C04684B48ADF810308DF81210F7
:105DE000036849494948096800688DF80A50250C3C
:105DF000ADF81420120CADF81C301B0C8DF81A50A5
:105E00008DF81620020CADF818408DF81E300B0CE2
:105E10003F4D404CADF820003F488DF82220ADF8B2
:105E200024108DF826300A950B94FBF777FE3B493A
:105E30001C223B4B06A809781A70FEF731F9394B42
:105E400007A81988FEF72CF9374B384A052193ED3E
:105E5000007A0CA8B7EEC77A8DED007B20F00AF827
:105E60000CA90AA8FCF7CAFC314B5A22C8211878A1
:105E7000304B11FB002104A88908A3FB01318908DC
:105E80006439FEF70DF92C4B03A819780131FEF7A0
:105E900007F92A4B02A81978FEF702F9284B05A842
:105EA000B3F90010FEF7FCF8264B09A81978FEF7A5
:105EB000F7F8254A254B08A81188A3FB01314909A9
:105EC000FEF7EEF801212248FEF7EAF8214B224ABC
:105ED0000F211B880CA81FF0CDFF0CA90BA8FCF705
:105EE0008DFCFFF731FEFEF73BFB11B030BD00BF6C
:105EF0006C150020341C0020ACAD0020381C0020A4
:105F0000C82100203C1C0020CC210020401C002087
:105F10007431300074313200E4CB0020E6CC002034
:105F200085860120C2CC0020605C012090AE00205C
:105F3000F8CC0020176CC116F7CC00200ACD002049
:105F400040860120D5860120C0CC00208988888821
:105F5000BC2100201A860120C02100202DE9F04F2D
:105F6000B1B06E22284914A8DFF8ACB00DF1040AD4
:105F7000264D044619F062F9DFF8A0E00DF1180C87
:105F8000DFF89C8005F116096746214EBEE80F0038
:105F9000ACE80F00BEE80F00ACE80F00BEE80F0051
:105FA000ACE80F009EE803004CF8040B2CF8021B31
:105FB000090C8CF80010BBE80F00AAE80F00DBF812
:105FC000003001A8CAF80030FBF7A8FD204635F8DC
:105FD000021BFEF765F804F1370038F8021B0534A0
:105FE000FEF75EF8314638460B36FCF707FC4D45A8
:105FF00007F10507EAD1074B29221A70FEF7B0FA1C
:1060000031B0BDE8F08F00BFFC09002058BE002071
:10601000E8B50020858601208C2300206C0A002032
:1060200040BE002008B50348FBF778FD024B012273
:106030001A7008BD601D0020B986012008B503480C
:10604000FBF76CFD024B01221A7008BD601D002099
:10605000BF8601204E4B1B7800B59DB0002B40F051
:1060600091804C4B1B78002B00F08C804A48FBF74A
:1060700055FD4A4B4A4A2F211B781170D3B1494B29
:106080001B78BBB148490A78F92A13D8531C4748F2
:106090004FF0190CDBB2FA2B20F813C009D0931C77
:1060A000DBB2FA2B20F813C003D00332D3B220F8AE
:1060B00013C00B703E493F48FCF7A0FB3E4B3F4AE4
:1060C0000F2193ED007A06A8B7EEC77A8DED007B1D
:1060D0001FF0D0FE06A93A48FCF790FB394B3A4A2C
:1060E0000F211B7806A81FF0C5FE06A93748FCF74C
:1060F00085FB374B37481978FDF7D2FF364A374BC7
:106100000F211278364803EB8203364AD3ED007A2A
:10611000B7EEE76AC0ED007A06A88DED006B1FF0C0
:10612000A9FE06A93048FCF769FB304B002203A802
:106130001978EDF7D7FA2E4B93E803000A900DF18A
:106140002D008DF82C1003A921F0F8FB0AA929488D
:10615000FCF754FB284B002203A81978EDF7C2FA8C
:10616000264B93E803000A900DF12D008DF82C10BA
:1061700003A921F0E3FB0AA92148FCF73FFB1DB06E
:106180005DF804FB1F492048FDF7DAFD6EE700BF0C
:10619000B3860120CB860120501E0020B18601204D
:1061A0008586012076860120BA86012038020120EA
:1061B00034B800205C1E002044B7002090AE0020C0
:1061C000601E002072860120541A0020681E0020E4
:1061D000A9860120BC210020C9860120ACBB00207B
:1061E000F4050120701E0020882A0020DFCC00204A
:1061F00038270020240F0020EBCC0020280F00209F
:10620000300F00202C1E0020F8CB0020FFF722BF0B
:1062100008B50348FBF782FC024B01221A7008BD47
:10622000601D0020BE86012008B50348FBF776FC00
:10623000024B01221A7008BD601D0020B8860120A3
:10624000164B1B7833B3164810B5164CFBF766FC9B
:10625000154B3322217815481A70FDF721FF21785C
:106260001348FDF71DFF134BF0EE027A93ED007A11
:10627000B4EEE77AF1EE10FA00D410BD00210E481A
:10628000FDF70EFF0D48FBF749FC0D48BDE8104037
:10629000FBF744BC0B490C48FDF752BDA786012013
:1062A000881E0020DFCC002085860120ACAD0020B8
:1062B000341C0020F40501209C1E0020A01E00209C
:1062C000AC1E0020781E0020501E002000B51C4887
:1062D00097B0FBF723FC1B4B35201B49002218709D
:1062E00001A80978EDF7FEF9184B93E80300049034
:1062F0000DF115008DF8141001A921F01FFB04A960
:106300001348FCF77BFA134B002201A81978EDF72C
:10631000E9F9114B93E8030004900DF115008DF895
:10632000141001A921F00AFB04A90C48FCF766FA35
:106330000B490C4817B05DF804EBFCF75FBA00BFDF
:106340001828002085860120DFCC00203827002077
:10635000240F0020EBCC0020280F0020300F00205D
:1063600034B800205C1E002008B50348FBF7D6FBBC
:10637000024B01221A7008BD601D00209186012089
:1063800008B50348FBF7CAFB024B01221A7008BD8F
:10639000601D00209086012008B50848FBF7BEFB71
:1063A000074B3822074908481A70FCF727FAFDF70F
:1063B000A9F8BDE80840FDF7C5B800BF141F0020CC
:1063C0008586012034B80020C81A00200000000093
:1063D0009FED2D7B2E4900232E482F4A10B581EDCD
:1063E000007B2E4903600B702D492E4C0B702E48FC
:1063F0002E4923700B6003702D4C2E482E492370BC
:106400000B60038001202D4C2D49236008702D4C1A
:106410002D482E49237003700B802D4C2D482E499A
:106420001278236003600B603AB300242B4B2022C8
:106430002B481C70214620F087FF21462022294846
:1064400020F082FF21462022274820F07DFF2146B0
:106450002022264820F078FF21462022244820F0E0
:1064600073FF21462022234820F06EFF2146202280
:106470002148BDE8104020F067BF2048FBF74EFBE5
:10648000D3E700BFAFF30080000000000000000071
:1064900080D40020D8DA002085860120AF86012034
:1064A00076860120BC860120B1860120E47A012095
:1064B000A78601203C860120F005012078D9002024
:1064C0000BCD002089860120DF860120188601205F
:1064D00030050120E87A0120EC7A0120985C012047
:1064E000E0040120845B012028D500200C5C012001
:1064F0008405012044D90020BC040120882200200A
:1065000000B5124A8BB084466B4692E80300002225
:1065100000908DF8041093E80300059002A88DF810
:1065200018106146EDF7DEF802A905A820F05EFF1D
:10653000074B002205A81A70FBF7F0FA054A064B34
:1065400012681A600BB05DF804FB00BF9C200020AD
:10655000CF860120E48501200C0D012008B5FE2125
:106560000B4817F069FA18B10A4B01221A7008BDDE
:10657000322018F069FD6420FFF7C2FF142018F0E4
:1065800063FD05490548BDE80840FDF7D9BB00BFDC
:10659000FC050120CA860120D00F002028CB002056
:1065A0002DE9F041164D174E174C05F11007DFF895
:1065B000648035F8021F4FF0FF32D8F80000023433
:1065C000C9B217F003FB36F8023F80B2834234F8B9
:1065D000023C38BF3080834288BF24F8020CBD42A1
:1065E000E7D10A4B00221A70F9F720FE084B64220B
:1065F0001A70F6F783FEBDE8F041F2F711BE00BF56
:10660000EEB30020D6D5002044D60020F9CC0020DF
:10661000ECCC00203C8501202DE9F843DFF8B89050
:106620000024DFF8B880254E254F264DE0B2013416
:10663000F9F7CAFD38F8023F81B2023602355A1A1C
:10664000084637F8023F48BF013229F8021FC01A36
:1066500001EB620148BF0130082C318003EB60037D
:106660002B80E3D1184B4FF4FA76184940F2DC54F2
:10667000174A03F1100540F6C41023F8026FAB422D
:1066800021F8024F22F8020FF7D1124B01221A70A3
:10669000F9F7CCFDEDF77CFBF6F730FEF6F764FD7D
:1066A000EDF780FCF6F7D2FDF6F7AAFDEDF74CF911
:1066B000F2F7B6FDBDE8F843F6F7C8B9FAD5002001
:1066C00042D600201ED6002052D60020C2D500207F
:1066D000E6D50020F9CC0020B2D50020D6D5002088
:1066E000134B1B78013B042B10D8DFE803F0111586
:1066F000191D03000F49104B104A09781B8801EB44
:106700000111013B0A44D15C0131D154F1F7AEBF14
:106710000849094B0A4AF0E70649074B094AECE7E2
:106720000449054B084AE8E70249034B074AE4E7F6
:10673000E7CC0020DFCC00200C86012034ED0020C7
:1067400064EE00200CEE00205CD50020B4ED0020AB
:10675000FFF7C6BF144B1B78013B042B11D8DFE8B1
:1067600003F012161A1E0300104B114A11491B7830
:10677000128803EB0313013A0B44995C09B1013908
:106780009954F1F773BF094B094A0B49EFE7074BDF
:10679000074A0A49EBE7054B054A0949E7E7034B76
:1067A000034A0849E3E700BFE7CC0020DFCC002024
:1067B0000C86012034ED002064EE00200CEE002059
:1067C0005CD50020B4ED0020FFF7C4BF134A117858
:1067D0004B1CDBB2052B137003D901231370F1F7A7
:1067E00045BF0F480F4B10B400780F4C00EB001062
:1067F000B4F800C00344634413F8013C022B03D0F7
:106800005DF8044BF1F732BF01F0FD03012BF7D126
:10681000023111705DF8044BF1F728BFE7CC00207E
:10682000DFCC0020ECD800200C86012030B5124DC2
:106830008DB0124C2878EC46013800EB400E0FCC9E
:10684000ACE80F000FCCACE80F0094E80F008CE828
:106850000F000DEB8E00FBF761F92A78084B094910
:106860001344094813F8013CC3EBC30301EB430194
:10687000FBF7C4FF0DB030BDDFCC0020F40A0020D0
:10688000E0B5002000B400207C2A0020F0B5104EB6
:106890008BB0104F05AD01AC0FCE0FC533682B8008
:1068A0000D4D97E80F0084E80F0005A82E1DFBF79B
:1068B00035F90A4B20221A7015F8011B2046FDF706
:1068C000EFFB0434B542F7D1FDF74AFE0BB0F0BD43
:1068D00074180020240B0020E0B5002085860120DC
:1068E00010B50D4C86B00FCC0DF1040CACE80F00C8
:1068F000236801A81A0C2CF8023B8CF80020FBF747
:106900000DF9064B21221A70FEF75AFBFDF728FEFF
:10691000FEF7EEFD06B010BD7C1600208586012036
:1069200010B50C4B86B00FCB0DF1080C6C468CE803
:106930000F00094B93E8030084E803006046FBF76F
:10694000EDF8064B2222064920461A70FBF756FF47
:1069500006B010BD681F0020781F0020858601202A
:1069600034B8002000B5124B89B00FCB0DF1100CDC
:106970008CE80F000F4901AB0F4A0968080CADF80D
:1069800000108DF8020007CA03C3614668461A70FA
:10699000FBF734FF01A8FBF7C1F8084B01220849B7
:1069A00008481A70FBF72AFF09B05DF804FB00BF26
:1069B00044240020682500206C250020A6860120A4
:1069C0002824002034240020F8B5212018F0E4FB0E
:1069D00048B9144B41F287321968914203D81B68B9
:1069E000B3F5FA6F00D2F8BD0F4C2578002DFAD11F
:1069F0000E480126FBF792F80D4B0E4F1D70FDF768
:106A0000AFFD11203E70FBF72DF94FF4FA7018F02E
:106A10001BFB62203E70FBF725F92670BDE8F840AD
:106A2000FFF7A0BFE48501207486012028CB002059
:106A3000858601208F86012030B5444B91B00FCB65
:106A4000EC46ACE80700424AACF800300DF1100CFF
:106A5000404B1C680FCAACE80700ACF80030F1F7F7
:106A60002FFB60B93C4B1B780BBB3C4B00213C4AD5
:106A70001B781170002B54D03A4B1C600AE0384A46
:106A80001378002B3DD0374941F288300B68E31A68
:106A900083424AD8344B1B783BB9344B1B7823B91B
:106AA000334B1B780BB9FAF747FF11B030BD314BB0
:106AB0001B78002BD9D0F1F7E5FB0028D5D0284A68
:106AC0001378002B39D0274941F288300B68E31A3C
:106AD0008342DFD90120284B0C6010701878FBF737
:106AE000C1F8264D08AC0FCD0FC495E80F0007C4C0
:106AF00001221D2108A82380EDF774FCF6F768FE3B
:106B000007E001231C491370164B08781C60FBF743
:106B1000A9F8124B1B78002BBCD16846FAF7FEFF90
:106B2000B8E704A8FAF7FAFFA6E70120124B0C60B9
:106B300010701878FBF796F8EBE701230E491370F5
:106B4000084B08781C60FBF78DF8CAE76821002025
:106B500078210020E4850120B1860120858601206E
:106B6000F786012064810120788601207786012044
:106B7000A8860120808601200DCD0020001D002068
:106B80003449354A354B10B503C98AB0344C0090AE
:106B90008DF8041092E80300324A4FEA114C02903B
:106BA000ADF80C108DF80EC094E803002E4C4FEA9F
:106BB000114C0490ADF814108DF816C093E8030042
:106BC000237806900C0CADF81C10013B8DF81E408C
:106BD00092E803000A0C0890ADF824108DF82620E6
:106BE000032B0AD8DFE803F028200216684606A91E
:106BF000FBF704FE1D48FAF791FF1D4B1B783BB9CC
:106C00001C4B1B7823B91C4B1B780BB9FAF794FE6D
:106C10000AB010BD194B1B7813B1194B1B789BB9E7
:106C20001848FAF77BFFE8E7684604A9FBF7E6FD9A
:106C30000E48FAF773FFE0E7684602A9FBF7DEFDAE
:106C40000A48FAF76BFFD8E708A96846FBF7D6FDB4
:106C5000D3E700BF3C180020081B0020101B0020B9
:106C6000181B0020201B0020EBCC0020F01A002075
:106C70007886012077860120A8860120A986012038
:106C8000C9860120FC1A002030B58BB0254A264960
:106C900002AC02F1100C0191234607CA03C31A800B
:106CA00000238DF82530CDF81230ADF823301F4B7E
:106CB0009CE807001D7806AB03C323F8022B120CD7
:106CC0001A7055BB1A48FAF729FF1A4AD2E900325E
:106CD000134318D0184B1B7883B906A901A8FBF7FA
:106CE0008DFD164B1B783BB9154B1B7823B9154B03
:106CF0001B780BB9FAF720FE0BB030BD214601A876
:106D0000FBF77CFDEDE7104B93E807000A4B1B787F
:106D100084E80700002BE0D0F0E70C48FAF7FEFE0D
:106D20000BB030BD340B0020616D7300A7860120CD
:106D30008822002088D40020DDCC00207886012025
:106D400077860120A8860120242B0020182B002004
:106D5000AC4BAD4A2DE9F04193E80300AAB0AB4D2E
:106D6000AB4B10908DF844100B93AA4C2B68AA4D96
:106D70002468ADF80C30ADF8104092E80300A74A43
:106D8000ADF85410090C0C9202F57B428DF85610A8
:106D9000F532A34914900D921A0C2868250C0E9117
:106DA000A04B040CA0491B6809688DF80E209F4A6F
:106DB000ADF818301B0C12688DF816400C0CADF8AD
:106DC0001400100C8DF81A308DF81E40984B994C19
:106DD000ADF82020984A8DF81250ADF81C10974D50
:106DE0008DF8220093E80300126823681290100CBB
:106DF000934C8DF84C10190CADF824202A780F9480
:106E00008DF826008F4CADF828308DF82A10C2B1CD
:106E10002378B3B18C490A78F92A12D8531C8B48CD
:106E20001A26DBB2FA2B20F8136009D0931CDBB2D0
:106E3000FA2B20F8136003D00332D3B220F813608A
:106E40000B700023824E83490FA83370FBF792FC2E
:106E500023781BB12B78002B40F039817E4B1B78B7
:106E6000002B40F02F817D4B0BA87D4C4FF46167C8
:106E70001988FBF759FC7B4B0CA8DFF84482196892
:106E8000FBF752FC784B03A81968FBF74DFC774BD6
:106E900004A81988FBF748FC754B1988A4FB01501E
:106EA000A8FB0123734A4009DB0AC0EB0010A1EBE9
:106EB000800007FB13110190A4FB010116A84909EA
:106EC000009119211EF0D6FF16A906A8FBF752FC67
:106ED000694B07A81968FBF727FC684B654A19211D
:106EE000B3F800C016A8A8FB0C53A4FB0CE5DB0A02
:106EF0006D09C5EB0515ACEB850507FB13CC0195BA
:106F0000A4FB0C5C4FEA5C1500951EF0B3FF16A9BC
:106F100008A8FBF72FFC5A4B16A81A88A8FB0213E7
:106F2000DB0A07FB1327A4FB0717A4FB0214192194
:106F30007F0964090097C4EB0414A2EB84044D4A52
:106F400001941EF097FF16A90AA84E4CFBF712FCFD
:106F50004D4B4E491A684E481FF0D2FF4C490DA8C0
:106F6000FBF708FC4B4B4C49D3ED007A4B48B7EE8E
:106F7000E77A53EC172B1FF0C3FF494B4649D3ED7B
:106F8000007A4848B7EEE77A53EC172B1FF0B8FFAA
:106F9000444914A8FBF7EEFB404910A8FBF7EAFBB5
:106FA000414B424A07211B681DA81EF063FF1DA923
:106FB00005A8FBF7DFFB3E4B3E4912A81B78C3EB4D
:106FC000031301EB4301FBF7D5FB23783BB93A4BA5
:106FD0001B7823B9394B1B780BB9FAF7ADFC1C4869
:106FE000FAF79CFD23783BB9334B1B7823B9334B1D
:106FF0001B780BB9FAF7A0FC002333702AB0BDE868
:10700000F08100BF781D0020801D0020881D002019
:10701000707073008C1D0020901D00206C70730038
:1070200072787600941D0020981D00209C1D002081
:10703000A01D0020341C0020ACAD0020B186012032
:107040007478760076860120BA8601203802012005
:1070500008FD0020F07A0120A78601202A86012061
:1070600089888888E87A0120E4D7002038860120C2
:1070700032860120141A0020DCD70020348601203B
:10708000368601207886012098ED00206C1D0020B6
:107090009CED00201CD70020B0AE002020D700209F
:1070A00094ED0020A4EC002030050120741D002088
:1070B000C7860120A8BC002077860120A886012071
:1070C000C5B3A29105490EA8FBF754FBCBE6044BD0
:1070D00009A81988FBF728FBC0E600BFDC050120E2
:1070E000088601202DE9F0472B4B8AB02B4C4FF03E
:1070F000000C01AD2A4A277806AEDFF8C480294C7F
:1071000093E8030003AB04F1C80E85E8030007CA47
:1071100003C31A8098E80F0007C6338014F8013FB4
:1071200074459C44FAD1204B1B78BBB164231F4AA1
:107130001F4E1FFA87FA03FB0CF3DFF88890A2FBBF
:107140000323C3F38F189C093388434509D1B9F849
:107150000030534500D027B1A9F800A00AB0BDE81F
:10716000F087144B1B783BB9134B1B7823B9134B97
:107170001B780BB9FAF7E0FB03A90846FBF73EFBC7
:1071800006A8FAF7CBFC2846A1B2A6F80080FCF7C7
:1071900087FFA9F800A0E1E744250020BA86012076
:1071A000A82500204F010120A78601201F85EB5153
:1071B000128601207886012077860120A88601208A
:1071C0004C2500206486012030B54B4B97B093E8E6
:1071D00007000AAB140C0DF1340C03C3474923F824
:1071E000022B474A1C7004AB464C03C902908DF831
:1071F0000C1007CA03C344491A8007AB434A1578E9
:1072000007C903C31A8094E80F00ACE80700ACF884
:10721000003045B13E4B3F4A1B6812689B1A40F64E
:10722000B732934252D8FFF75DFF3B4B1A783B4B86
:107230001978914222D13A48D0E9001001431DD07B
:10724000384B1A78384B1978914202D01A70FCF7F3
:10725000C1FB364B1A78364B1978914202D01A701E
:10726000FFF78EFC334B1B78002B32D1324B334C63
:107270001B78D3B123782BB917B030BD1A70FFF744
:1072800003FDDDE72E48FAF749FC2E4B14212E4A68
:1072900093ED007A11A8B7EEC77A8DED007B1EF052
:1072A000E9FD11A92948FBF7A9FA2378002BE3D0BF
:1072B000274B1B7893B1274B1A780AB901221A7011
:1072C000134A254B12681A6017B030BDFBF79AFDC0
:1072D000ABE704A907A8FBF791FAC7E702A81F4983
:1072E000FBF78CFA1D490AA8FBF788FA0DA8FAF7F4
:1072F00015FC17B030BD00BF7420002014AF002073
:10730000802000208C200020A8250020BA860120A3
:10731000E4850120D8DA0020DDCC0020A3860120FE
:1073200088D40020E6CC0020A4860120EBCC0020ED
:10733000B786012078860120C9860120A786012012
:10734000682100201CD70020602000206C20002035
:1073500076860120C8860120C4D8002078850120C7
:107360002DE9F04F2DED028BEFB0422295491BA87D
:10737000954C17F063FF842294492CA817F05EFF08
:10738000842293494DA817F059FF0DF1140C10AD4C
:10739000904E0FCCACE80F000FCCACE80F0004F11E
:1073A0000C0794E807008CE807000FCF0FC50FCF3C
:1073B0000FC597E80700336885E80700002B00F049
:1073C000FB80854C07EE103A9FED848A844D04F1D2
:1073D0002C08DFF850B2DFF84092824F01E096EDC2
:1073E000007AF4EC017AB8EE477A9BF80020F8EEC8
:1073F000677A67EE887AC7EE876AFCEEE67A17EE60
:10740000903A05F8013B32B999F800301BB93B7846
:107410000BB9FAF791FA4445E1D10025DFF808A24B
:10742000714B1BAF9AF80000DFF80092DFF8008282
:10743000694C6B4E1D70CDF804B032E010AB4FEAD2
:10744000850B03EB8500FBF76FF9226805EB450020
:10745000002A43D02CAB03EB8000FBF735F9216801
:1074600021B10A2942D801EB4101490005AB03EBE8
:107470000B00FBF759F92368B3B33178F9B95B49CD
:107480003846FBF777F9216833789AF80000013520
:107490000637043401360B2D49F8041B48F8043B29
:1074A00032D021680028C9D1D9F8002096F800C050
:1074B0009142D8F80030C1D19C45E8D0DBE70DF10E
:1074C0000C0B00225846ECF70DF9584620F0D8FA7C
:1074D000474B59461A882BF80020D1E74DAB03EBF8
:1074E0008000FBF7F1F8BAE74249C9E701EB8101F7
:1074F000414AC900A1F5BE71A2FB012149093C31F5
:10750000642928BF6421B1E73C4CDDF804B0216850
:107510003B4D10B92B68994208D03A48FBF704F963
:1075200023682B609AF80030002B3BD1364C374D46
:1075300021682B68994239D0354E3648FBF7F4F86C
:1075400031682368B1F57A7F2B6017D3264B1B78FF
:1075500023BB002324499BF800200B708AF80030DD
:107560003AB92D4B1B7823B91E4B1B780BB9FAF790
:10757000E3F96FB0BDEC028BBDE8F08F9AF80030F4
:10758000EBB9264C23688B42E0D02548FBF7CCF8BA
:1075900033682360144B1B78002BDAD01248FAF7BB
:1075A000BDFAD6E7184C194D2168C5E7184E316869
:1075B000B1F57A7FE5D3C9E7DFF868B02DE7174C5E
:1075C000E3E700BF540B0020A00C0020980B002024
:1075D0001C0C0020E0D70020F8D700200000C84293
:1075E000ECD70020A886012008FD0020A81D00205F
:1075F000B01D0020D8AB0020CDCCCCCCE4D70020EF
:1076000048C30020641C0020DCD7002044C30020B5
:1076100040B70020601C0020778601204CC300206A
:107620005C1C00207886012012CD0020FC80012007
:107630002881012010B50B4C0B48FAF76FFA0B4A62
:107640002B21237811702BB900232370BDE8104043
:10765000FFF786BEFCF7E8FB00232370BDE810406F
:10766000FFF77EBE10CD002038CB0020858601209C
:10767000164B1B7833B3164810B5164CFAF74EFA72
:10768000154B3222217815481A70FCF709FD217834
:107690001348FCF705FD134BF0EE027A93ED007AE8
:1076A000B4EEE77AF1EE10FA00D410BD00210E48D6
:1076B000FCF7F6FC0D48FAF731FA0D48BDE810402A
:1076C000FAF72CBA0B490C48FCF73ABBA786012005
:1076D000E8220020DFCC002085860120ACAD002010
:1076E000341C0020F40501209C1E0020A01E002058
:1076F000AC1E0020781E0020501E0020F0B58449EA
:10770000ABB0002443F27423824E01A822460978CC
:107710000B94CDE90734CDE90944EBF7E3FF2246AA
:10772000317804A8EBF7DEFF7B4B1D78002D3ED0AF
:107730007A4D2B88072B09D8013B062B00F2D98202
:10774000DFE803F05762736A7C3F4700C82B7ED0A6
:10775000B3F5C87F18D1724907A8FBF74FF8714BF2
:1077600011201C70FAF77EFA6F48FAF7D7F96F48C4
:10777000FAF7D4F96E4907A8FBF740F86D4B1C7077
:10778000FFF776FF2BB0F0BD962BFBD16A496B4A11
:107790000B6810681B1AB3F57A7FF3D30868C82307
:1077A0006421106066482B80FCF77AFCEAE75E48AB
:1077B000FAF7B4F95D48FAF7B1F95A4B1D702BB0DE
:1077C000F0BD604B1B7813F00C0F4ED107232B80BC
:1077D000D8E7594C594F23683A689B1AB3F57A7F1A
:1077E000D0D3584B1B78DB0600F19A8196232B806F
:1077F000C8E7514B514A1B6812689B1AB3F57A7F50
:10780000C0D302232B80BDE74E4B1B789A0700F1B3
:10781000028104232B80B5E74A4B1B7813F00C0F31
:1078200040F0A68006232B80ACE7434B434A1B68FD
:1078300012689B1AB3F57A7FEBD2A3E73E4B3F4A1F
:107840001B6812689B1AB3F57A7FEBD29AE73A4924
:107850003A4A0B6810681B1AB3F57A7F92D309680D
:107860004FF4C87311602B808CE7374F0CAC0FCFEF
:107870000FC40FCF0FC497E8030044F8040B0DF1B9
:107880005500217004A9314C1FF048FE034607CC77
:107890009A602278186003F10D00596001A91A73EB
:1078A00020F04CF80CA907A8FAF7A8FF307828496F
:1078B0000023284A084410F8231001330F2B02F844
:1078C000011FF8D1244B1B788BB1244B1B7873B16B
:1078D000234A1178F9290AD84B1C22481024DBB21C
:1078E000FA2B20F8134040F07481FA2313701E4BDA
:1078F0001E4A198812881248114489B21980FCF76F
:10790000CFFB0D4A07210D4B126829801A6039E719
:10791000DFCC0020F2CC0020D08601204A86012056
:10792000082A0020848601200CAE00203429002083
:10793000D8AB002075860120E4850120B8810120A4
:107940001CAE0020E3860120BC290020AC290020C9
:10795000370C012063050120B186012076860120C5
:10796000BA860120380201202E86012022860120BD
:10797000A94F0CAC0FCF0FC497E8070084E80700AD
:10798000A64C04A90DF14B001FF0C8FD034607CC1F
:107990009A602278186003F10D00596001A91A73EA
:1079A0001FF0CCFF0CA907A8FAF728FF30789C49F4
:1079B00000239C4A084410F8231001330D2B02F8D1
:1079C000011BF8D1984A01209849127808708AB1B1
:1079D000974A127872B1974A1078F9280AD8411C50
:1079E000954C0E26C9B2FA2924F8116040F03E8168
:1079F000FA231370914B924A1988128891481144C6
:107A000089B21980FCF74CFB8F4A05218F4B126815
:107A100029801A60B6E68E4F0CAC0FCF0FC40FCF83
:107A20000FC43B6804A90DF153002360894C1FF07B
:107A300075FD034607CC186003F10C00596001A9DD
:107A40009A601FF07BFF0CA907A8FAF7D7FE3078E1
:107A500081490023814A084410F8231001331A2B6E
:107A600002F8011FF8D1704B1B78002B47D0704BE8
:107A70001B78002B43D06F4A1378F92B3FD8591C41
:107A80006D481524C9B2FA2920F8114000F09E80F3
:107A9000991CC9B2FA2920F8114000F09780D91C2E
:107AA000C9B2FA2920F81140117028D0191D1424E8
:107AB000C9B2FA2920F8114000F08880591DC9B2D6
:107AC000FA2920F8114000F08180991DC9B2FA29E5
:107AD00020F81140117012D0D91D1324C9B2FA290F
:107AE00020F811400AD003F10801C9B2FA2920F8A0
:107AF000114003D00933D9B220F8114011704F4B17
:107B00004F4A198812884F48114489B21980FCF7EE
:107B1000C7FA4D4A03214D4B126829801A6031E69D
:107B2000DFF844E10DF1300CBEE80F00ACE80F00C7
:107B3000BEE80F00ACE80F00DEF8003004A90DF13C
:107B400051008CF800301FF0E9FCDFF808C1034653
:107B5000BCE80700186003F10C00596001A99A60A5
:107B60001FF0ECFE07A80CA9FAF748FE3C4B307852
:107B70003C4A1844002310F823100133122B02F85A
:107B8000011FF8D1284B1B788BB1294B1B7873B19F
:107B9000284A1178F9290AD84B1C27481E26DBB23F
:107BA000FA2B20F8136040F08280FA231370234BE5
:107BB000234A198812882348114489B21980FCF796
:107BC0006FFA962223682A803B60DBE5FA23137064
:107BD00095E78B1CDBB2FA2B20F813403FF485AEFF
:107BE000CB1CDBB2FA2B20F8134013703FF47FAEAE
:107BF0000B1D1124DBB2FA2B20F8134009D04B1DCA
:107C0000DBB2FA2B20F8134003D00631CBB220F8B8
:107C1000134013706BE600BF90290020AC290020B0
:107C2000730C012074050120B1860120E18601203A
:107C300076860120BA860120380201202E86012096
:107C4000228601201CAE0020E4850120B88101209D
:107C50006C2900205C290020470B01200B0101202A
:107C6000FF0A01207FD80020E4290020811CC9B22E
:107C7000FA2924F811603FF4BBAEC11CC9B2FA293D
:107C800024F8116011703FF4B5AE011DC9B2FA2994
:107C900024F8113009D0411DC9B2FA2924F8113055
:107CA00003D00630C1B224F811301170A2E68B1C4B
:107CB000DBB2FA2B20F813603FF477AFCB1CDBB2BA
:107CC000FA2B20F8136013703FF471AF0B1D1D26C3
:107CD000DBB2FA2B20F8136009D04B1DDBB2FA2B74
:107CE00020F8136003D00631CBB220F81360137074
:107CF0005DE7474B1B78D9077FF583AD454F0CAC4B
:107D00000FCF0FC497E8070003C4228004A9424C98
:107D10000DF14A001FF002FC034607CC186003F186
:107D20000C00596001A99A601FF008FE0CA907A871
:107D3000FAF764FD3378394A0021013B384802EBF9
:107D4000430434F8316001310C2920F8026BF8D17A
:107D500003F13400334903F1300432F8100032F8F3
:107D60001440488003F138000C8003F13C0432F8E1
:107D70001000403332F8144088802B482B4932F8E9
:107D8000132003780C804A806BB3294B1B7853B3C4
:107D9000284A1178F92926D84B1C27480B24DBB236
:107DA000FA2B20F813402FD08B1CDBB2FA2B20F8D3
:107DB000134029D0CB1CDBB2FA2B20F813401370F0
:107DC00011D00B1D0A24DBB2FA2B20F8134009D086
:107DD0004B1DDBB2FA2B20F8134003D08B1DDBB216
:107DE00020F813401370154B154A1988128815484E
:107DF000114489B21980FCF753F9134A0121134B3E
:107E0000126829801A60BDE4FA231370EBE700BF03
:107E1000E3860120402900205C290020B00B0120CE
:107E20003801012028010120B18601203001012004
:107E300076860120BA860120380201202E86012094
:107E4000228601201CAE0020E4850120B88101209B
:107E500000B51D4897B0F9F761FE1C4B35201C4951
:107E60000022187001A80978EBF73CFC194B93E845
:107E7000030004900DF115008DF8141001A91FF0F6
:107E80005DFD04A91448FAF7B9FC144B002201A8BF
:107E90001978EBF727FC124B93E8030004900DF1DF
:107EA00015008DF8141001A91FF048FD04A90D4814
:107EB000FAF7A4FC0C490D48FAF7A0FC0C4B002281
:107EC0001A7017B05DF804FB182800208586012081
:107ED000DFCC002038270020240F0020EBCC00202E
:107EE000280F0020300F002034B800205C1E002036
:107EF0007586012000B51D4897B0F9F70FFE1C4BA1
:107F000035201C490022187001A80978EBF7EAFB1C
:107F1000194B93E8030004900DF115008DF814102F
:107F200001A91FF00BFD04A91448FAF767FC144BD4
:107F3000002201A81978EBF7D5FB124B93E8030058
:107F400004900DF115008DF8141001A91FF0F6FC36
:107F500004A90D48FAF752FC0C490D48FAF74EFCFB
:107F60000C4B00221A7017B05DF804FB1828002093
:107F700085860120DFCC002038270020240F002038
:107F8000EBCC0020280F0020300F002034B8002058
:107F90005C1E0020758601202DE9F041114CAAB02D
:107FA00080460D4604F13C070F4E23463246A02181
:107FB00002A8053400951DF05DFF02A8F9F7AEFD9B
:107FC000BC42F2D141460948FAF718FC0848F9F7D3
:107FD000A5FD0848F9F7A2FD07482AB0BDE8F04121
:107FE000F9F79CBD69BC00201C240020C42B002094
:107FF000CC2B0020D82B00200CB000202DE9F04124
:10800000104CAAB080460D4604F168070E4E234678
:108010003246A02102A8043400951DF02BFF02A8CF
:10802000F9F77CFDBC42F2D141460848FAF7E6FB7D
:108030000748F9F773FD07482AB0BDE8F041F9F7A2
:108040006DBD00BFCCBA00201C240020C42B002032
:10805000CC2B00200CB000202DE9F041104CAAB030
:1080600080460D4604F13C070E4E23463246A021C1
:1080700002A8043400951DF0FDFE02A8F9F74EFD9C
:10808000BC42F2D141460848FAF7B8FB0748F9F775
:1080900045FD07482AB0BDE8F041F9F73FBD00BFF4
:1080A00028BC00201C240020C42B0020CC2B002046
:1080B0000CB000202DE9F041114CAAB080460D46CD
:1080C00004F144070F4E23463246A02102A804348F
:1080D00000951DF0CFFE02A8F9F720FDBC42F2D1B9
:1080E00041460948FAF78AFB0848F9F717FD08489E
:1080F000F9F714FD074B01221A702AB0BDE8F08190
:10810000C4B600201C2400207C2A0020F81E002079
:1081100060AE0020758601202DE9F041114CAAB017
:1081200080460D4604F138070F4E23463246A02103
:1081300002A8043400951DF09DFE02A8F9F7EEFC9C
:10814000BC42F2D141460948FAF758FB0848F9F712
:10815000E5FC0848F9F7E2FC074B01221A702AB047
:10816000BDE8F08108B700201C240020C42B0020AB
:10817000CC2B0020D82B0020758601202DE9F04162
:10818000134CAAB080460D4604F14407114E234615
:108190003246A02102A8043400951DF06BFE02A80F
:1081A000F9F7BCFCBC42F2D141460B48FAF726FB7A
:1081B0000A48F9F7B3FC0A48F9F7B0FC0948F9F79F
:1081C000ADFC094B01221A702AB0BDE8F08100BF56
:1081D00034BB00201C240020C42B0020CC2B00200A
:1081E000D82B00200CB0002075860120134B1B7883
:1081F0002E2B03D0124B00221A707047F0B5114C91
:10820000ABB01148002704F13C06104DF9F786FC8D
:108210000F48F9F783FC23462A46A02102A805341B
:1082200000971DF027FE02A8F9F778FCB442F2D1BE
:10823000034B00221A702BB0F0BD00BF85860120D1
:108240007586012069BC0020F81100201C24002044
:10825000041200202DE9F04F2D4C85B02D4D4FF02C
:10826000000B2D4FA246DFF8C4902C4EDFF8C080E3
:1082700021E098F80010D5ED007A0A4412F8013C8C
:1082800000EE103AB8EEC00A20EE270A5FFA8BF132
:108290000A2201A8F4F784FE204601A9BBF1000FD1
:1082A0001ED0FAF7ABFABBF10C0F25D00BF1010B86
:1082B00004350437053499F8000006EB8B010128DA
:1082C0000A46D6D898F80020D7ED007A114411F864
:1082D000013C00EE103AB8EEC00A20EE270AD5E7BE
:1082E00098F8002050460E4B324412F8011C03EB64
:1082F0000111FAF783FAD9E7FFF778FF0948F9F790
:108300000DFC094B00221A7005B0BDE8F08F00BFCC
:1083100064BC0020602E00202C2E0020740C012054
:10832000B8BB00200CB0002075860120C986012052
:10833000EBCC0020F0B5394CB5B023782E2B01D012
:1083400035B0F0BD364E3221364A0EA833781DF0D6
:1083500091FD0EA93448FAF751FA344B1B78002BE3
:1083600048D0334D0DF1100C324F0FCDACE80F005B
:1083700095E8030000228CE80300317801A8EBF7B0
:10838000B1F901460DF127001FF0D8FA3B78002B18
:1083900033D123782E2B3AD0012327482749284A66
:1083A00003704FF47A701278088026490B70CAB1B6
:1083B000254B1B78B3B125490A78F92A12D8531CEA
:1083C00023480C24DBB2FA2B20F8134009D0931C6D
:1083D000DBB2FA2B20F8134003D00332D3B220F8DB
:1083E00013400B701B4A00211B4B126839701A6036
:1083F00035B0F0BDFFF72EFFA2E7622217491BA898
:1084000016F01CFF1BA91648FBF79AFCC1E748F2BF
:10841000304104A8FFF7C0FDBEE700BF85860120FC
:10842000EBCC0020BC150020C4150020A78601203D
:10843000C8150020BF8601207586012030860120E6
:10844000B1860120C586012076860120BA860120EA
:1084500038020120E485012018050120F0150020D4
:10846000E015002008B5124B124A1B78013B32F888
:108470001330B3F57A7F11D80F48F9F74FFB0F4B44
:108480002E221A70FAF7B2FDFFF754FF0C490D487F
:10849000FAF7B4F90C4B00221A7008BD1920F9F74D
:1084A000E1FB0A490A48BDE80840FBF749BC00BFA8
:1084B00072860120845B0120E01500208586012062
:1084C00034B800205C1E0020BF860120281F002039
:1084D000501E0020134B1B78362B03D0124B00226A
:1084E0001A707047F0B5114CABB01148002704F179
:1084F0003806104DF9F712FB0F48F9F70FFB23462A
:108500002A46A02102A8043400971DF0B3FC02A85B
:10851000F9F704FBB442F2D1034B00221A702BB0DE
:10852000F0BD00BF858601207586012008B70020B8
:10853000F81100201C240020041200202DE9F8432B
:10854000154E0124DFF85C80144FB1460AE098F81C
:108550000020134413F8011CFBF7A2FD0E2C14D0CD
:108560002C460436651C012C304607EB8503EED102
:1085700098F8003048460225013B3B44197A1B79A4
:1085800043EA0121FBF78CFDEAE7FFF7A3FF044B69
:1085900000221A70BDE8F88308B70020000B012004
:1085A00075860120DFCC0020F0B5534CBDB004F13E
:1085B0003805204604340021FBF772FDAC42F8D1A7
:1085C0004E4E3378002B5ED11EAF4D4B3C464D4D89
:1085D0001A784D4BDFF874E1134413F8013CC3EBF8
:1085E000C30C0FCD0FC495E8070084E807000EEB1D
:1085F0004C014648FAF702F9FAF756FF444B1B784C
:10860000002B35D0434B0121434A1B781170362B88
:1086100065D042494FF47A70414B424A08600121CB
:108620001B781170CBB1404B1B78B3B13F490A782E
:10863000F92A12D8531C3E481B24DBB2FA2B20F82F
:10864000134009D0931CDBB2FA2B20F8134003D05F
:108650000332D3B220F813400B7000233548337037
:10866000F9F75CFA344A354B12681A603DB0F0BD38
:10867000284B1B78362B38D0002333703DB0BDE833
:10868000F040FFF75BBF2E4D03AC1EAF0FCD0FC404
:1086900095E8070003AD03C42A490AA822804E22A8
:1086A00016F0CCFD3C46DFF8A8C00FCD0FC495E80E
:1086B000070003C49CF80010684622800022EBF7F4
:1086C00011F801460DF191001EF028FF0AA94E2273
:1086D00016F0B4FD39461C48FBF732FB75E748F24B
:1086E00030413846FFF718FD93E748F230413846ED
:1086F000FFF712FDC0E700BF08B7002091860120F8
:10870000DFCC002014110020E0B500203011002043
:10871000A78601208586012075860120A8D7002024
:10872000B1860120C186012076860120BA8601200B
:10873000380201200CB00020E4850120ACD70020D5
:1087400034110020501100200411002000B400203A
:10875000FDCC0020444BF0EE027A30B52DED028BBB
:1087600093ED008AD1B0B4EEE78AF1EE10FA36D478
:108770003E4B1B78CBB13E4B1B78B3B13D490A78D9
:10878000F92A12D8531C3C481924DBB2FA2B20F8E2
:10879000134009D0931CDBB2FA2B20F8134003D00E
:1087A0000332D3B220F813400B703448F9F7B6F90E
:1087B000334C3623334934482370FAF71FF8FAF75D
:1087C00073FE2378362B03D051B0BDEC028B30BD45
:1087D00051B0BDEC028BBDE83040FFF7E5BE2B4D3C
:1087E00060222B49B7EEC88A10A805AC16F026FD0A
:1087F0000FCD8DED008B0FC40FCD0FC495E8070092
:1088000003C40A21227002A8224A1DF033FB602211
:1088100010A928A816F012FD02A90DF1FF0005AC61
:108820001EF07CFE0DAD8446A6460CF1100C1034F3
:10883000BEE80F00AE454CF8100C4CF80C1C4CF880
:10884000082C4CF8043CEFD103CCCCF80000CCF859
:10885000041028A9237810488CF80830FBF770FA28
:1088600051B0BDEC028B30BDF4050120B186012072
:1088700076860120BA8601203802012004110020EA
:108880008586012034B80020D8200020DC2000207C
:1088900008210020701E0020501E0020134B1B7862
:1088A0002D2B03D0124B00221A707047F0B5114CDB
:1088B000ABB01148002704F14406104DF9F72EF92A
:1088C0000F48F9F72BF923462A46A02102A80434C1
:1088D00000971DF0CFFA02A8F9F720F9B442F2D1BF
:1088E000034B00221A702BB0F0BD00BF858601201B
:1088F0007586012034BB0020F81100201C240020C4
:10890000041200202DE9F843124C0025DFF85490A2
:10891000114F04F14408114E03E00434013544457D
:1089200010D099F800302D2BF7D13378204604343D
:10893000013B03EB8503013537F81310FBF7B0FB60
:108940004445EED1FFF7AAFF054B00221A70BDE89F
:10895000F88300BF34BB0020B00B0120DFCC002027
:1089600075860120858601204F4BF0B51A78C5B079
:108970004E4B4F4C0DF1200C13444E4D13F8013C5F
:10898000C3EBC30305EB43050FCCACE80F00236832
:1089900029461A0C2CF8023B60468CF800201EF089
:1089A000BDFD454A034629461068127918601A71C0
:1089B0004248F9F723FF424B1B78002B5FD0414C14
:1089C0002378002B32D1404B0121404A1B78117093
:1089D0002D2B5DD03E494FF47A703E4B3E4A0880C5
:1089E00001211B781170CBB13C4B1B78B3B13C49D2
:1089F0000A78F92A12D8531C3A480925DBB2FA2B17
:108A000020F8135009D0931CDBB2FA2B20F8135036
:108A100003D00332D3B220F813500B70324A002136
:108A2000324B126821701A6045B0F0BD04AE304B75
:108A3000304F35460FCB07C525F8023B1B0C4E22A5
:108A40002D4912A82B7016F0F9FB26AD96E80F0001
:108A500007C525F8023B1B0C397800222B7001A8B2
:108A6000EAF740FE014628461EF058FD12A94E22A4
:108A700016F0E4FB26A92148FBF762F9A3E7124BA5
:108A80001B782D2B0AD045B0BDE8F040FFF73ABF68
:108A900048F2304108A8FFF771FB9BE748F23041EC
:108AA00008A8FFF76BFBEEE7DFCC0020E0B5002065
:108AB000A011002000B400201C130020C4150020C9
:108AC000A7860120B98601208586012075860120B0
:108AD00026860120B1860120C386012076860120EA
:108AE000BA86012038020120E485012034010120EA
:108AF000C4110020FDCC002050110020B411002032
:108B0000134B144A10B51B78013B32F81330B3F500
:108B10007A7F10D82D23104C10482370F8F7FEFFF1
:108B200023782D2B10D00E490E48F9F767FE0E4B17
:108B300000221A7010BD1920F9F794F80B490C485F
:108B4000BDE81040FBF7FCB8FFF70EFFEBE700BFF6
:108B500072860120845B012085860120B4110020EB
:108B600034B800205C1E0020B9860120701200205D
:108B7000501E00202DE9F041DFF8CC80AAB000247F
:108B8000274F284E4546327807EB840301342846A8
:108B90001344043513F8011CFBF782FA0E2CF2D1B2
:108BA0003378F2EE046A204A0A213B4402A893F883
:108BB000373007EE903AF8EEE77A87EEA67AB7EE0E
:108BC000C77A8DED007B1DF055F902A91748F9F71A
:108BD00015FE174B1B78302B05D016482AB0BDE880
:108BE000F041F8F79BBF14480024144E144DF8F7D9
:108BF00095FF43462A46A02102A808F104080094E4
:108C00001DF038F902A8F8F789FF4645F1D10D4B60
:108C100008481C702AB0BDE8F041F8F77FBF00BFDC
:108C2000380C0120DFCC0020E41F002060BC0020B5
:108C3000858601200CB00020F811002064BC0020C3
:108C40001C2400207586012028BC0020F0B53F4C74
:108C5000ADB02378302B01D02DB0F0BD3C4B0022BD
:108C60003C4E93E80300049001A8ADF8141031784D
:108C7000EAF738FD01460DF115001EF05FFE04A96C
:108C80003548F9F7BBFD354B1B78002B53D0344DDD
:108C90000DF1100C334F0FCDACE80F0095E8070035
:108CA000ACE80300317801A88CF800200022EAF734
:108CB00019FD01460AA81EF041FE3B78002B30D179
:108CC0002378302B3CD028494FF47A70274A01236F
:108CD000088012782648274903700B70CAB1264BCA
:108CE0001B78B3B125490A78F92A12D8531C2448B5
:108CF0000F24DBB2FA2B20F8134009D0931CDBB20F
:108D0000FA2B20F8134003D00332D3B220F81340DB
:108D10000B701C4A00211C4B126839701A602DB070
:108D2000F0BD6222194913A816F088FA13A9184851
:108D3000FBF706F8C4E72DB0BDE8F040FFF71ABF17
:108D400048F2304104A8FFF787F9BCE78586012087
:108D5000280F0020EBCC0020C4150020A78601209E
:108D600078250020BE8601203A860120B1860120A8
:108D7000C48601207586012076860120BA860120EE
:108D800038020120E485012014050120F01500209F
:108D900094250020624B1B7830B597B0002B3BD058
:108DA000604B1B78002B37D15F4B1B78002B00F0FA
:108DB000B1805E4C5E4B1A78002A72D12378022B68
:108DC0006BD0032B5CD15B4903230978002A49D17E
:108DD000594A1170594A117899421BD05849137059
:108DE0000B78002B61D10023564D5749574A0B6031
:108DF00013602B782E2B74D0302B6ED02F2B57D0A6
:108E0000534B1B7833B12378022B79D0032B7FD0BF
:108E1000012B7BD017B030BD4E4B1B78013BDAB233
:108E2000032A23D84C4A4D4802EB4301C05C4978E1
:108E300012F8133010B11A460B461146484AD35C5B
:108E4000002B52D1535CFBB1374B0122374C1B78BE
:108E50002270002BAED1364B1A7842490123097893
:108E6000002AB5D0344A64211170B3E72E4A042396
:108E70002E4C12782370002A9CD12D4A127801E0E2
:108E8000012BEAD06421A1E7274B0222274C1B7853
:108E90002270002B8ED1264B1A7833490223097891
:108EA00094E7324B1B78237089E7F5F707F89AE7C8
:108EB0000022217801A8EAF715FC2D4B93E8030066
:108EC00004900DF115008DF8141001A91EF036FD67
:108ED00004A92848F9F792FC92E7FFF7B7FE2B7830
:108EE0008CE7FFF727FA2B7886E70F4B03220F4C0E
:108EF0001B782270002B7FF45DAF0D4B1A7862E770
:108F0000232017B0BDE83040F8F7ACBE2220F8E7C8
:108F10002420F6E7064B054C1A7823784FE700BF6C
:108F200078860120E2CC0020A9860120EBCC00202D
:108F3000C9860120EACC0020ECCC0020FECC002029
:108F4000D98601208586012078D9002080D900208B
:108F5000DACC00208A860120C0330020805C01200A
:108F6000785C0120E8CC0020E9CC0020DFCC002098
:108F7000280F0020300F00202DE9F04FDFF8F0B06F
:108F8000AFB001250024374F5E46DFF8F8A0DFF8C8
:108F9000F890DFF8F8801CE09AF80030324A034479
:108FA00003A813F8013C07EE903AF8EE677A87EED3
:108FB000A67AB7EEC77A8DED007B1CF05BFF3046DA
:108FC00003A9F9F71BFC1A2D1FD001350134043613
:108FD000EDB207EB8400F2EE046A29FA04FC424683
:108FE00003460A21C4B11CF0010FD5D19AF800C084
:108FF0000A2103A8634413F8013C1CF03BFF3046F0
:1090000003A9F9F7FBFB1A2DDFD1184B1B78312B85
:109010000ED02FB0BDE8F08F9AF8003014483B44D2
:1090200013F8011C003918BF0121FBF739F8CCE710
:1090300010480024104E114DF8F770FD5B462A468B
:10904000A02106A80BF1040B00941CF013FF06A846
:10905000F8F764FD5E45F1D1094B1C702FB0BDE8F7
:10906000F08F00BF480B0120E41F002085860120FF
:10907000CCBA0020F811002034BB00201C240020B2
:1090800075860120DFCC002002000002702A00203B
:10909000514BF0B51A78C5B0504B514C0DF1200C26
:1090A0001344504D504E13F8011CC1EBC10105EBA8
:1090B00041050FCCACE80F0094E803004CF8040B1A
:1090C00060468CF8001029461EF028FA474A31788D
:1090D000034610683129127918601A7101D045B021
:1090E000F0BD29464248F9F789FB424B1B78002B1B
:1090F00035D0414D2B78002B39D1337801213F4AAF
:10910000312B11705CD03E494FF47A703D4B3E4A92
:10911000088001211B781170CBB13C4B1B78B3B197
:109120003B490A78F92A12D8531C3A481224DBB278
:10913000FA2B20F8134009D0931CDBB2FA2B20F84D
:10914000134003D00332D3B220F813400B70324ADD
:109150000021324B126829701A6045B0F0BD337897
:10916000312B33D045B0BDE8F040FFF705BF2C4CA4
:1091700003AF0FCC0FC7236803AC4E22294912A8B6
:109180003B7016F05BF80DF1980CDFF8A0E00FCC07
:10919000ACE80F003B6800229EF8001068468CF88F
:1091A0000030EAF79FFA01462AA81EF0B7F912A983
:1091B0004E2216F043F826A91B48FAF7C1FD9CE79A
:1091C00048F2304108A8FEF719FF9CE748F2304109
:1091D00008A8FEF713FFC5E7DFCC0020E0B50020AC
:1091E0005023002000B40020858601201C1300209D
:1091F00030110020A7860120B88601207586012045
:1092000024860120B1860120C286012076860120B5
:10921000BA86012038020120E485012008010120DE
:10922000782300205011002068230020FDCC00206E
:109230005B485C49006809685B4B5C4A1B681268C4
:1092400030B595B0050C0C0CADF8000058488DF801
:10925000064004685748ADF80410190CADF8083002
:109260000368ADF80C20120C8DF80250250CADF8F7
:1092700014301B0C50488DF80E20504A00688DF8B1
:109280000A108DF812508DF816304D4D4D494E4B49
:10929000126809681B680A95050CADF81800100CD7
:1092A000ADF810400C0C8DF81A50ADF81C10190CCC
:1092B000464DADF82020ADF824301323444A8DF8F4
:1092C000220044488DF826108DF81E400FAC137014
:1092D000F8F724FC29780AA8FAF7E2FE3E4B01A829
:1092E00019780329A8BF03211970FAF7D9FE3B4B5F
:1092F00068461988B1F57A7FA8BF4FF47A71198052
:10930000FAF7CEFE364B02A81988B1F57A7FA8BFCE
:109310004FF47A713229B8BF32211980FAF7C0FEB2
:10932000304B03A81978FAF7BBFE2F4B04A8197825
:10933000FAF7B6FE2D4B05A81978FAF7B1FE2C4BBB
:1093400006A81978FAF7ACFE2A4B07A81978FAF79D
:10935000A7FE294B08A81978FAF7A2FE274B09A8FF
:109360001978FAF79DFE264A0DAB92E80300002219
:1093700083E8030084E8030029780BA8EAF7B2F930
:109380000BA920461EF032F82046F8F7C7FB4FF431
:10939000805200211B4815B0BDE830401DF0D4BFFD
:1093A000ACAD0020381C00203C1C0020B0AD0020DB
:1093B0006C150020C8210020CC210020542400205E
:1093C00045783100582400205C240020DCCC0020AB
:1093D0008586012088CA00200CCD0020C8CC002042
:1093E000C6CC0020E1CC0020FBCC002009CD002021
:1093F000DB86012006CD0020DACC0020DBCC00206B
:1094000028180020C05C01202DE9F04FA3B06C4B60
:10941000DFF8D49104AD0AAFDFF8D0A107AEBE46A5
:10942000684CB4460DF1340893E807002B4603C39B
:109430001A704FF6FF7299F800306349002B634BA6
:1094400008BF002293F800B0434602920CBF4A22A4
:10945000492203920CBF4FF4FC624FF47842019210
:1094600007C9AEE80300AEF800209AE80700ACE8B0
:1094700003008CF8002094E8070003C31A80BBF1B6
:10948000000F76D0524B1B78002B69D0514B1B68D4
:10949000B3F57A6F67D8504B1B78002B60D100244E
:1094A0004FF020090DF14C0A1194ADF84840CDF869
:1094B000409095E80700019DAAE8030029468AF834
:1094C000002010A82246EAF70DF9014613A81DF066
:1094D0008DFF13A8F8F722FBADF8484013ABCDE998
:1094E000109497E8070003C32946AAF8002010A8A3
:1094F0002246EAF7F7F8014613A81DF077FF13A8F4
:10950000F8F70CFB029DADF8484013ABCDE9109481
:1095100096E8070003C329468AF8002010A82246CF
:10952000EAF7E0F8014613A81DF060FF13A8F8F76A
:10953000F5FACDF84090ADF8484013AB119498E897
:10954000070003C32946AAF8002010A82246EAF71C
:10955000C9F8014613A81DF049FF13A8F8F7DEFA71
:1095600023B0BDE8F08F0398F8F77CFB1B4B1B780A
:1095700053B9194B1B78002BF2D1154B1B78002BDC
:109580008DD123B0BDE8F08F154A13AB4FF0000C1E
:1095900099F8004007CA03C323F8022B120C1A7073
:1095A0008DF857C02CB913A801220A21EAF71AFF37
:1095B000DFE70C4A13AB07CA03C31A80F3E700BF07
:1095C000340F0020400F00204C0F0020DACC002088
:1095D0000ACD0020E485012085860120D98601205E
:1095E0004C060020FCA60020CB860120580F00204E
:1095F00000B5224B8FB00FCB0DF1080CACE8070083
:109600001F4A8CF800300DF1180C0FCAACE80700A7
:109610001C4A8CF800300DF1280C0FCAACE807008A
:10962000194A4FEA134E2CF8023B8CF800E092E8FE
:1096300003000B0C00900AA8ADF804108DF806305A
:10964000F8F76CFA02A96846F9F7D8F8F7F78AFE36
:109650000E48F8F763FA0E4B0E4A78211B781180FA
:10966000592B02D00FB05DF804FB26F095FC06A93B
:109670000648FAF765FB0FB05DF804FB040F002005
:10968000140F0020D01B00201C1C0020ACCB00209D
:1096900068D600201486012030B51A4C87B0237894
:1096A00043B3194B0DF1080C184D0FCBACE8070074
:1096B00095E803001A0C2CF8023B0B0C009002A852
:1096C0008CF800208DF80630ADF80410F8F726FA73
:1096D0000F496846F9F792F8F7F744FE0D48F8F796
:1096E0001DFA0D4B0D4A78211B781180592B01D0A2
:1096F00007B030BD00252570FCF7ACFC084B1D7091
:1097000007B030BDBF860120D01B00201C1C0020EC
:1097100030170020E015002068D6002014860120B4
:10972000758601201B4B1B7863B31B4B00B587B0BC
:109730000FCB0DF1080C4FEA134EACE80700174AA7
:109740002CF8023B8CF800E092E803000B0C009030
:1097500002A8ADF804108DF80630F8F7DFF91049CB
:109760006846F9F74BF8F7F7FDFD0E48F8F7D6F91C
:109770000D4B0E4A78211B781180592B04D007B06D
:109780005DF804FBFCF766BC07B05DF804EBFCF782
:1097900061BC00BFB9860120D01B00201C1C00202A
:1097A000600E0020B411002068D60020148601202D
:1097B00030B51F4C87B0237853B31E4B0DF1080C06
:1097C0001D4D0FCBACE8070095E803001A0C2CF8F0
:1097D000023B0B0C009002A88CF800208DF806309C
:1097E000ADF80410F8F79AF914496846F9F706F845
:1097F000F7F7B8FD1248F8F791F9124B124A7821A1
:109800001B781180592B01D007B030BD0023237085
:109810000E48F8F783F90E4B31221A70FFF738FC27
:109820000C490D4807B0BDE83040F8F7E7BF00BF6E
:10983000B9860120D01B00201C1C0020600E0020D7
:10984000B411002068D6002014860120682300206F
:109850008586012034B80020D820002030B5204C67
:1098600087B0237853B31F4B0DF1080C1E4D0FCB5F
:10987000ACE8070095E803001A0C2CF8023B0B0C2F
:10988000009002A88CF800208DF80630ADF8041086
:10989000F8F744F915496846F8F7B0FFF7F762FDA5
:1098A0001348F8F73BF9134B134A78211B781180C2
:1098B000592B01D007B030BD002323700F48F8F7B3
:1098C0002DF90F4B30221A70FFF7C0F90D490E48E1
:1098D000F8F794FF0D4B00221A7007B030BD00BF9F
:1098E000BF860120D01B00201C1C0020F426002075
:1098F000E015002068D60020148601209425002061
:109900008586012034B800205C1E0020BE86012020
:1099100070B5224B8EB0224C0DF11C0C1D780FCC73
:10992000ACE80F0094E80700ACE80300ACF80020B6
:109930006DB103AD1B4B2C460FCB07C428462370DB
:10994000F8F7ECF8184B1E221A700EB070BD174BCA
:1099500003AC174E25460FCB07C496E8030024F846
:10996000023B1B0C0190284623700B0CADF808102D
:109970008DF80A30F8F7D2F807A901A8F8F73EFFEA
:10998000F7F7F0FC0B48F8F7C9F80B4B0B4A7821B6
:109990001B781180592BCDD00EB070BD958601205B
:1099A000BC100020D810002085860120D01B00208C
:1099B0001C1C0020F8CB002068D600201486012053
:1099C00030B52B4C87B0237843B32A4B0DF1080CEC
:1099D000294D0FCBACE8070095E803001A0C2CF8D2
:1099E000023B0B0C009002A88CF800208DF806308A
:1099F000ADF80410F8F792F820496846F8F7FEFE33
:109A0000F7F7B0FC1E48F8F789F81E4B1E4A78217C
:109A10001B781180592B23D007B030BD1B4B1B780E
:109A2000CBB11B4B1B78B3B11A490A78F92A12D86B
:109A3000531C19481A24DBB2FA2B20F8134009D022
:109A4000931CDBB2FA2B20F8134003D00332D3B2BD
:109A500020F813400B7007B0BDE83040FCF7FABAAD
:109A60000A4B00221B782270002BDAD1F3E700BFEB
:109A700090860120D01B00201C1C00205C170020B9
:109A80007C17002068D6002014860120B1860120B2
:109A900076860120BA8601203802012030B52B4C91
:109AA00087B0237843B32A4B0DF1080C294D0FCB17
:109AB000ACE8070095E803001A0C2CF8023B0B0CED
:109AC000009002A88CF800208DF80630ADF8041044
:109AD000F8F724F820496846F8F790FEF7F742FCBB
:109AE0001E48F8F71BF81E4B1E4A78211B78118080
:109AF000592B23D007B030BD1B4B1B78CBB11B4B70
:109B00001B78B3B11A490A78F92A12D8531C19489C
:109B10001A24DBB2FA2B20F8134009D0931CDBB2D5
:109B2000FA2B20F8134003D00332D3B220F81340AD
:109B30000B7007B0BDE83040FCF78CBA0A4B00222E
:109B40001B782270002BDAD1F3E700BF9186012049
:109B5000D01B00201C1C0020DC1900200411002058
:109B600068D6002014860120B18601207686012067
:109B7000BA860120380201202DE9F84F1F4FDFF887
:109B80009490DFF89480DFF894B0DFF894A0F2F7B7
:109B90003DFE99F8006040460124194D3EB3F7F7A9
:109BA000BDFF59465046F8F729FE1F203C70F8F7D4
:109BB00059F84FF496602C70F7F740FF25202C7071
:109BC000F8F750F80F491048FAF7BAF84FF4FA705E
:109BD000F7F734FF0D4B1B78002BDAD0F2F716FEA7
:109BE00099F8006040460124054D002ED7D1084861
:109BF000F7F794FF3E70BDE8F88F00BFD1860120D3
:109C00008F860120681C002028CB00200ACD002070
:109C100000BF0020B3860120F0BE00203CCA002017
:109C200010BF0020464947480968474A474B00682B
:109C300012681B68F0B50C0C91B0050C4FF01A0EB1
:109C40008DF806400DF12C0C414CADF80410ADF828
:109C50000800100CADF80C20ADF810301B0C226879
:109C60003C498DF81230130C09688DF80E008DF800
:109C70001A30080C384B394C8DF80A508DF8160004
:109C80001D68ADF81410ADF818202F0C344E0FCC11
:109C9000ACE80F0023680BA8324A8CF80030324B36
:109CA000CDE9082303F580330A9386F800E0ADF888
:109CB0001C508DF81E70F7F731FFFA20F7F7BEFE43
:109CC0002A4B01A8B3F90010FAF7EAF9284B03A8C8
:109CD0001978FAF7E5F9274B04A81978FAF7E0F9AB
:109CE000254B05A81978FAF7DBF9244B06A8197853
:109CF000FAF7D6F9224B19780E2902D81422114608
:109D00001A7002A8FAF7CCF91E4B08A8D3ED007A16
:109D1000FDEEE77A17EE901AFAF7C2F91A4B09A886
:109D20001978FAF7BDF9194B0AA81978FAF7B8F9B2
:109D3000174B07A81978FAF7B3F911B0F0BD00BFB7
:109D4000481D0020341C0020381C00203C1C002032
:109D50006C150020401C0020ACAD00204C1D0020E4
:109D600085860120516E6800737730004886012097
:109D7000FCCC0020E5CC002005CD0020DDCC00206F
:109D8000F0CC0020A8BB0020D9860120AB860120A2
:109D9000F6CC00202DE9F041374BADF6384D374A6F
:109DA000064603AF364D126805ACDFF8E8C0ADF8E3
:109DB0000020120CDFF8E0808DF8022098F800E017
:109DC00093E8030008AB87E803002E4907C903C4E2
:109DD000228095E8070003C39CE803001A808DF8F1
:109DE00008100190BEF1000F40D1002301A82649C0
:109DF00088F80030F3F774FB80BB05A8F7F78EFEF8
:109E000000238DF82C30E6B1751E204CDFF88C80D5
:109E1000ADB204F16F03C5EBC502C5EB02151D44DD
:109E20000BA81DF02DFE0BAB21466F3418441DF01E
:109E300075FBB8F8002098F80230AC4202808370BD
:109E4000EED138460BA9F8F7D9FC114B32201E6031
:109E5000F7F7F4FD0DF6384DBDE8F08108A8F7F7E7
:109E60005DFE09496846F8F7C9FCC9E70649684636
:109E7000F8F7C4FCB9E700BFC8AE0020F41F00200B
:109E80005C18002068180020985C0120DCDA0020B3
:109E90007CD90020A0A60020C68601202830002002
:109EA00010B50B4B84B00024EC460FCBACE8070098
:109EB000084AACF800301480F5F778FAFFF76AFF2B
:109EC00021466846FAF7A8F8034B1C6004B010BDA1
:109ED000541B0020468601201005012070B51C4B44
:109EE00084B01C4D6C46B5F800C00FCB07C423806E
:109EF0004FF6FF739C4512D16646174C05E0B445FA
:109F000009D12388013B18442080F5F74FFA012836
:109F1000B5F800C0F3D84FF6FF739C4502D00E4B46
:109F2000A3F800C0F5F742FA0446FFF733FF0B4AE7
:109F300004EB440368461468C4EBC30424EAE474E5
:109F40002146FAF769F8064B1C6004B070BD00BFEB
:109F5000541B0020B4CC002046860120E8B7002026
:109F60001005012070B53C4A84B03C4BEC46D2E968
:109F700001540FCB002CACE80700ACF80030384B94
:109F80001C600BDD374B1B68002B07DD03EB430325
:109F9000C4EBC303002B01DD334A1360334E336837
:109FA000AB4233DA07EE904AB6EE086BB8EEE77BC9
:109FB00027EE067B06EE905AB8EEE66BB4EEC76B62
:109FC000F1EE10FA1FDD2A4B4FF6FF74294819886D
:109FD000B0F90020A14202F10A0302D08B42A8BFCF
:109FE0000B469A420FD003809B1AA3EB830305EB29
:109FF000C305F5F7DBF925EAE575FFF7CBFE294642
:10A000006846FAF709F8356004B070BD1FDD06EE4A
:10A01000905A07EE104ABAEECF7BB8EEE66BB4EE7C
:10A02000C76BF1EE10FAEED51249B1F90030002BF2
:10A03000E9D0A3F10A0212B2002A0ADB9B1A0A80B5
:10A0400003EB430305EBC305F5F7B0F9D5E7DAD128
:10A05000DAE700220A80F3E7C05C0120541B0020ED
:10A06000F0B700207CD90020E8B7002010050120BF
:10A07000B4CC0020468601202DE9F04F8F4B9BB0D9
:10A080008F4D02AC06AEDFF870E26F46B4460FCBE0
:10A0900007C4238000240FCDACE80F009EE8030026
:10A0A0002B6887E8030087488CF80030F7F736FD07
:10A0B000854A4FF6FF71854B11801721844A117034
:10A0C00003F6481203F8184B9A42FBD1814DE9F789
:10A0D0005DFB2B78002B32D1002444F620627E48B1
:10A0E00021462C70DFF814921DF02EF97B4B1C805A
:10A0F000F4F738F80BAC89F80000002840F0028132
:10A10000002306202B70FFF745FE96E80F0084E839
:10A110000F0073490FA81DF011FC21463846F8F7CF
:10A120006DFB2B78002B6DD1002402A821462C70EA
:10A13000F9F772FF6B4B1C601BB0BDE8F08FDFF8C6
:10A14000C081D8F81090B9F1000FC5D0D9F800300F
:10A15000DFF8A0A1DB6A534540F05181D9F85800DF
:10A1600018B11BF0CBF9C9F85840D9F85030002B82
:10A1700000F03F8109F1180012F0B2FED8F810404B
:10A18000636803F1FF39C4F80490B9F1000F35D1C9
:10A190002368DB6A534540F05781A06D18B11BF06E
:10A1A000ADF9C4F85890236D002B00F0458104F1FF
:10A1B000180012F095FED8F81040FCB123684A4A06
:10A1C0005B68934240F03D81484BA06D236018B11D
:10A1D0001BF094F90023A365236D04F11809002BEB
:10A1E00000F01D81484612F07BFE414B4846A360BB
:10A1F00012F076FE20465C2115F0BCF80023C8F86A
:10A20000103069E7DFF8F880D8F81040002C8BD0C8
:10A210002368DFF8E0A0DB6A534540F0F380A06DCF
:10A2200018B11BF06BF90023A365236D002B00F020
:10A23000DB8004F1180012F053FED8F81040666875
:10A24000013E6660002E34D12368DB6A534540F03E
:10A25000FE80A06D10B11BF051F9A665236D002B97
:10A2600000F0E58004F1180012F03AFED8F8104032
:10A27000FCB123681C4A5B68934240F0EB801B4BA7
:10A28000A06D236018B11BF039F90023A365236D7D
:10A2900004F11806002B00F0BD80304612F020FEBD
:10A2A000134B3046A36012F01BFE5C21204615F0D4
:10A2B00061F80023C8F8103036E700BF541B0020B7
:10A2C000AC0E002068CB0020B4CC0020C46C012070
:10A2D00085860120AA860120640D01204686012082
:10A2E000985C0120100501203971000070320020B7
:10A2F0003431002039660000C8AE0020E08601201D
:10A30000D4B70020DFF878812046F4F779FFD8F839
:10A3100010B0BBF1000F47D0DBF8042002F1FF3A88
:10A32000CBF804A0BAF1000F3ED1DBF800204F4972
:10A33000D26A8A4240F09180DBF8580018B11BF0D5
:10A34000DDF8CBF858A0DBF85020002A5DD00BF1E7
:10A35000180012F0C5FDD8F810A0BAF1000F23D0F4
:10A36000DAF80030424A5B6893425DD1414BDAF83B
:10A370005800CAF8003020B11BF0C0F80023CAF81A
:10A380005830DAF850300AF1180B002B68D05846D4
:10A3900012F0A6FD384B5846CAF8083012F0A0FD5E
:10A3A00050465C2114F0E6FF0F9899F80030C8F889
:10A3B0001000002B3FF4A4AE00283FF4A1AE0368C8
:10A3C0002E4A1B6B93420AD1036D23B1F4F7EEFFC3
:10A3D000FFF7E0FCA5E6436D002BF7D190E6984728
:10A3E00000283FF48DAEF1E7636D002B7FF421AFC1
:10A3F00023E7D9F85430002B7FF4BCAEBEE64846C4
:10A400009847BBE62046984717E7DBF85420002A18
:10A410009DD1A0E7636D002B7FF43FAF40E7636DF4
:10A42000002B7FF4DFAEE0E650469847BCE7636D53
:10A43000002B7FF417AF19E7636D002B7FF4B7AEE5
:10A44000B9E620469847D9E620469847B3E6204625
:10A4500098470BE7204698472BE7584690477AE7FE
:10A46000DAF85430002B92D194E700BF396600002F
:10A47000397100007032002034310020C1650000C5
:10A48000D4B70020FFF7F8BD024B00221A70FFF787
:10A49000F3BD00BF985C01202DE9F0435E4B9BB0FB
:10A4A0005E4D93E8070003AB03C3110C23F8022BA6
:10A4B00019702B78002B40F08480594B1B78002BAF
:10A4C00040F0828044F2022303AA564906A812F003
:10A4D00021FE189B002B00F08B805C20002614F0DE
:10A4E00047FF514A0AAF04461830DDE9071340F828
:10A4F000182C40F80C1C394640F8083C9DF82430D4
:10A5000040F8146C00F8043C484B40F8103C12F042
:10A51000A5FC6368464A0133A665A2606360DFF864
:10A5200030813846434ECDF8188012F0D9FC376997
:10A53000002F37D07B68013B7B600193002B31D12A
:10A540003A683D49D26A8A425CD1B86D18B11AF0B6
:10A55000D5FF019BBB653B6D002B4FD007F1180069
:10A5600012F0BEFC3769EFB13B68344A5B68934236
:10A570004FD12D4BB86D3B6018B11AF0BFFF0023CF
:10A58000BB653B6D07F11809002B3ED0484612F021
:10A59000A7FC4846C7F8088012F0A2FC5C213846A8
:10A5A00014F0E8FE64203461F7F748FA3069A8B186
:10A5B0000368234A1B6B93420DD1036DA3B10123A2
:10A5C0002B701BB0BDE8F0831E48F2F7B3FF44F2D6
:10A5D00002231D4A79E798470028F0D11B4B01223E
:10A5E0001A701BB0BDE8F083436D002BE7D1F5E78F
:10A5F000199C002C7FF471AF0AAF90E77B6D002BA4
:10A60000ACD1AFE738469047ACE77B6D002BBDD1AE
:10A61000BFE738469847C5E704180020B2860120F6
:10A62000D28601200006012070320020CC320020AA
:10A630004C32002078B800203966000039710000E3
:10A64000C1650000385C0120100D01208D860120BD
:10A65000343100202DE9F84F3D4E3378002B00F0C7
:10A66000458200203B4C3C4B43F23901206018608E
:10A67000F1F76EFCDFF800B12068DFF800910BF114
:10A68000200A0230DFF8F880344F354D20603BF966
:10A69000021FF1F75DFC206839F9021F02302060CB
:10A6A000F1F756FC206838F9021F02302060F1F7FC
:10A6B0004FFC206837F9021F02302060F1F748FC98
:10A6C000206835F9021F02302060F1F741FC236851
:10A6D000D34503F102002060D9D1181D214B224D32
:10A6E0004FF0000919782060F1F7DEFC206805F1D1
:10A6F0001E071E4BC8460130B3F900102060F1F769
:10A7000027FC1B4A1B4B11682068A3FB0131023058
:10A71000C1F387312060F1F7C7FC20682978013048
:10A720002060F1F7C1FC206815F8013B00210130E1
:10A73000206033B9BD4225D04FF0010985F8008073
:10A74000EFE7BD421ED0B9F1000FF5D12978E8E757
:10A75000B2860120D00A012098D70020FAD5002027
:10A76000D6D500205CB80020C8BE0020BCCC00209C
:10A77000C0B7002073B2E74542D600201ED60020A5
:10A78000B2D50020A74BA84DD3ED007A05F10807FC
:10A79000FCEEE77A17EE903A19B2F1F7D9FB206890
:10A7A000A24B0230B3F900102060F1F7D1FB206812
:10A7B0009F4B023019782060F1F776FC20689D4BA2
:10A7C000083019782060F1F76FFC20689A4B01304F
:10A7D00019782060F1F768FC2068984B01301978EF
:10A7E0002060F1F761FC2068954B013019782060FA
:10A7F000F1F75AFC2068934B013019782060F1F78B
:10A8000053FC2068904B013019782060F1F74CFC24
:10A8100020688E4B013019782060F1F745FC2068E4
:10A820008B4B013019782060F1F73EFC2068013035
:10A83000206015F8011FF1F737FC2068AF4200F1E6
:10A8400001002060F5D1834B834D1978F1F72CFC82
:10A850002068824B05F10807013019782060F1F774
:10A8600023FC20687E4B013019782060F1F71CFC36
:10A8700020687C4B013019782060F1F715FC2068C6
:10A88000794B013019782060F1F70EFC2068013017
:10A89000206015F8011FF1F707FC2068BD4200F1A8
:10A8A00001002060F5D1714B714DB3F90010F1F743
:10A8B0004FFB20686F4B6F1D023019782060F1F755
:10A8C000F3FB20686C4B013019782060F1F7ECFB4A
:10A8D00020686A4B013019782060F1F7E5FB2068A9
:10A8E000674B013019782060F1F7DEFB2068654B7B
:10A8F000013019782060F1F7D7FB2068624B0130F6
:10A9000019782060F1F7D0FB2068604B033019788C
:10A910002060F1F7C9FB20680230206015F8011BA8
:10A92000F1F7C2FB2068BD4200F101002060F5D1C3
:10A93000574B584D1978F1F7B7FB2068564B01304B
:10A9400019782060F1F7B0FB2068544B013019787A
:10A950002060F1F7A9FB2068297801302060F1F729
:10A96000A3FB2068697801302060F1F79DFB206827
:10A97000A97801302060F1F797FB2068E978013071
:10A98000474D2060F1F790FB206829780130206066
:10A99000F1F78AFB2068697801302060F1F784FBC9
:10A9A0002068A97801302060F1F77EFB2068E97803
:10A9B00001302060F1F778FB20683A4B01301978BC
:10A9C0002060F1F771FB2068374B01301978206067
:10A9D000F1F76AFB2068354B013019782060F1F7F8
:10A9E00063FB2068324B013019782060F1F75CFB83
:10A9F0002068304B0130B3F900102060F1F7A8FA5D
:10AA000020682D4B0230B3F900102060F1F7A0FA56
:10AA100020682A4B023019782060F1F745FB206846
:10AA20004EE000BFA8BB00206FBE00200E860120B4
:10AA3000DECC002007CD0020DCCC0020E1CC0020C3
:10AA4000FBCC002009CD0020DB86012006CD0020B4
:10AA5000DACC002005CD0020BFBE0020F6CC0020BF
:10AA6000AB860120D9860120DBCC0020488601205E
:10AA700054D50020FCCC0020F0CC0020E58601203D
:10AA8000E5CC0020DDCC0020D48601207886012092
:10AA900077860120DC7A0120E0CC0020738601203B
:10AAA000805C01207A8601208A860120CC860120E4
:10AAB0000CCD0020C6CC0020C8CC00207B86012015
:10AAC0000E4B013019782060F1F7EEFA20680C4B3C
:10AAD000013019782060F1F7E7FA23680133236029
:10AAE000F1F75CFB337823B9BDE8F88FFFF7D4FCAE
:10AAF000B7E5BDE8F84FEFF7D7BE00BFE4CC0020C4
:10AB0000E3CC002010B5194C23780E2B29D9184B13
:10AB10001B78EBB11748DFED186AD0ED007A1749C2
:10AB200086EEA77A164A0B6810681B1A07EE903A51
:10AB3000144BF8EE677AF4EEC77AF1EE10FA0CDDFA
:10AB40001878096880F001001160187018B910BDFC
:10AB50000C4B01221A70207810BD18780028F6D00E
:10AB6000F9E714232370FFF775FDD0E7F0CC002040
:10AB7000A6860120E4B5002000007A44E485012087
:10AB8000F480012011CD002010B50021032014F025
:10AB900025FE0021042014F021FEFFF7B3FF01463B
:10ABA000022014F01BFE264B1B7873B1254B1B783B
:10ABB000012B02D0244B1B7853BB244B1B78002B5A
:10ABC0002DD1234B1B78002B2FD02248F6F7A6FF60
:10ABD0002148F6F7A3FF214B1B78ABB12049012494
:10ABE0002048F7F70BFE204B1C70FBF7F1FB1F4BC7
:10ABF0001F4A1B78147013B1124B1B7803B110BDA0
:10AC0000BDE81040FEF7B8BF1A48F6F787FFE5E742
:10AC10001520F7F727F80D4B1B78002BD1D0E9F75B
:10AC2000F3FF0B4B1B78002BCFD113491348F7F7D9
:10AC3000E5FD1348F6F772FF1248F6F76FFFC4E719
:10AC4000A786012078860120DBCC0020D986012050
:10AC500085860120F02B0020FC2B0020748601202B
:10AC6000C8BE0020382A0020EECC00200ACD0020EB
:10AC7000A8860120142C002078850120A82500201A
:10AC800000BF00208C20002010B50024094A0A4B88
:10AC90000220214614701C7014F0A0FD21460320F0
:10ACA00014F09CFDFFF72EFF01460420BDE8104084
:10ACB00014F094BDA7860120A88601202DE9F84351
:10ACC0007A4C2378002B00F0BF80794B1B78002B47
:10ACD00040F0BA80774D2B78002B40F0B780764B50
:10ACE0001B78002B00F0DA8074480026F6F716FF78
:10ACF000734B744A1E70744B12681E70734B1A604B
:10AD0000734B1E60EEF732FC724B1B78002B40F049
:10AD1000AC80714B1B78002B40F0A48000210420F4
:10AD200014F05CFD002102206C4E14F057FDFFF77B
:10AD3000E9FE0146032014F051FD0022684801237A
:10AD4000327002702178674A2B701370002974D01A
:10AD5000654B1B78002B70D064480378F92B6CD8B6
:10AD6000591C634A0724C9B2FA2922F8114000F09D
:10AD70009980991CC9B2FA2922F8114000F09280FA
:10AD8000D91CC9B2FA2922F81140017055D0191DF9
:10AD90000624C9B2FA2922F8114000F08380591D17
:10ADA000C9B2FA2922F811407CD01919C9B2FA297E
:10ADB00022F81140017040D0D91D0224C9B2FA29ED
:10ADC00022F811406ED003F10801C9B2FA2922F825
:10ADD000114067D003F10901C9B2FA2922F81140E4
:10ADE00001702AD003F10A010824C9B2FA2922F815
:10ADF000114057D003F10B01C9B2FA2922F81140D2
:10AE000050D003F10C01C9B2FA2922F811400170A7
:10AE100013D003F10D012224C9B2FA2922F81140FE
:10AE20000AD003F10E01C9B2FA2922F8114003D069
:10AE30000F33D9B222F811400170FAF7A5FB0023B5
:10AE40002C492D4A0B601370BDE8F8831E4B1B780C
:10AE5000002BF9D0FFF756FE01460320BDE8F8436A
:10AE600014F0BCBCE9F792FE58E7DFF898804FF089
:10AE70000109224F142088F80090F6F7F3FE3B7882
:10AE8000002B3FF446AF4FF47A70EFF72DFF387880
:10AE900088F80090F6F7E6FE3E703AE71848F6F7B5
:10AEA0003DFE21E7FA230370C7E700BFB18601200A
:10AEB0000BCD0020A786012085860120142C0020C0
:10AEC00074860120E4850120A6860120D8DA0020BE
:10AED00078D90020DBCC0020D9860120A88601206B
:10AEE000C88601208E86012076860120BA86012040
:10AEF00038020120EC7A0120985C01207F86012035
:10AF0000182B00208F86012008B5164B1A7862B9DD
:10AF10000122154962201A700A70F6F7A3FE134940
:10AF20001348BDE80840F7F769BC00220E4911201C
:10AF30001A700A70F6F796FE0E490D48F7F75EFC98
:10AF40000D4B1B783BB90D4B1B7803B908BDBDE811
:10AF50000840FFF7B3BEFFF717FE084B1B78002B26
:10AF6000F4D0F4E774860120A6860120282400206E
:10AF70003424002028170020A8860120A78601205D
:10AF8000124B1822124810B500241A70F6F7C6FDAD
:10AF90000220F0F743FA0F4A0F4B214614701C7041
:10AFA00014F01CFC2146032014F018FCFFF7AAFD46
:10AFB0000146042014F012FC084A09490420094BF8
:10AFC0001460012208701A7010BD00BF8586012030
:10AFD00068CC0020A7860120A8860120BCBE0020E6
:10AFE000848601208786012038B5012130480DF084
:10AFF000ABFF2F480DF034FF2D480DF015FF012158
:10B000002B480DF063FF012329481A4619460DF01D
:10B0100063FD284B284A0121284C294DD3E9000320
:10B02000424083F0FE0322480DF09EFD254B6168EF
:10B030002A68A3FB02326423920C03FB02F26368CA
:10B040005B1A9A42FBD8052119480DF02FFC1848CD
:10B050000DF0CEFC16480DF001FC15480DF0F4FB88
:10B060006068184B64242A681449A3FB0232920CCE
:10B0700004FB02F24B681B1A9A42FBD80024124AC6
:10B08000124B0220214614701C7014F0A7FB2146BD
:10B09000032014F0A3FBFFF735FD0146042014F054
:10B0A0009DFB0B4906200B4B012208701A7038BD1E
:10B0B0003C05012088B20020BBADFEAD001000E0D1
:10B0C000C0B6002083DE1B43A7860120A88601208E
:10B0D00084860120E2860120F8B51A4900231A4A25
:10B0E0001A4D1B4C13700B7001211A4A23702B78D8
:10B0F000194E11708BB9337823B9184F13703B7800
:10B100001BB9F8BD154F3B78ABB124F04DFF0023C0
:10B1100013492A783B700B7052B106220023114864
:10B1200011492270114A03700B701370FFF75CFF16
:10B130003378002BE5D00E4904200E4B0122087015
:10B140001A70F8BDBB860120AC86012078860120EC
:10B1500084860120E586012077860120E286012091
:10B1600089860120B1860120768601208086012013
:10B170000FCD0020A986012030B5072387B0134CDE
:10B18000134D0DF1040C2B700FCCACE80F002368AD
:10B1900001A81A0C2CF8023B8CF80020F6F7BEFC34
:10B1A0000C4BF22103F1200223F8021F9342FBD142
:10B1B000002306200849094A28700B701370FFF716
:10B1C00049FAF9F7CDF907B030BD00BF00170020EC
:10B1D000858601200A5C0120878601208486012063
:10B1E0002DE9F84F1E4B04461B78002B00F081839D
:10B1F00004EB44001B4ADFF87CB080021278A0F513
:10B200002060CBF80000002A40F06E8382B2164B1B
:10B210002A2100251A80154A2F461170F0F744FFA5
:10B22000134ADBF8000014461178013002F11E06C3
:10B23000CBF80000F0F738FFDBF8000014F8012B22
:10B2400000210130CBF8000022B9B44214D001250E
:10B250002770EFE7B4420FD0002DF8D12178E9E74D
:10B26000B2860120D286012044860120AE860120CC
:10B2700034B80020D00A0120D24DDFF8C093DFF8A7
:10B28000C08305F1100AD04FD04E0024295DF0F79D
:10B290000BFFDBF8000019F804100130CBF80000B8
:10B2A000F0F702FFDBF8000018F804100130CBF8CB
:10B2B0000000F0F7F9FEDBF80000395D0130CBF853
:10B2C0000000F0F7F1FEDBF80000315D11340130D1
:10B2D000CBF80000F0F7E8FEDBF80000442C00F1AA
:10B2E0000100CBF80000D1D1013509F1010908F1C5
:10B2F00001080137554506F10106C6D1B44D05F5E3
:10B300000876A5F1110414F8011FF0F7CDFEDBF863
:10B310000000AC4200F10100CBF80000F3D104F1D1
:10B320001105B542EDD1AB4D05F5AA76A5F1440462
:10B3300054F8041FC9B2F0F7B7FEDBF80000AC42C6
:10B3400000F10100CBF80000F2D104F14405B54250
:10B35000ECD1A14D05F15506A5F1110414F8011F1A
:10B36000F0F7A2FEDBF80000AC4200F10100CBF8E0
:10B370000000F3D104F11105B542EDD1974A984C84
:10B380001178F0F791FEDBF80000964A04F1100501
:10B390000130B2F90010CBF80000F0F7D9FDDBF86E
:10B3A0000000914A02301178CBF80000F0F77CFEE3
:10B3B000DBF800008D4A01301178CBF80000F0F77F
:10B3C00073FEDBF800000130CBF8000014F8011F19
:10B3D000F0F76AFEDBF80000AC4200F10100CBF8A8
:10B3E0000000F3D1824A834CB2F90010F0F7B0FDAF
:10B3F000DBF80000251D0230CBF8000014F8011B1B
:10B40000F0F752FEDBF80000AC4200F10100CBF88F
:10B410000000F3D1784A794CB2F90010F0F798FDAA
:10B42000DBF80000764A04F110050230B2F9001092
:10B43000CBF80000F0F78CFDDBF80000714A023019
:10B440001178CBF80000F0F72FFEDBF80000013098
:10B45000CBF8000014F8011FF0F726FEDBF800001F
:10B46000AC4200F10100CBF80000F3D1664C251D81
:10B4700014F8011BF0F718FEDBF80000AC4200F1F5
:10B480000100CBF80000F3D1604A614C1178F0F76D
:10B490000BFEDBF800005F4A04F11005013092ED6D
:10B4A000000ACBF80000F0F73DFADBF800005A4A3A
:10B4B00004301178CBF80000F0F7F6FDDBF800005F
:10B4C0000130CBF8000014F8011FF0F7EDFDDBF8B8
:10B4D0000000AC4200F10100CBF80000F3D14F4D69
:10B4E00005F1B006A5F10A0414F8011FF0F7DCFD20
:10B4F000DBF80000AC4200F10100CBF80000F3D112
:10B5000004F10B05B542EDD1454D05F15506A5F108
:10B51000110414F8011FF0F7C7FDDBF80000AC427E
:10B5200000F10100CBF80000F3D104F11105B542A0
:10B53000EDD13C4D05F15506A5F1110414F8011F9C
:10B54000F0F7B2FDDBF80000AC4200F10100CBF8EF
:10B550000000F3D104F11105B542EDD1324DAE1D1D
:10B56000A5F1300414F8061BF0F79EFDDBF800008F
:10B57000A54200F10100CBF80000F3D10135AE4245
:10B58000EED12A4C04F1080514F8011FF0F78CFDE8
:10B59000DBF80000A54200F10100CBF80000F3D178
:10B5A000234A244C1178F0F77FFDDBF80000224A93
:10B5B00001301178CBF80000F0F776FDDBF80000E1
:10B5C00021783FE045ED00201DEE002075EE0020C3
:10B5D000D0EE0020507B0120C05B012000CD002078
:10B5E000635C0120C2CC0020F4CC0020E6CC00201B
:10B5F0003E860120C4B7002040860120ABB7002062
:10B600000A86012007CD002014D70020E2CC0020BC
:10B6100083D7002044B7002072860120F1B50020B6
:10B620003CD70020FCD8002034ED002087D4002037
:10B630000ACD0020F7CC0020F8CC0020C5ED00207A
:10B640006DD500200130CBF80000F0F72DFD2278F9
:10B650000F2A01D90F222270DBF80000A84A02301D
:10B66000A84CB2F90010CBF80000F0F771FCDBF841
:10B67000000004F10805A44A02301178CBF800005C
:10B68000F0F712FDDBF80000A04A01301178CBF88A
:10B690000000F0F709FDDBF800009D4A0130117849
:10B6A000CBF80000F0F700FDDBF800000130CBF82C
:10B6B000000014F8011FF0F7F7FCDBF80000A542CA
:10B6C00000F10100CBF80000F3D1924A924CB2F99C
:10B6D0000010F0F73DFCDBF80000251D0230CBF830
:10B6E000000014F8011BF0F7DFFCDBF80020AC428F
:10B6F00002F10100CBF80000F3D102F10D04CBF808
:10B700000040F0F7E1F8854A2046854CB2F9001078
:10B71000F0F71EFCDBF80000824A04F1100502304D
:10B72000B2F90010CBF80000F0F712FCDBF80000D3
:10B730007D4A02301178CBF80000F0F7B5FCDBF859
:10B7400000007A4A0130B2F90010CBF80000F0F79F
:10B75000FFFBDBF800000530CBF8000014F8011FF8
:10B76000F0F7A2FCDBF80000AC4200F10100CBF8DE
:10B770000000F3D16B4E694C06F1160536F9021B39
:10B78000F0F7E6FBDBF8000034F9021B0230CBF8DF
:10B790000000F0F7DDFBDBF80000B54200F102002D
:10B7A000CBF80000EAD1624C624E634F04F104080A
:10B7B000624D4FF0000935F9391009F10109F0F730
:10B7C000C7FBDBF80000B9F1110F00F10200CBF864
:10B7D0000000F0D14FF0000917F8291009F1010914
:10B7E000F0F762FCDBF80000B9F10D0F00F1010089
:10B7F000CBF80000F0D14FF0000916F8291009F13C
:10B800000109F0F751FCDBF80000B9F10F0F00F16E
:10B810000100CBF80000F0D14FF0000914F8291016
:10B8200009F10109F0F740FCDBF80000B9F11A0F4B
:10B8300000F10100CBF80000F0D1013401360137EE
:10B840000235A045B5D13E4C04F1080514F8011F9E
:10B85000F0F72AFCDBF80000A54200F10100CBF86C
:10B860000000F3D1374A384D1178F0F71DFCDBF8B2
:10B870000000364A2E1D01301178CBF80000F0F799
:10B8800013FCDBF800000130CBF80000002415F8B1
:10B8900024100134F0F708FCDBF80000122C00F152
:10B8A0000100CBF80000F2D10135AE42EED1284CB8
:10B8B00004F12A0514F8011FF0F7F6FBDBF800008D
:10B8C000A54200F10100CBF80000F3D1F0F766FCCF
:10B8D000204ADBF8003010881F4A20491B1A1278D2
:10B8E0000B804AB9BDE8F88F00221046CBF8002043
:10B8F0008DE4FEF7D1FD7BE4BDE8F84FEEF7D4BF51
:10B9000042860120B3B60020E9CC0020EACC00201A
:10B91000E8CC00201A860120E0B5002040BE0020BF
:10B9200097B6002058BE0020D5860120C0CC00204C
:10B93000480B0120380C0120740C0120B00B0120B1
:10B94000F3F00020A9860120000B0120C986012008
:10B95000D30A012044860120B286012020860120DE
:10B96000431E044A00215A2B116001D8FFF738BC4E
:10B97000704700BF98D700200749002208B5086823
:10B98000064B1A60431E5A2B01D8FFF729FCBDE86D
:10B990000840FAF70BBA00BF5CB8002098D7002027
:10B9A000124A134B30B5156887B00022114C0DF1C7
:10B9B000040C05F1FF3E1A60BEF15A0F0FCCACE843
:10B9C0000F0023688CF8003002D82846FFF708FCE7
:10B9D000094B1F2201A81A70F6F7A0F8074B0022A6
:10B9E0001A60F8F7BDFD07B030BD00BF5CB800209D
:10B9F00098D70020481700208586012080D9002094
:10BA00000138164B4FF0200C00EB800210B500EB14
:10BA10004200134C4FF0000E1A1803F800C0605C8F
:10BA200082F801E068B104EB010C00E048B110704D
:10BA30001CF8010F02F801EFACEB04035B1A0A2BB0
:10BA4000F4D108490022084B08681A60431E5A2B9B
:10BA500003D8BDE81040FFF7C3BB10BDE8B5002018
:10BA6000C05C01205CB8002098D700202DE9F04789
:10BA7000012684B01F4FDFF8808002E00136112ECE
:10BA800035D0334642460C2101A81AF0F3F9394665
:10BA900001A8F1F725FD051EF0DD01A805F1FF392C
:10BAA0001BF0EEFF82463046CA445146FFF7A8FF1E
:10BAB00017F80A3073B107EB0A0C00210AF10103F1
:10BAC00001E00A2906D01CF8014F03EB010A0131FD
:10BAD000002CF6D1D145D1DAC5F101020136202181
:10BAE00007EB090052441BF02FFC112EC9D104B002
:10BAF000BDE8F087C05C01201C2700202DE9F0473D
:10BB0000C6B04322504907A8504E13F097FB5B2262
:10BB10004F492FA813F092FB59224E4918A813F051
:10BB20008DFB4D4B03AC0DF10A050FCB07C496E816
:10BB3000030024F8023B1B0CADF80810090C01901F
:10BB400003A823702970F5F7E9FF07A901A8F6F704
:10BB500055FEF5F707FC4148F5F7E0FF404B414A39
:10BB600078211B781180592B13D02FA93B48F8F767
:10BB7000E7F83D4B012000213C4C4FF4AA721870AD
:10BB80003B4821601BF0E0FB46B0BDE8F047F8F70A
:10BB9000D5BA384A5020384BDFF8F0C014781F88E7
:10BBA0000CF1040604EB04143449DFF8E4E0344DEE
:10BBB0001CF8012BA31802F111091EF8028066453A
:10BBC00051F8233041F82900A3F1500307FB03F398
:10BBD00085FB03A94FEAE373C3EB6903434483F393
:10BBE00008030EF8023002F1220341F8230002F1AB
:10BBF000330302F1440241F8230041F82200D7D177
:10BC000011200024F6F72EF818A91448F8F798F830
:10BC1000154B164801214FF4AA7219702146046091
:10BC200013481BF091FBF8F789FA164A164B106877
:10BC30001C60431E5A2B04D846B0BDE8F047FFF7FE
:10BC4000CFBA46B0BDE8F087A81800201C1C002021
:10BC5000EC18002048190020D01B00207CCC0020CC
:10BC600068D60020148601208E86012078D9002015
:10BC700084D90020DFCC0020C2CC0020107B012022
:10BC8000676666665CB8002098D70020C4B70020BD
:10BC9000645C01202DE9F047494BAAB0494F03AC41
:10BCA0000BAE0DF1540C484D0DF1400E0DF10C0A88
:10BCB0000DF16C08DFF838910FCB07C43F2224F850
:10BCC000023B1B0CADF800202370404C0FCF0FC679
:10BCD0003B6833800FCCACE80F0094E803004CF8CD
:10BCE000040B2CF8021B090C8CF800100FCDAEE8E9
:10BCF0000F002B682EF8023B1B0C8EF800309AE8E0
:10BD00000F00A8E8070032490DF17A00A8F80030CA
:10BD10001BF004FCBDF800300380D9E90032134366
:10BD20002ED02C4B07AC2C4D0FCB07C495E803004D
:10BD300024F8023B1B0CADF80810090C019007A871
:10BD400023708DF80A10F5F7E9FE1BA901A8F6F794
:10BD500055FDF5F707FB2148F5F7E0FE204B78226B
:10BD60001A80204B1B78592B11D010A91B48F7F7CC
:10BD7000E7FFF7F7C7FB2AB0BDE8F047F7F7E2BBEC
:10BD800015A91648F7F7DCFF2AB0BDE8F087164979
:10BD90000022002308680021C9E90023431E134A3A
:10BDA0005A2B116001D8FFF71BFA0BA90B48F7F7C4
:10BDB000C7FFF7F7A7FB2AB0BDE8F047F7F7C2BB0C
:10BDC000701300208013002094130020A81300207B
:10BDD00034B80020D01B00201C1C002088CB002081
:10BDE0001486012068D600205CB8002098D7002077
:10BDF00088D400202DE9F04F544BB1B0DFF87CA17E
:10BE000004AC10AE524D0DF1540E0DF16C0C0CAF94
:10BE10000DF1840BDFF86891DFF868810FCB07C460
:10BE200023803F234B4CADF80430BAE80F000FC617
:10BE3000DAF8003033700FCDAEE80F0095E803005C
:10BE40004EF8040B8EF800100FCCACE80F0094E80D
:10BE50000300414B4CF8040B2CF8021B090C8CF826
:10BE600000100FCB87E80F0004AB0FCBABE8070047
:10BE70003A490DF191008BF800301BF04FFBBDF8F3
:10BE800004300380D9E90032D8E900018A4208BFB2
:10BE9000834253D013434AD0314B08AC314D0FCBC2
:10BEA00007C495E8030024F8023B1B0CADF80C1006
:10BEB000090C029008A823708DF80E10F5F72EFEDD
:10BEC00021A902A8F6F79AFCF5F74CFA2648F5F7EF
:10BED00025FE264B264A78211B781180592B0AD043
:10BEE00015A92148F7F72CFFF7F70CFB31B0BDE897
:10BEF000F04FF7F727BB4820F5F7B4FE1D49D9E905
:10BF0000002308680021C8E90023431E1A4A5A2B5F
:10BF1000116001D8FFF764F910A91348F7F710FF73
:10BF2000F7F7F0FA31B0BDE8F04FF7F70BBB394641
:10BF30000D48F7F705FF31B0BDE8F08F1BA90A489F
:10BF4000F7F7FEFE31B0BDE8F08F00BFAC12002065
:10BF5000BC120020D4120020EC12002034B80020C3
:10BF6000D01B00201C1C002088CB002068D600209D
:10BF7000148601205CB8002098D70020FC12002015
:10BF800080D4002088D4002070B5A049AAB0002435
:10BF900043F274239E4E01A8224609780B94CDE902
:10BFA0000734CDE90944E7F79DFB2246317804A820
:10BFB000E7F798FB974B1D78002D3ED0964D2B88C8
:10BFC0000D2B12D8013B0C2B00F28882DFE813F016
:10BFD000D10099009100F200D90015018A007A0081
:10BFE0006B0073004F004300FA00C82B2FD0B3F54D
:10BFF000C87F20D1894907A8F6F700FC8849894BFA
:10C0000008681C60431E884A5A2B147001D8FFF739
:10C01000E7F81120F5F726FE8448F5F77FFD844800
:10C02000F5F77CFD834907A8F6F7E8FB824B002271
:10C030001A70FAF705F92AB070BD7C48F5F76EFD65
:10C040007B48F5F76BFD784B1D702AB070BD4FF43F
:10C05000C8732B80EFE7794B1B78002BEBD1784B23
:10C060001B78DB0600F1F281C8232B80E3E73078F0
:10C0700000237449744A084412F8011F00F8231081
:10C0800001330F2BF8D1714B4FF47A726421704851
:10C090001A80F8F705F86F4A012068496E4B12685C
:10C0A00008701A6004E0664B1B781A0700F13F81A4
:10C0B0000C232B80BFE7614B1B78002BBBD10B23DC
:10C0C0002B80B8E7307800236449654A084412F8A9
:10C0D000011B00F8231001330D2BF8D1614B09220D
:10C0E000614C5DE0614B1B78002BA4D108232B80B1
:10C0F000A1E7534B1B78980700F1D08006232B80D3
:10C1000099E7347800235A4E013C5A4A06EB440022
:10C1100032F8021B20F8331001330C2BF8D1514AAE
:10C1200004F130005049544BB1F800C0118861440B
:10C13000B3F800C089B226F810C004F13400B3F897
:10C1400002C0118026F810C04C4A988804F13803C8
:10C1500026F8130004F13C031088403426F813003D
:10C1600053883B4826F8143003232B80F7F798FFB9
:10C1700061E7434B1B78002B7FF45DAF02232B80DC
:10C1800059E7307800233F493F4A084412F8011F1D
:10C1900000F8231001331A2BF8D1324B0622324C0F
:10C1A000198824882A4821442A8089B21980F7F7FF
:10C1B00077FF40E7354B1B78002B7FF43CAF05231E
:10C1C0002B8038E7324B1B78002B7FF434AF30786C
:10C1D0003049314A084412F8011F00F82310013396
:10C1E000122BF8D11F4B204A198812881848114485
:10C1F00089B21980F7F754FF36E7114B1B785907BE
:10C2000000F1DC8009232B8015E700BFDFCC002084
:10C21000F2CC0020D08601204A860120082A002086
:10C220005CB8002098D70020848601200CAE002046
:10C2300034290020D8AB002075860120C486012057
:10C24000E3860120370C0120630501203A86012096
:10C250001CAE0020E485012014050120730C012090
:10C26000740501202E86012022860120C58601202A
:10C27000B00B0120380101202801012030010120EC
:10C28000C3860120470B01200B010120C28601203B
:10C29000C1860120FF0A012043D80020934E0CAC38
:10C2A0000FCE0FC496E80F0007C4238001A9904C5D
:10C2B0000DF14E001BF032F9034607CC9A6022883C
:10C2C000186003F10E00596004A99A811BF036FB37
:10C2D0000CA907A8F6F792FA8649874B4FF47A70B3
:10C2E000864A088001211B781170CBB1844B1B78E2
:10C2F000B3B1844B1978F92912D84A1C8248122408
:10C30000D2B2FA2A20F8124009D08A1CD2B2FA2AF4
:10C3100020F8124003D00331CAB220F812401A703C
:10C320007A4A04217A4B126829801A6083E6794E92
:10C330000CAC0FCE0FC496E80F00774E84E80F00C8
:10C3400001A914A81BF0EAF804460FCEA260E3602E
:10C35000206004F10F00616004A91BF0EFFA0CA942
:10C3600007A8F6F74BFA6D49634B4FF47A706C4AA5
:10C37000088001211B781170CBB1614B1B78B3B1E0
:10C38000604B1978F92912D84A1C5F480F24D2B2A1
:10C39000FA2A20F8124009D08A1CD2B2FA2A20F8D0
:10C3A000124003D00331CAB220F812401A70574A23
:10C3B0000A215C4B126829801A603CE65A4E0CAC8C
:10C3C0000FCE0FC496E80300534E84E8030001A982
:10C3D0000DF147001BF0A2F804460FCEA260E36007
:10C3E000206004F10F00616004A91BF0A7FA0CA9FA
:10C3F00007A8F6F703FA4D493F4B4FF47A704C4AC1
:10C40000088001211B781170CBB13D4B1B78B3B173
:10C410003C4B1978F92912D84A1C3B480C24D2B25B
:10C42000FA2A20F8124009D08A1CD2B2FA2A20F83F
:10C43000124003D00331CAB220F812401A70334AB6
:10C4400007213C4B126829801A60F4E53A4E0CAC87
:10C450000FCE0FC496E8070084E80700244C01A91A
:10C4600013A81BF05BF8034607CC9A60228818607B
:10C4700003F10E00596004A99A811BF05FFA0CA920
:10C4800007A8F6F7BBF92D491B4B4FF47A702C4ADD
:10C49000086001211B781170CBB1194B1B78B3B127
:10C4A000184B1978F92912D84A1C17481B24D2B204
:10C4B000FA2A20F8124009D08A1CD2B2FA2A20F8AF
:10C4C000124003D00331CAB220F812401A700F4A4A
:10C4D0000D211C4B126829801A60ACE51A4B1B78A1
:10C4E000DC0733D403232B80A5E500BF50270020B1
:10C4F0004027002024860120B1860120C286012029
:10C5000076860120BA86012038020120E4850120C8
:10C510000801012098270020882700203A86012062
:10C52000C4860120140501207027002030860120D8
:10C53000C586012018050120BC270020A8D70020AF
:10C54000C1860120ACD70020E3860120244E0CAC2C
:10C550000FCE0FC496E8030044F8040B0DF145001C
:10C56000217001A91F4C1AF0D9FF034607CC9A602D
:10C570002288186003F10E00596004A99A811BF00B
:10C58000DDF90CA907A8F6F739F91749174B4FF44D
:10C590007A70174A088001211B781170CBB1154BB6
:10C5A0001B78B3B1144B1978F92912D84A1C1348D7
:10C5B0000924D2B2FA2A20F8124009D08A1CD2B239
:10C5C000FA2A20F8124003D00331CAB220F81240F0
:10C5D0001A700B4A01210B4B126829801A602AE558
:10C5E000282700204027002026860120B186012030
:10C5F000C386012076860120BA86012038020120F8
:10C60000E4850120340101200D4B1B7810B59BB14E
:10C61000FEF720F80B480C4A00240C4B00681B68FE
:10C620001460421E0A49023B5A2A0B8003D8BDE817
:10C630001040FEF7D5BD10BDFDF72EFFE8E700BFA7
:10C64000B28601205CB8002098D70020D00A0120D3
:10C650001C8601202DE9F0470022B6B0AD48AE4956
:10C6600001AB0478ADF82320CDF80F20CDF81320CE
:10C67000CDF81720CDF81B20CDF81F2007C903C324
:10C68000110C23F8022B1970002C40F04081FDF7AB
:10C6900003FF0023A14A0DF105006F244E211D4622
:10C6A00001E010F8014F01331170214602F8015FDB
:10C6B0009BB2002C18BF1D2B14BF01240024F0D105
:10C6C000B02297490AA8DFF810A312F0B7FDDFF8EF
:10C6D0000C935522DFF80883924F9625924E4FF027
:10C6E000780E4FF05A0C3C201E21A2F144030AF8A8
:10C6F000035009F803E008F803C0F854F15411336B
:10C700009342F4D1642B03F10102EED1874B002256
:10C7100003F508711A60113343F80D2C43F8092C06
:10C7200043F8052C8B42F5D1814A502102F5AA70BD
:10C73000A2F1400343F8041F9342FBD103F14402EA
:10C740008242F5D17B4B03227B481A7000237B4940
:10C75000DAB20133102B00F8012F01F8012FF7D1C5
:10C76000774B002077490AAA03F1B006C1E900001F
:10C77000C1E902000B33156850680B3232F8031C14
:10C78000B34243F80B5C43F8070C23F8031CF1D1C8
:10C790006D4B4FF0323203F144011A60113343F80C
:10C7A0000D2C43F8092C43F8052C8B42F5D1674B2F
:10C7B0004FF0023203F144011A60113343F80D2C9B
:10C7C00043F8092C43F8052C9942F5D1604A4FF003
:10C7D0007F30604BC2E90000C2E90200991D0022CF
:10C7E00003F8012B8B425A71DA725A74DA755A7750
:10C7F00083F8232083F82920F2D157480022574993
:10C8000005785748062D574D4A60056018BF01242A
:10C81000554816BF1E2632260225047008BF0F2574
:10C820005248534C0670534822800024057000255E
:10C830005148524B02805248C0E900455148524C81
:10C8400002706422514822704B24514A04703220F5
:10C85000504C1070504A51480C6003F14401106074
:10C860004FF064321A60113343F80D2C43F8092C51
:10C8700043F8052C9942F5D149480024494A05213D
:10C88000494B04603220118003F11604474A40F2FC
:10C89000DC5123F8020BA34222F8021BF9D14448D1
:10C8A0000624444A444B454904701A600E1D444C0A
:10C8B0000022444D4448002320F833200133112B3B
:10C8C000FAD1002305F8232001330D2BFAD10023E0
:10C8D00004F8232001330F2BFAD1002301F8232081
:10C8E00001331A2BFAD10131013401350230B14242
:10C8F000E1D1364A364B92E8030083E80300F9F7AA
:10C9000023F9344B2A221A7036B0BDE8F087EDF7D0
:10C91000CBFFBCE6B2860120F80C002034B8002022
:10C920001C0D00200CEE002064EE0020C0EE002064
:10C930004C7B012000CD0020ABB7002097B6002033
:10C94000E8B5002084D700203DD70020FDD8002086
:10C95000645C012004ED002085860120B4B600202F
:10C96000C4B70020000102030ACD0020F8CC00204B
:10C970003E860120F7CC002040860120B05B0120DC
:10C9800088D40020D8860120E8CC0020E9CC002003
:10C99000EACC002001020400E0B5002004050607EF
:10C9A00014D70020C2CC002058BE002040BE00207A
:10C9B00072860120CDCC244144B70020480B0120D1
:10C9C000380C0120740C0120B00B0120142700202A
:10C9D000F4F00020AE86012034ED0020B4ED0020FC
:10C9E0005CD500202DE9F04F934B9FB0934E00246F
:10C9F0000DF1340915ADDFF80CA30DF1140CDFF8BF
:10CA000008B30DF1080E09AF4FF0780893E8030062
:10CA1000CDE90F4489E803000FCE0FC50FCE0FC537
:10CA20003368CDE91144CDE913442B709AE80F0027
:10CA3000ACE807002CF8023B1B0C9BE807008CF8C5
:10CA400000307F4BAEE803008EF800200FCB07C705
:10CA500027F8023B1B0C3B707A4B93E80300ADF8C0
:10CA60000410090C009009A88DF80610F5F756F887
:10CA700015A96846F5F7C2FEF4F774FC7248F5F79D
:10CA80004DF8724B724A1B78A2F80080592B02D0E5
:10CA90001FB0BDE8F08F05A80227F5F73FF8022187
:10CAA00002A80126F7F7FCFA6A4BDFF860C24FF0E4
:10CAB000040B694A694DDFF858A22E6099E803001B
:10CAC0004FF0140983E80300654B93E80300654BBE
:10CAD000A3F80080644BDFF83C82C3F800C0634BCE
:10CAE00013604FF6FF72624B1C80624B1C80624BDE
:10CAF0001A804FF47842614B1A804FF6E072604B17
:10CB00001A8064225F4B1F705F4B83F800905F4B6D
:10CB10001A7032225E4B1C705E4B1E705E4B1C7096
:10CB20005E4B1E705E4B1E705E4B83E803005E4BD7
:10CB30001A705E4B1E705E4B1C705E4B1E70EEF7E3
:10CB40006DFC5D4A0DF1240C5C4B14805C4A17703F
:10CB50005C4A82F800905C4A16705C4A5C4E147025
:10CB60005C4A17705C4A5D4F14705D4A14700FCBBD
:10CB7000ACE807002CF8023B1B0C8CF8003023F0CB
:10CB80000BFA01234FF000092B6009E0554BC8F860
:10CB900004303B6833602B6801335B2B2B6021D85A
:10CBA000FFF758FD28680134CAF80090431E5A2B3D
:10CBB00001D8FEF715FBA11002A8F7F771FA3B6840
:10CBC00032689B1AB3F57A7FE5D3B8F800304AF2A1
:10CBD00002614BF280429B04D8D4A8F80410A8F854
:10CBE0000420D6E7404B1B781BBBBBF1010BC8D11F
:10CBF00001243E4B022202A81C7064213C4B1A7097
:10CC000003223C4B1A7004223B4B1A703B4BC3F877
:10CC100000B03B4BC3F800B0F7F742FA2C60FDF7C9
:10CC200019FDFDF717FD09A8F4F778FF1FB0BDE85F
:10CC3000F08FEDF739FED8E7CC0D0020CC2800208E
:10CC4000D01B00201C1C0020CCCA002068D600206D
:10CC500014860120C8BE0020A8BB00205CB80020BC
:10CC6000ACB60020BCCC0020C0B7002000407C4403
:10CC70000E860120B2CC0020B6CC0020BECC002015
:10CC8000B8CC002007CD0020DCCC0020E1CC002077
:10CC9000FBCC002009CD0020DB86012006CD002042
:10CCA000DACC002070BE0020F6CC0020AB8601203C
:10CCB000D9860120DBCC0020488601200CAE002064
:10CCC000FCCC0020F0CC0020E5CC0020DDCC002006
:10CCD000747D0120F7CC0020F8CC0020E4850120F1
:10CCE000D586012002A680B4B28601207386012079
:10CCF000CC8601207A860120E0CC0020DC7A01205D
:10CD0000805C0120FCAD00201CAE0020C027090083
:10CD100098D7002000C00B40104B1B7810B5D3B142
:10CD2000FDF798FC0E480F4A00240F4B00681B6863
:10CD30001460421E0D49023B5A2A0B8001D8FEF7AF
:10CD40004FFA0B4B1F220B481A70F4F7E7FEBDE8B1
:10CD50001040F7F705BCFDF79FFBE1E7B286012025
:10CD60005CB8002098D70020D00A01201C86012042
:10CD700085860120F8CB00202DE9F04FB54B87B018
:10CD80000446B54D03AE93E80700631E86E807002E
:10CD9000B2495A2B4FF00002B1480B6828BF01245A
:10CDA0002A60013B0270592B01D901230B60AD4F62
:10CDB000FDF772FB3B78002B00F04084AA4904EB9E
:10CDC0004403AA4A0978AA48AA4C002908BF104679
:10CDD00000EB8320A84B20601880EFF789FA034608
:10CDE0002068A64A01302A2B1370206040F0398455
:10CDF000A34E06F11E07EFF77BFA236806F8010F32
:10CE0000BE4203F101002060F5D19E4FDFF8B4B2BD
:10CE1000DFF8B4A2DFF8B492DFF8B4820026EFF7AF
:10CE200067FA2368B855581C2060EFF761FA236849
:10CE30000BF80600581C2060EFF75AFA23680AF82E
:10CE40000600581C2060EFF753FA236809F8060023
:10CE5000581C2060EFF74CFA236808F806001136DA
:10CE6000581C442E2060DAD10137874B0BF1010B9F
:10CE70000AF1010A9F4209F1010908F10108CDD127
:10CE8000DFF85092DFF85082DFF850A2DFF850B29E
:10CE9000A9F11106D8F810200746002A00F08F8368
:10CEA00013684FEAE07C7948196A814240F0B88300
:10CEB000106D002800F09783BCF1000F00F0B783DD
:10CEC0009B685B4540F0828301220DF10B010EF05F
:10CED00035FA002800F082839DF80B202068134665
:10CEE0009AF8001029B9DBB2296807FB03330B4419
:10CEF0002B60013006F8012F4E452060CAD119F889
:10CF00000E3C102B04D819F80D3C013B0F2B02D915
:10CF1000002309F80E3C09F111095D4B9945B7D181
:10CF20005C4E06F5AA77A6F14405EFF7E1F9236810
:10CF300045F8040FB54203F101002060F5D105F179
:10CF40004406BE42EFD1544E06F15507A6F1110535
:10CF5000EFF7CEF9236805F8010FB54203F10100A0
:10CF60002060F5D105F11106BE42EFD1EEF786FC47
:10CF70002068EFF7BDF9431EDBB20B2B474B00F2E5
:10CF80005A831870206801302060EFF723F983B2CC
:10CF900022684349192B02F10200A8BF192320601F
:10CFA0000B80EFF7A5F93F4B1A784AB901221A70A6
:10CFB000A0F10A033C4ADBB25B2B28BF2A20107089
:10CFC00020683A4E013006F110052060EFF790F925
:10CFD0002368021E364918BF0122581C0A702060BF
:10CFE000EFF786F922680346501CA3F10A0220607D
:10CFF000D2B2EB2A28BF7F2306F8013FAE42EFD121
:10D00000EFF7E8F82B4D23682B4A2F1DA8462E4634
:10D010001080981C2060EFF76BF9236806F8010B6D
:10D02000BE4203F101002060F5D1EFF7D3F821688B
:10D03000224B023118800123216015F8012B102AA0
:10D0400028BF0023BD42F8D1002B4BD11C4BC8F8A0
:10D05000003047E02C12002098D700205CB8002058
:10D06000AD860120B2860120D286012000F6FFFFA6
:10D0700000F4FFFFD00A012044860120AE86012083
:10D0800033B8002045ED002055ED002081710000EF
:10D09000F0F00020507B0120C05B012000CD00207B
:10D0A000C2CC0020F1860120F4CC0020635C01207A
:10D0B000E6CC0020C4B700203E8601204086012037
:10D0C00000010203C5ED00206DD500201DEE0020FB
:10D0D00075EE0020D0EE002078B800208886012070
:10D0E000616E00000846B84EEFF774F82368B74A3F
:10D0F00000250233108018462360EFF7F9F8236803
:10D100000146B34A581C11702060EFF7F1F810285F
:10D1100006F1010694BF06F8010C06F8015C013522
:10D120002068102D00F101002060EED1A94D2E1DC8
:10D13000EFF7DEF803462268042B2B7002F10100A2
:10D1400028BF0023206005F8013BB542F0D1EFF77E
:10D15000CFF823680038A04A03F1010318BF01206B
:10D16000236010701846EEF769FC20689B4B043072
:10D1700083ED000A2060EFF7BBF8431EDBB20F2BF4
:10D18000974B00F2848218702068964D013005F1AB
:10D1900010062060EFF7ACF8021E236818BF0122CA
:10D1A000581C05F8012FB5422060F3D18E4E06F1D0
:10D1B000B007A6F10A05EFF79BF8236805F8010F01
:10D1C000B54203F101002060F5D105F10B06BE4226
:10D1D000EFD1864D034605F15506A5F11107184616
:10D1E000EFF786F8421E2368D2B20133C82A2360C3
:10D1F00028BF322007F8010FAF42F0D107F1110527
:10D20000B542EAD17A4E06F15507A6F11105184646
:10D21000EFF76EF80228236828BF0220013305F8D3
:10D22000010FB5422360F2D105F11106B742ECD1EE
:10D23000704E1846B71DA6F13005EFF759F8236870
:10D2400005F8060BB54203F101002060F5D16E1C14
:10D25000BE42F0D1684D05F10806EFF749F82368A2
:10D2600005F8010FB54203F101002060F5D1EFF799
:10D270003FF823680038614A03F1010318BF012019
:10D28000236010701846EFF733F823685C4A0133C7
:10D29000107018462360EFF72BF80F28594B00F257
:10D2A00002821870206802302060EEF793FF80B28F
:10D2B0009FED557A236807EE900A544A0233F8EE40
:10D2C000676A1080524A18462360C6EE877AC2ED1C
:10D2D000007AEFF70DF8A0F10A03DBB2BE2B4D4B3D
:10D2E00000F2DE811870206801302060EFF700F84E
:10D2F000A0F10A03DBB2BE2B474B00F2CE811870BF
:10D30000206801302060EEF7F3FFA0F10A03DBB2E2
:10D31000BE2B424B00F2BE8118702068404D013098
:10D3200005F108062060EEF7E3FF236805F8010F1A
:10D33000B54203F101002060F5D1EFF7D1F8206884
:10D34000EEF748FF2368374A04250233364E108033
:10D3500018462360EEF7CCFF1F28226806F101066D
:10D3600088BF06F8015C05F1010598BF06F8010CBD
:10D37000501CEDB22060082DECD10D321046226019
:10D38000EEF728FF2368294A0233108018462360ED
:10D39000EEF720FF2368264A0233108018462360E8
:10D3A000EEF7A6FF23680038224A03F1010318BFF5
:10D3B0000120236010701846EEF70CFF1E4B80B260
:10D3C000B0F5E15F3AE000BFACB700200A8601206B
:10D3D00004CD002014D70020E2CC002044B7002068
:10D3E0007286012083D70020F1B500203CD70020B1
:10D3F000FCD8002034ED002087D400200ACD002086
:10D40000F8CC0020F7CC00200000C8424286012062
:10D41000605C0120E9CC0020EACC0020E8CC0020B0
:10D42000B3B600201A860120E0B5002040BE0020DF
:10D4300058BE0020D5860120C0CC002000F22381F8
:10D4400018802068994D053005F110062060EEF730
:10D450004FFF236805F8010FB54203F1010020607A
:10D46000F5D1934D934E05F11607EEF7B3FE236801
:10D4700025F8020B981C2060EEF7ACFE2368BD4235
:10D4800026F8020B03F102002060EED18A4D8B4F8B
:10D49000DFF8588205F10409894E4FF0000AEEF7D3
:10D4A00099FE236826F83A000AF1010A981CBAF19D
:10D4B000110F2060F3D14FF0000AEEF719FF236837
:10D4C00008F82A000AF1010A581CBAF10D0F206071
:10D4D000F3D14FF0000AEEF70BFF236807F82A009C
:10D4E0000AF1010A581CBAF10F0F2060F3D14FF076
:10D4F000000AEEF7FDFE236805F82A000AF1010A8A
:10D50000581CBAF11A0F2060F3D10135013708F128
:10D51000010802364D45C0D16A4D05F10806EEF707
:10D52000E7FE236805F8010FB54203F10100206012
:10D53000F5D1EEF7DDFE23680038634A03F10103FD
:10D54000624E18BF01202360371D10701846EEF799
:10D55000CFFE236801465E4A581C117020600025EA
:10D56000EEF7C6FE236806F825000135581C122D7B
:10D570002060F5D10136BE42F1D1564D05F12A06A3
:10D58000EEF7B6FE236805F8010FB54203F101007E
:10D590002060F5D1EEF750F9EEF796F9EEF70CFFB3
:10D5A0004D4A236811884D4A5B1A1380F7F708FD2E
:10D5B000EDF74AFB0123184607B0BDE8F08FFF22C4
:10D5C0004FF0FF338CE49B685B451FD010460DF194
:10D5D0000B010122984700287FF47EAC2068FF22CF
:10D5E0004FF0FF337CE4506D0028ECD063463A46A0
:10D5F0000CF00CF8D8F81020002AEFD013689B68C4
:10D600005B45E3D1106D00287FF45EAC506D0028BF
:10D610003FF462AC01220DF10B010BF011FF58E455
:10D6200010460022634600923A468847E2E73946B0
:10D630000EF0CCF8DEE702221A70A3E44FF49670E5
:10D64000F4F7FCF9FCF728FF3B78002B7FF4B6AB2E
:10D65000234C96E8070084E80700184607B0BDE8A9
:10D66000F08F204A00261E4B00271F4C07CA03C319
:10D67000110C23F8022B197000231846C4E9006727
:10D6800007B0BDE8F08F4FF496721A80D9E60622F3
:10D690001A7079E564221A703FE664221A702FE648
:10D6A00064221A701FE602221A70FBE597B600206A
:10D6B00058BE002040BE0020480B0120380C01203D
:10D6C000B00B0120F3F00020A9860120000B0120FF
:10D6D000C9860120D30A012044860120208601202A
:10D6E00034B800202012002088D40020740C0120BF
:10D6F0002DE9F047B44CB54D2068DFF8508305F1B3
:10D7000020090230B24FB34EDFF844A32060EEF799
:10D7100061FD236825F8020F981C2060EEF75AFD82
:10D72000236828F8020F981C2060EEF753FD236849
:10D7300027F8020F981C2060EEF74CFD236826F8AE
:10D74000020F981C2060EEF745FD23684D452AF82E
:10D75000020F03F102002060D9D1181D9E4E2060F7
:10D76000EEF7C6FD23683060581C2060EEF732FDEE
:10D7700023689A4A0233108018462360EEF7B8FDFA
:10D780004EF66022964B02FB00F0984200F3718245
:10D79000944B954A1A602068944D013005F11E079C
:10D7A0002060EEF7A5FD236805F8010FBD4203F1E7
:10D7B00001002060F5D1EEF70DFD07EE900A236819
:10D7C000F8EEE77A8A4A981CC2ED007A2060EEF7FC
:10D7D00001FD2368874A0233108018462360EEF764
:10D7E00087FD2368844A0833107018462360EEF7DB
:10D7F0007FFD2368814A0133107018462360EEF7DD
:10D8000077FD23687E4A0133107018462360EEF7D7
:10D810006FFD09287B4B40F22982187020687A4DF1
:10D82000013005F108072060EEF762FD2368021E53
:10D83000764918BF0122581C0A702060EEF758FD87
:10D840002368021E724918BF0122581C0A7020600A
:10D85000EEF74EFD2368021E6E4918BF0122581CC8
:10D860000A702060EEF744FD2368021E6A4918BF63
:10D870000122581C0A702060EEF73AFD0038236838
:10D88000664A18BF01201070581C2060EEF730FD6A
:10D89000236802460135581CA2F119032060072BAA
:10D8A00098BF05F8012CBD42F0D1EEF721FD2368A9
:10D8B00001285B4A03F101035A4DB8BF01202360E0
:10D8C00005F1080710701846EEF712FD2368564A56
:10D8D000A8460133107018462360EEF709FD23684F
:10D8E000021E524903F1010018BF012220600A7094
:10D8F000EEF7FEFC2368021E4D4918BF0122581C9A
:10D900000A702060EEF7F4FC00382368494A18BF1B
:10D9100001201070581C2060EEF7EAFC236808F81C
:10D92000010FB84503F101002060F5D1EEF752FC7C
:10D9300083B2142B404B00F2968118802068DFF8E8
:10D940001481023008F105092060EEF7D1FC1E2891
:10D9500003462068A8BF1E23384A0130012B2060EF
:10D96000B8BF01231370EEF7C3FCFE2803462068FE
:10D97000A8BFFE23324A0130012B2060B8BF01232B
:10D980001370EEF7B5FC2368021E03F1010018BF07
:10D9900001222C4B20601A70EEF7AAFC06280346E1
:10D9A0002068A8BF0623284A0130012B2060B8BF99
:10D9B00001231370EEF79CFC2368021E03F10100A3
:10D9C00018BF012248E000BFD00A012042D6002043
:10D9D000B2D50020FAD500205CB80020BCCC0020D5
:10D9E000DF930400C0B70020E0930400C7BE00200E
:10D9F000A8BB00200E860120DECC002007CD002031
:10DA0000DCCC0020E1CC002070BE0020FBCC00204C
:10DA100009CD0020DB86012006CD0020DACC0020D5
:10DA200005CD0020BFBE0020F6CC0020AB86012033
:10DA3000D9860120DBCC002048860120FCCC0020C8
:10DA4000F0CC0020E5860120E5CC00201ED6002089
:10DA5000D6D5002054D500208C4B20601A70EEF7EC
:10DA600047FC2368021E03F1030018BF0122884B04
:10DA700020601A70EEF73CFC2368021E03F10200DE
:10DA800018BF0122834B20601A70EEF731FC236827
:10DA900008F8010BC14503F101002060F5D1EEF754
:10DAA00027FC2368021EDFF82C8203F101007A4B69
:10DAB00018BF012220601A70EEF71AFC0246206897
:10DAC000764B01301A702060EEF712FC0246206897
:10DAD000734B01301A702060EEF70AFC05280346EC
:10DAE000206828BF0023013088F800302060EEF75E
:10DAF000FFFB052828BF002088F8010020680130BE
:10DB00002060EEF7F5FB052828BF002088F802000A
:10DB1000206801302060EEF7EBFB052828BF0020CD
:10DB200088F803002068DFF8B08101302060EEF74C
:10DB3000DFFB021E236818BF0122581C88F8002052
:10DB40002060EEF7D5FB003818BF012088F80100EF
:10DB5000206801302060EEF7CBFB003818BF0120B1
:10DB600088F80200206801302060EEF7C1FB003821
:10DB700018BF012088F80300206801302060EEF70C
:10DB8000B7FB02462068474B01301A702060EEF761
:10DB9000AFFB02462068444B01301A702060EEF75C
:10DBA000A7FB02462068414B01301A702060EEF757
:10DBB0009FFB236803280246A8BF0322581C3C4B46
:10DBC00020601A70EEF706FB83B22068394AB3F57D
:10DBD0007A7F00F10200A8BF4FF47A732060322BE5
:10DBE000B8BF32231380EEF7F5FA83B22068324AC9
:10DBF000B3F57A7F00F10200A8BF4FF47A7320607A
:10DC00001380EEF775FB024620682C4B01301A702A
:10DC10002060EEF76DFB02462068294B01301A7038
:10DC20002060EEF765FB236801332360254B1870F5
:10DC3000EEF7C2FB002215F8013F223B072B88BFFD
:10DC40000122BD42F7D1D2B930681F4A431E216874
:10DC5000592B118002D9012318463360FFF78CF845
:10DC60000120BDE8F08700221A8067E60A221A70B8
:10DC7000D4E5164B984205DD154A13608BE5EDF7A8
:10DC8000CDFBE1E7124B186085E500BFDDCC00203D
:10DC9000D48601207886012077860120E0CC002000
:10DCA000738601207A8601208A860120CC86012095
:10DCB0000CCD0020C6CC0020C8CC00207B860120E3
:10DCC000E4CC0020E3CC00201C86012040771B0020
:10DCD000C0B70020DC7A0120805C012010B50E4C1A
:10DCE00000210E4A2378116053B10D4B00201860BB
:10DCF000EEF770FA43F23903984208D0002010BDC5
:10DD0000FCF7CAFB2378002BEFD1002010BDBDE843
:10DD10001040FFF7EDBC00BFB286012098D700206D
:10DD2000D00A0120F0B5694B85B0694D002493E815
:10DD3000070001AB03C329781A80664A664B14704A
:10DD40001C70C9B1654B1B78B3B165490A78F92AD3
:10DD500012D8531C63481A24DBB2FA2B20F8134064
:10DD600009D0931CDBB2FA2B20F8134003D0033206
:10DD7000D3B220F813400B7001235B495B480027A6
:10DD80005B4E5C4D5C4A0B70EB21037033702B785B
:10DD90001170042B594A178000F08880252B584CAD
:10DDA00000F08E802378062B01D0002323700024FE
:10DDB0005448F3F7B3FE2C70F6F7D2FBF8F736FDB4
:10DDC000514BF2221C60514B1C70514B1C60514B4B
:10DDD00003F1200123F8022F8B42FBD1EAF75AF816
:10DDE00000214FF480524C4F0C464C4819F0ACFACD
:10DDF00001A84B493C60F4F701FD4A4B4A491A78A7
:10DE00004A4B4B48134413F8013CC3EBC30301EBEB
:10DE10004301F4F7F3FC012321464FF4AA7245486D
:10DE200033703C6019F090FAF8F72EFFF6F786F998
:10DE3000414B1B78002B36D1404B00210122297029
:10DE40001A70F3F7DBFE3E4B1B88C3B93D48F3F76E
:10DE500065FE3D48F3F762FE3C48F3F75FFE3C4841
:10DE6000F3F75CFE3B48F3F759FEF7F76DFE3A48CF
:10DE7000F3F754FE394B1B788BB905B0F0BD384829
:10DE8000F3F74CFE3748F3F749FE3748F3F746FE01
:10DE90003648F3F743FE3648F3F740FEE5E7F8F778
:10DEA00061FD05B0F0BDFDF79FF8C5E722F07CF8F5
:10DEB000304B134C1F702B782770252B7FF475AFD8
:10DEC0002D4B1868FEF758FF6CE700BFA82500200F
:10DED000B1860120BB860120AC8601207686012018
:10DEE000BA86012038020120A4860120A3860120E1
:10DEF0008E86012085860120B786012012860120AA
:10DF00008486012028CB002080D90020C8860120EB
:10DF100074D900200A5C012078D90020C05C01205F
:10DF200078850120DFCC002000B40020E0B500207F
:10DF30007C2A002084D9002078860120EECC0020A5
:10DF4000C2CC0020C0130020CC130020D813002026
:10DF5000E4130020F0130020381400207486012000
:10DF6000FC130020081400201414002020140020AA
:10DF70002C140020898601205CB800204D4B10B580
:10DF80001C78092C00F08580282C16D8DFE804F0D6
:10DF90001915151F1526152D341515153B15154288
:10DFA0004950571515155E151565156C1515157322
:10DFB00015151515151515157A00BDE81040FFF754
:10DFC000B1BEFFF7AFFE3C4B00221A7010BD3B48BC
:10DFD000F3F7A4FD384B03221A7010BD3848F3F74D
:10DFE0009DFD354B05221A7010BD3648F3F796FD9E
:10DFF000314B07221A7010BD3348F3F78FFD2E4BBB
:10E0000008221A7010BD3148F3F788FD2A4B0C2204
:10E010001A7010BD2E48F3F781FD274B0F221A709E
:10E0200010BD2C48F3F77AFD234B0F221A7010BD58
:10E030002948F3F773FD204B11221A7010BD2748B1
:10E04000F3F76CFD1C4B12221A7010BD2448F3F735
:10E0500065FD194B16221A7010BD2248F3F75EFDBC
:10E06000154B19221A7010BD1F48F3F757FD124BBC
:10E070001B221A7010BD1D48F3F750FD0E4B1F22D6
:10E080001A7010BD1A48F3F749FD0B4B28221A707D
:10E0900010BD184B00211848012201601A704FF47E
:10E0A000AA72164819F050F91548F3F737FD024BDC
:10E0B0001C7010BDFB8601208586012078CB0020D6
:10E0C0009CCB002054CC00202CCC002040CC002045
:10E0D000C0CB002058CB002004CB0020E0CA002099
:10E0E000BCCA0020ACCB0020A8CA0020F8CB00207E
:10E0F0008CCC00208E86012078D9002084D9002085
:10E10000F4CA002008B5FFF739FF034B00221A704C
:10E11000BDE80840F3F772BDCF8601201E4B2DE904
:10E12000F0411B78C6B09BBB0DF128081B4C14AE08
:10E130006F46C4460FCCACE80F0094E80700ACE88B
:10E14000030017490DF141008CF8002019F0E6F9A1
:10E15000144BA0EB080414490DF103003B6019F0C7
:10E16000DDF941460546621C304611F067F80F4B59
:10E17000EA1BA01C1B88394601323044335311F08E
:10E180005DF831460A48F5F7DBFD46B0BDE8F081A1
:10E19000FFF7C8FDC8E700BF85860120281B0020C7
:10E1A000DC05012054583A00F07A01202830002084
:10E1B000441B002038B5124D2B78ABB9114C2046CA
:10E1C00019F05EFC0B280FD863782E2B0CD120465B
:10E1D00001220D4B05342A7010F8011B13F8012B96
:10E1E000914202D1A042F7D138BD084B012219203B
:10E1F0001A70F3F737FDBDE83840FFF78FBF00BF57
:10E20000DF860120DC050120F07A0120DE86012076
:10E2100070B52F4C88B02F4B0022617801A82E4E8C
:10E220001970E5F75FFA01A9304619F077F92B4923
:10E2300063780D789D4209D00B702949097829B17E
:10E24000013B012B02D8274B1B7873BB264D0222C2
:10E25000A1782846E5F746FA0222E17801A8E5F719
:10E2600041FA01A9284619F0C1F80022217901A834
:10E27000E5F738FA284619F003FC01A9284419F0FB
:10E280004DF96279002301A98DF804208DF805303D
:10E2900019F044F9154A03461068928818609A806C
:10E2A00008B0BDE87040FFF785BF114B024693E808
:10E2B0000300C6F101033146059006A81A4410F088
:10E2C000BDFF0122052105A8E6F78CF8BEE700BFD7
:10E2D00018D50020BD86012078BE0020A58601202B
:10E2E000AB860120D9860120DC050120A021002079
:10E2F00008A70020134A144B12681B68D21A82EA3E
:10E30000E273A3EBE273B3F5B77F1ADB0F49104852
:10E3100000B5B1B000930F4B019003A8002AC8BF0D
:10E320000B460D4AB42117F0A5FD03A90B48F5F7DC
:10E3300007FD0B4BFE221A70FFF7F4FC31B05DF8BD
:10E3400004FB7047845C01201C050120640F002041
:10E35000B82400207C0F0020940F002028CB002040
:10E3600085860120FFF7DEBC30B5294D8BB02C78B7
:10E37000002C3CD12748F3F7D1FBFEF76BF9264A76
:10E3800025202649264B107005220C7002202146BC
:10E390001A702C7011F022FA2146032011F01EFA97
:10E3A000204CFCF7AFFB0146042011F017FA1E4980
:10E3B0004FF4CD7340F2163208883C2100901420AF
:10E3C000E9F73EFC2088142240F245130090912189
:10E3D0001046F3F795FF208840F2163240F24513BD
:10E3E000009091211046F3F78BFF0BB030BD0F4D1D
:10E3F00003AC0FCD0FC495E8070003C403A90C4874
:10E400002270F5F79DFC0BB0BDE83040FFF78ABCE9
:10E41000A7860120D4CB002085860120A886012074
:10E4200084860120B2CC0020B6CC00206C2C0020C9
:10E4300028CB00201B4B1B7863B31B4B00B587B068
:10E440000FCB0DF1080C4FEA134EACE80700174A4A
:10E450002CF8023B8CF800E092E803000B0C0090D3
:10E4600002A8ADF804108DF80630F3F757FB1049F9
:10E470006846F4F7C3F9F2F775FF0E48F3F74EFB61
:10E480000D4B0E4A78211B781180592B04D007B010
:10E490005DF804FBF7F7DEBD07B05DF804EBFFF7AE
:10E4A00041BC00BFBE860120D01B00201C1C0020E8
:10E4B000A42300209425002068D600201486012083
:10E4C0001B4B1B7863B31B4B00B587B00FCB0DF113
:10E4D000080C4FEA134EACE80700174A2CF8023B31
:10E4E0008CF800E092E803000B0C009002A8ADF855
:10E4F00004108DF80630F3F711FB10496846F4F765
:10E500007DF9F2F72FFF0E48F3F708FB0D4B0E4A8B
:10E5100078211B781180592B04D007B05DF804FBDB
:10E52000F7F798BD07B05DF804EBFFF7FBBB00BF42
:10E53000B8860120D01B00201C1C0020A423002032
:10E540006823002068D6002014860120FFF7EABB6C
:10E5500070B5264A92B0264D264C01AB92E80300D6
:10E560003F2283E80300ADF8002029682268914229
:10E570001BD1214B1B78002B34D0FCF76BF82068A3
:10E580001E4A00241E4B1460421E1B681D495A2A55
:10E59000A3F102030B8001D8FCF722FEFFF7C2FBB8
:10E5A000194B00221A7012B070BD93E8030003AE3D
:10E5B00086E8030015490DF1130018F0AFFFBDF810
:10E5C0000030314603801248F5F782FB114B1B786F
:10E5D000592BCED028682060FEF7CEFB064B1B7867
:10E5E000002BCAD1FBF758FFC7E700BF1812002065
:10E5F000A4BB00205CB80020B286012098D7002080
:10E60000D00A01201C860120B086012034B80020E9
:10E610009CCB002068D6002010B50A4C86B0FCF7D1
:10E6200019F86420F3F70AFA0DF1040C0FCCACE8EA
:10E630000F00236801A88CF80030F3F76FFA06B0DA
:10E6400010BD00BF3812002010B51D4B86B01D4C08
:10E650000DF1080C0FCBACE807004FEA134E2CF875
:10E66000023B194A23788CF800E0042B92E803005F
:10E670000090ADF804101BD0252B09D80D2B19D90B
:10E68000A3F10E021149D2B221FA02F2D2070FD43D
:10E690000F4A02A81370F3F741FA0A20F3F7CEF9F4
:10E6A0006846F3F73BFA0B4A0121272311702370C8
:10E6B00006B010BD03F0FB02022AE9D106B010BD7E
:10E6C000FC190020858601200C1A002031008000F2
:10E6D000FB860120CF860120C44AC54BC54912687C
:10E6E0001B682DE9F04F2DED028B09788BB0140CCF
:10E6F000180C1729ADF82020ADF824308DF82240F1
:10E700008DF8260000F0E9800E2900F0E680BA4975
:10E71000BA4A0B6810681B1A092B40F2DE800B689E
:10E72000B7491360B74BB84D1B78B84A022BDFF8D6
:10E730000493288814BF01230223B54E18BF022476
:10E7400031F8133008BF0124B24FA3F5FA73DFF894
:10E75000E882DFF8E8A202FB03F3B9F800200244E4
:10E760003888A3F57A732A803288002B02443280DD
:10E77000A94A82FB03024FEAE37031F81430C0EB80
:10E78000E210A24AA3F5FA73B4BF00F5E07000F2FC
:10E79000C11002FB03F3A04AA8F80000A3F57A73A6
:10E7A00082FB0312D917002BC1EBE211B4BF01F5B4
:10E7B000E07101F2C111AAF80010F3F70DFE3388E1
:10E7C000A3F13402182A40F28D80B8F90020B5F97F
:10E7D0000040DFF85CB2A3F2E623ABF80020182B70
:10E7E00000F28F80BAF90030A3F11E02944204DBDC
:10E7F00003F11E02944240F3A181DFF84482B4F594
:10E80000C57FA8F80030C0F28680B9F8003000203B
:10E810005B42A9F800304FF4C4732B80F3F722FA5F
:10E82000B5F900404C2C78DCB9F8003000205B4290
:10E83000A9F8003056232B80F3F714FAB6F90080BC
:10E8400040F20533B5F9004098456CDC734BDFF8B6
:10E85000F4B1069308ABDFF8F0A108EE103A704B64
:10E86000039309AB05936F4B07936F4B0493B8F178
:10E87000240F03DCB8F1000F40F0E880079B08226A
:10E88000DBF800101B88DAF80000E9F77FF9049B39
:10E89000072221461B884046E9F778F9069A634B20
:10E8A00018EE100AB2F900100022CAF800801A709F
:10E8B000CBF80040F5F7F4FB039B0598B3F9001083
:10E8C000F5F7EEFB48F2304040F295124FF4CD736D
:10E8D00000903C211046F3F713FD0BB0BDEC028B0A
:10E8E000BDE8F08FB8F90030B5F90040A3F11E0281
:10E8F000944204DB03F11E02944240F33B814C4AF4
:10E900001380BAF90030DFF83881B4F5C57FA8F874
:10E910000030BFF67AAF4C2C86DDB6F9008040F2AD
:10E920000533984592DD943CA4B2AE2C00F2F08001
:10E930003A4B08A819881C46069308EE100A0131C4
:10E9400009B21980F5F7ACFBB4F90030092B00F3DC
:10E950004381334B039309AB0593DFF8E8B040F2F2
:10E960001B34DFF8E4A02F4B2F4ADBF80010DAF855
:10E9700000000793049208221B88B5F900803480B8
:10E98000E9F704F9049A4146204613880722E9F77B
:10E99000FDF81120CAF80040CBF80080F3F762F9C7
:10E9A0004FF4FA70F3F74AF840F26D133380CD2339
:10E9B0002B8010F09DFB10F093F90A2010F096F9CF
:10E9C000053800B200283880B8BF404280B2022823
:10E9D000F3D90A2010F08AF9C0F10500B6F90080D9
:10E9E000B5F90040A9F8000041E700BFACAD002038
:10E9F000341C002085860120E48501202882012026
:10EA0000BC04012007CD0020D4CC002056FEFFFF1F
:10EA1000D2CC0020D6CC0020D34D621066860120D7
:10EA200068860120B2CC0020B8CC0020F9CC0020B0
:10EA3000CECC0020D8CC0020CACC0020CCCC0020EA
:10EA4000D0CC00202482012020820120A4F1940354
:10EA50009BB2AE2B67D8039A4FF00F08DBF800107B
:10EA60001388DAF800000133A6F80080138008222A
:10EA7000079B1B88E9F78AF8049B214607221B881D
:10EA80004046E9F783F81120CBF80040CAF800802F
:10EA9000F3F7E8F8039C0598B4F90010F5F700FBCC
:10EAA000B4F90030092B00F381804FF4FA70F2F7CB
:10EAB000C5FF40F26D133380CD232B8010F018FB7F
:10EAC00010F00EF90A2010F011F9C0F1050003B2A0
:10EAD000002B3B80B8BF5B429BB2022B0CD80A20B4
:10EAE00010F004F9C0F1050000B200283880B8BF6A
:10EAF000404280B20228F2D90A2010F0F7F8C0F1A3
:10EB00000500B6F90080B5F90040A9F80000B5E6A7
:10EB10003B8800205B423B80F3F7A4F8B6F9008005
:10EB2000B5F9004092E63B8800205B423B80F3F75A
:10EB300099F8B6F90080B5F900409FE63B88DFF808
:10EB400014815B423B804FF43773338010F0D0FA6E
:10EB500010F0C6F8B8F90020BAF900309A425ADC31
:10EB60009A4252DB1020F3F77DF8BAF90030B5F97C
:10EB70000040CAE63B88DFF8E0B05B423B805623AA
:10EB8000338010F0B5FA10F0ABF8BBF90020B8F9FB
:10EB900000309A4250DC9A4248DB1020F3F762F8CA
:10EBA000B8F900203388B5F9004014E61220F3F7D5
:10EBB00059F841F27070F2F741FF0021039C18EE02
:10EBC000100A069B21801980F5F76AFAB4F9001043
:10EBD0000598F5F765FA68E712201D4CF3F742F83F
:10EBE00041F27070F2F72AFF0021069B18EE100A1E
:10EBF0002180198009AB03940593F5F751FAB4F914
:10EC000000100598F5F74CFAA7E6052010F06EF80D
:10EC1000A9F80000A6E7052010F068F84042B8F90E
:10EC20000020BAF90030A9F8000099E7052010F09B
:10EC30005DF8A9F80000B0E7052010F057F8404251
:10EC4000BBF90020B8F90030A9F80000A3E700BF25
:10EC500068860120D0CC0020CECC00203D4B1A7815
:10EC600010B588B0AAB13C4A12781AB13B4A127862
:10EC7000002A60D0F4F786FC394B1B78002B52D168
:10EC8000384B1B78002B3DD1374A384B12681A603D
:10EC900013E0334B1B78C3B9324B0022344C1B7842
:10ECA0002270B3B93348F2F739FFF4F76BFC2378DD
:10ECB00013BB314A314B12681A60314B00221A6083
:10ECC00008B0BDE81040E9F7E5B82020F2F7CAFF28
:10ECD000E2E72C4BEC4693E80700ACE803006946FA
:10ECE00003ABACF8002007C903C309211A8003A8AD
:10ECF0000122E5F777FBD5E71E48F2F70FFF002367
:10ED00002370D6E7204A6C46EC4603AB07CA03C41F
:10ED100022709CE8070003C309211A7003A801228E
:10ED2000E5F760FBB0E71F20F2F79CFF40F2EE2012
:10ED3000F2F784FEA4E725201A70F2F793FF0C4B3C
:10ED400001224FF47A601A7008B0BDE81040F2F763
:10ED500075BE00BFB3860120A886012078860120F9
:10ED6000DACC0020D9860120E485012004F10020BE
:10ED7000D186012000BF002000F1002030040120D6
:10ED800074D90020ECA70020E0A7002008B5154B9F
:10ED90001B78ABB9144B1B7803B908BD4FF47A60EC
:10EDA000F2F74CFE114B012263201A70F2F75AFF62
:10EDB00040F2DC50F2F742FE0D4B04221A7008BDFF
:10EDC0004FF47A60F2F73AFE084B012264201A7081
:10EDD000F2F748FF40F2DC50F2F730FE044B042219
:10EDE0001A70D7E778860120778601208F86012068
:10EDF0000FCD002070B50F4A86B00F4B03246E462E
:10EE000003AD07CA86E8070093E8070085E8070016
:10EE10003046F2F783FEC820F2F710FE2846F2F7DC
:10EE20007DFE6420F2F70AFE013CF1D1034B1C7019
:10EE300006B070BDE01E0020EC1E00208D86012073
:10EE40003C4A3D4B2DE9F04392E803008FB03B4C28
:10EE50003B4D01900DF1180C8DF808100DF10C0EC2
:10EE60000FCBACE807002CF8023B1B0C8CF80030F1
:10EE70000DF1280C94E80F00ACE8070095E80700B6
:10EE80002CF8023B1B0CAEE80300012103A88CF810
:10EE900000308EF80020F5F703F9F1F765FC2948FA
:10EEA00018F0EEFD0C2805D8264901A8EEF718FB4E
:10EEB000002814DC244B01221A70FFF79BFF642109
:10EEC00003A8F5F7EDF86420F2F7B8FD0AA8F2F709
:10EED00025FE1E4B78221A800FB0BDE8F083002477
:10EEE0001B4E1C4D4FF00108DFF86C90274606A81A
:10EEF000F2F714FE3378B3B9012085F80080C9F821
:10EF00000070FCF76DF92146193403A8F5F7C8F82D
:10EF1000642CEFD133784BB90B4B00221B782A704D
:10EF2000002BCCD0C9E7EBF7BFFCE5E7EBF7BCFC67
:10EF3000F2E700BFE02A0020FCAD00200CAE00206C
:10EF40001CAE0020385C01208D8601201486012033
:10EF5000B2860120D286012098D70020F0B55C4A05
:10EF6000AFB05C4D06ABDFF8A8E109AC01AE5A4F7B
:10EF70000DF10C0C07CA03C3110C23F8022B1970F6
:10EF8000564B1B68ADF800301B0C8DF802300FCDCE
:10EF90000FC49EE803002B6886E8030097E807008B
:10EFA000ACE803000021032023708CF8002010F04F
:10EFB00015FC0021042010F011FC0021022010F0AB
:10EFC0000DFCF2F71BFE4648F2F7A8FD03A8F2F786
:10EFD000A5FD444B1B78002B5CD1434B069A196866
:10EFE000914247D01AAC6D4696E8030084E80300CE
:10EFF0003D490DF16F0018F0A1FC21462846F3F7BA
:10F00000FDFB3A4B1B78002B5FD0FBF723FB384B03
:10F01000384A1B683849023B086813800022374B86
:10F020001A60431E5A2B01D8FCF7DAF84FF4FA7035
:10F03000F2F704FD324B1B7813B1324B1B786BBBDC
:10F0400009A928466424F3F7D9FBE0B2F7F758FA88
:10F050001920F2F7F3FC013CF7D14FF47A70F2F784
:10F06000EDFC0121052010F06DF864200FF0ECFF9D
:10F070002FB0F0BD5968079A9142B3D11989BDF8F4
:10F0800020209142AED19A7A9DF822309A42A9D19D
:10F090006D46CFE74D20F2F7E5FD9EE71A4E0EAC28
:10F0A0000FCE0FC40FCE0FC496E80F0007C4012285
:10F0B0002D210EA82380E5F795F9E5F7A5FDE4F7E6
:10F0C000EBFD124B00221A70BAE7FBF7E5F99CE75B
:10F0D000201200201013002024130020F41F002011
:10F0E00098CA0020FBCC002034B80020B286012052
:10F0F000D00A01201C8601205CB8002098D700208F
:10F10000D9860120A786012030130020985C0120B9
:10F11000601300206D4B1A68D2072DE9F0439FB0B1
:10F1200005D46B4901206B4A0978186011706A4B4D
:10F130000DF10C08694E0DF1280E694D0DF1400CD2
:10F14000684F06AC93E8070088E807000FCEAEE8EA
:10F150000F0096E803004EF8040B8EF800100FCD58
:10F16000ACE80F0095E803004CF8040B8CF8001095
:10F1700097E80F0007C424F8023B1B0C21202370E2
:10F1800010F00AF8002834D1574C2378002B30D1E6
:10F19000564B01221B7822701BB9554B1B78002B54
:10F1A0003FD021200FF0F8FF30BB524F3B68B3F542
:10F1B0007A6F21D9504B1B783BB1504B1B7823B150
:10F1C0004F4B1B780BB1FEF7ADFD4E4D2B78002B4E
:10F1D0003DD04D4A1368002B65D04C4D2E783EB380
:10F1E0004B4D3B682A689B1AB3F57A7F39D20023CE
:10F1F00023701FB0BDE8F083434B0021344A1960EF
:10F200001278344B1A70414D2B78002BEFD00AA89E
:10F21000F2F784FC2E4A00212E4B127829701A70C6
:10F22000E5E73C4B1B78002BBBD0F7F7CDFBB8E7ED
:10F2300010A8F2F773FC384B1868384B1E60431E59
:10F240005A2B01D8FBF7CCFF01232B70C8E7FFF73F
:10F2500085FE2B78002BBCD12B4B1B68002BBCD11F
:10F26000D1E798E8070016AEDFF8689086E8070057
:10F27000002299F8001001A8E4F734FA01A90DF171
:10F28000630018F05BFB314606A8F3F7B7FA99F86C
:10F290000030ABB1013B89F80030214B1B785BB9E2
:10F2A0003B682B60A3E70A4B19783B681360094A57
:10F2B0001170002B91D1A6E70020F2F7D3FCEFE705
:10F2C000FFF74CFE99F80030E4E700BF6C7C0120AA
:10F2D000FCCC0020F88601207C220020FC2B0020A2
:10F2E000C0200020B0200020F98601207786012070
:10F2F00078860120E485012076860120B1860120F0
:10F3000085860120A786012068810120FA860120D8
:10F310000C050120CA8601205CB8002098D7002087
:10F3200009CD00209E4B9F4A2DE9F04F0446DFF89F
:10F33000B4829D4F2DED028B93E80300EDB00023C6
:10F340008DF8443013681290DB07ADF84C1004D4EC
:10F3500001231360D8F800303B60944A0DF1680C2B
:10F36000934E1DABDFF880B2DFF880A2DFF8809209
:10F3700007CAACE803008CF8002096E8070003C336
:10F380009BE803001A70ADF8541014909AE803003B
:10F390000B0CADF85C1016908DF85E3099E8030008
:10F3A000ADF86410090C18908DF86610FFF7B2FEE6
:10F3B000D8F800303A689B1AB3F57A7F1FD2002C38
:10F3C0002ED07D2200217B4817F0BEFF7D22002138
:10F3D000794817F0B9FF4FF4FA720021774817F017
:10F3E000B3FF774A0021774BD8F800001160012263
:10F3F00038601A606DB0BDEC028BBDE8F08F714DC6
:10F4000018A86F4B19682B68B1FBF3F1D8F80030DE
:10F410003B60F4F745FE2B6801332B60002CD0D104
:10F42000694B4CAE654D224619882FA80B952F4687
:10F430000A96E4F757F97A2221464DA8AB46B04622
:10F440002546DFF89C91614EDFF8A8A14C9417F097
:10F450007BFF48460EF088FF0028CBD1E9B230464A
:10F4600009F024FA304609F0C3FA594B5949486863
:10F470001A68AAFB0232920CC2EB0212D2004B684D
:10F480001B1A9A42FBD8304609F052FA304609F06E
:10F4900039FD48B13B684A4A01333B601368013388
:10F4A0001360012388F80030013508F101080437A2
:10F4B000ADB27E2DCDD1484B012503F5FC710D93E6
:10F4C00053F8042F954238BF15469942F8D1A94602
:10F4D0000E94DFF8E4805527DFF8D8A00B9D0A9C36
:10F4E00016E09AF800103D4801310078C9B2884210
:10F4F0008AF8001040F2B980053740F2CB2308F1BA
:10F5000001080AF1010A9F4204F1010400F0F080B1
:10F5100033480EF029FF064600287FF46BAF55F8FC
:10F52000043BC3EB0323B3FBF9F298F8003002F07D
:10F53000FC029A4260D8D4D32278002ADCD0002B77
:10F54000DAD03946012220A80A93E4F7CBF80A9BC7
:10F5500040F245110646012223A8C91A89B2E4F7F0
:10F56000C1F801220B90052126A8E4F7BBF801227F
:10F570000A90042129A8E4F7B5F811A90A9B32469C
:10F58000CDE90711CDE90511CDE903112FA9CDE989
:10F590000030029133A80B9B12A9F2F707FEABE7EC
:10F5A000002B0020687C0120EC7D0120A41A0020A3
:10F5B000B01A0020747E0120F07D0120F47E01202D
:10F5C000707E012040C30020B8CC00203C05012003
:10F5D000C0B60020001000E0F07E012005CD002024
:10F5E000E0BD0020E4850120BC1A0020C41A0020E0
:10F5F000CC1A002083DE1B43191D0A9320A8C9B230
:10F6000091420B46394628BF134601220B93E4F77B
:10F6100069F80A9B40F2411106460122C91A23A843
:10F6200089B2E4F75FF8012205210C9026A8E4F7DF
:10F6300059F8012204210A9029A8E4F753F811A9E6
:10F640000A9A0C9BCDE90711CDE90511CDE903110B
:10F650002FA9CDE900200291324612A933A8F2F772
:10F66000A5FD0B9B88F8003046E7191F0B9320A8D7
:10F67000C9B291420B46394638BF134601220A935C
:10F68000E4F730F80B9B40F2451108EE100A012216
:10F69000C91A23A889B2E4F725F8012205210F90A1
:10F6A00026A8E4F71FF8012204210B9029A8E4F70B
:10F6B00019F8324631460C902CA8E4F713F80C994F
:10F6C0000F9B18EE102A01910B99029033A800911C
:10F6D00011A9CDE90711CDE90511CDE9031112A951
:10F6E000F2F764FD0A9B8AF8006088F8003003E7AF
:10F6F0001F4F00201F4E398803460E9CB6F800E0CD
:10F700008C4689460D9D55F8042F1FFA83F85BF847
:10F710002C1001338A4201D8C44601245BF82E1014
:10F720008A4201D3C6460120532BECD1494608B189
:10F73000A6F800E014B16146A7F800C000230E4C03
:10F740001AA82370F2F7F0FF1DA83188F2F7ECFF3A
:10F75000338816A85BF82310F2F7E6FF3B8814A85D
:10F760005BF82310F2F7E0FF2046F2F7D7F941E605
:10F770005A8601205886012008FD002008B5002186
:10F78000074809F0E1FB074B07494FF0030C002243
:10F79000012081F800C01A70BDE80840FFF7C2BD23
:10F7A0003C0501207686012084860120F0B5344B8B
:10F7B00091B0344C0DF11C0C1D78334E0FCCACE8DD
:10F7C0000F000FCCACE80F0023688CF800300DB1AF
:10F7D00033787BBB00242D48F2F7A0F90325F2F71C
:10F7E000D3FE2B4F21462B4809F0AEFB012034708D
:10F7F00004263D70FFF796FD274B2146274A02203D
:10F800001C70274B16701C703D700FF0E7FF2146EF
:10F8100028460FF0E3FFFBF775F9014630460FF07D
:10F82000DDFF4FF4805221461E4811B0BDE8F04084
:10F8300017F08ABD1C4B03AC1C4D0FCB07C495E8D9
:10F84000030024F8023B1B0C019003A823700B0C4F
:10F85000ADF808108DF80A30F2F760F907A901A891
:10F86000F2F7CCFFF1F77EFD1148F2F757F9114B93
:10F87000114A78211B781180592BABD011B0F0BD03
:10F88000B1860120901600207686012018CB00203A
:10F89000848601203C050120A78601208586012061
:10F8A000A8860120C05C0120D01B00201C1C002069
:10F8B00054CC002068D6002014860120AF4AB04BFB
:10F8C0002DE9F04F92E803002DED028BE1B0AD4A37
:10F8D0000124DFF81CB3ADF84C100DF1800E12902E
:10F8E0000DF1900C8DF837401CACDFF80883002632
:10F8F000A54F19ADDFF800A3DFF8009393E80300EC
:10F90000A24B10908DF8441093E8030014AB83E8E9
:10F9100003009F4B196816AB080CADF838108DF832
:10F920003A0007CA03C31A709BE80F0007C423708C
:10F9300028AC98E80F00AEE807002EF8023B1B0C3D
:10F940008AF800608EF8003089F8006097E80F00B0
:10F95000ACE807002CF8023B1B0C8CF800308D4BF8
:10F960000FCB84E80F008C4B93E8070003C50220FF
:10F9700031462A700FF032FF314603200FF02EFF80
:10F98000FBF7C0F8014604200FF028FF834B1B78DB
:10F99000002B40F01983824D3AAC0FCD0FC42B6879
:10F9A0003AA82380F2F7BAF823237E4A16A87E49A4
:10F9B0001370F2F723FF1CA90EA8F2F71FFF20A86F
:10F9C000F2F7ACF8052119A8F4F76AFB0A20F2F760
:10F9D00035F87548EDF7AEFD0023744A3AA874492E
:10F9E0000DF098FB4C9B002B00F043825C2000251F
:10F9F0000FF0BEFC3B9B04464560C3603EA93C9BA8
:10FA0000183040F8083C9DF8F43000F8043C694B8D
:10FA100040F8183C684B40F8103C0DF01FFA636842
:10FA2000A5653EA801336360644BA360644B0B93F0
:10FA30003A930DF055FA634B1D690593002D00F0C4
:10FA40000B826E68013E6E60002E35D12B685E4AD7
:10FA5000DB6A934240F02D83A86D10B115F04EFD86
:10FA6000AE652B6D002B00F0C98205F118000DF07A
:10FA700037FA059B1D69FDB12B68544A5B689342B8
:10FA800040F027834B4BA86D2B6018B115F036FD65
:10FA90000023AB652B6D05F11806002B00F01483D5
:10FAA00030460DF01DFA0B9B3046AB600DF018FA96
:10FAB00028465C210FF05EFC059B1C61002C00F0C9
:10FAC000E9812368424A9B6A934240F0CD81236DCD
:10FAD000002B00F08582DB699B46039320F064FADB
:10FAE00005213C4808F0E2FE01220321394809F0D3
:10FAF00011FA02210F22374809F060FAFE234FF075
:10FB0000FE32344809F01EF8324808F011FF042094
:10FB1000F1F794FF039B002B00F0DA81C3F3072277
:10FB200007EE903A00269FED2C8A0892C3F3074215
:10FB30001B0EF8EE678A3546DFF8C4A00A930DF174
:10FB4000B009264B0DF13C08254C06930DF13E0300
:10FB500009920793234BDAF800201B689B1AB3F530
:10FB60007A7F4FD3204A13889B0440F1BE811F4BFC
:10FB700053601C4B1B68CAF8003043E03C15002062
:10FB800044150020501800200CAE00204C15002019
:10FB9000F41F0020601200201CAE0020B28601205D
:10FBA000E026002085860120385C0120100D012010
:10FBB0000006012070320020CC3200204C320020A0
:10FBC0003431002078B80020396600003971000017
:10FBD000216D00003C0501200000C842C81A002029
:10FBE000001000E0E485012000C00B4002A680B4B4
:10FBF00054150020FCAD0020A7860120A886012016
:10FC0000747D012012A93AA817F088FC074600224B
:10FC1000294648460136E3F765FD01463846F6B207
:10FC200017F07CFC10A917F079FC07460022594612
:10FC30004846E3F757FD0146384617F07FFE069B1E
:10FC4000079A3AA91B684046A8F800301B0C1370AD
:10FC5000F2F7D4FD07EE905A19A8B8EE677AC7EE0E
:10FC6000287A67EE887AFDEEE77A17EE901AF4F7B5
:10FC700017FA2422002131A817F066FB012E00F0AC
:10FC80006981059F386970B10368196A9F4B994271
:10FC900040F02481036D002B00F07C81184629463A
:10FCA0000BF094FD38699A4B61681A68994BA3FB75
:10FCB0000232920C02EB8202520063685B1A9A4293
:10FCC000FBD870B10368944A9B68934240F06D8101
:10FCD000036D002B00F0118118461C2231A90BF096
:10FCE0002DFB1C35039B9D4228BF1D46202231A9B8
:10FCF0008A4808F0EDFE002800F05B8104900122A4
:10FD00000DF13701854808F011FF039B9D42049BCC
:10FD1000FFF420AF1F46059B1D69002D00F0C18137
:10FD20002B687F4CDB6AA34240F0B881A86D18B104
:10FD300015F0E4FB0023AB652B6D002B00F0A981CF
:10FD400005F118000DF0CCF8059B1D696E68013EA9
:10FD50006E60002E34D12B68DB6AA34240F0A6818E
:10FD6000A86D10B115F0CAFBAE652B6D002B00F02D
:10FD7000408105F118000DF0B3F8059B1C69FCB13A
:10FD80002368684A5B68934240F09B81664BA06D94
:10FD9000236018B115F0B2FB0023A365236D04F1B5
:10FDA0001805002B00F0888128460DF099F80B9B70
:10FDB0002846A3600DF094F820465C210FF0DAFA93
:10FDC0000023059A19A864211361F4F769F9002F3B
:10FDD00040F01981554BD3E90001EBF72FF90221CF
:10FDE0004E4809F0D9F8524B4C481A78514B1978C3
:10FDF00009F0E4F824A8F1F791FEFAF7C5FE4E49A0
:10FE000064223AA80FF01AFA1020F1F72BFF822093
:10FE1000F1F714FE1020F1F725FF8220F1F70EFE16
:10FE20001020F1F71FFF8220F1F708FE3AA928A859
:10FE3000F3F786FF28A8F1F771FE404B05224049F1
:10FE40001B780A70002B40F0C28020F0ADF861B042
:10FE5000BDEC028BBDE8F08F059B3A4A1C6123681C
:10FE60009B6A93423FF433AE204698478346039003
:10FE700034E64D9C002C7FF4B9AD334B3EA80B9378
:10FE80003A93324B1D4605930DF02AF82D69002D4B
:10FE90007FF4D7AD20F088F8052120484FF0000B03
:10FEA00008F004FD012203211C4809F033F8022167
:10FEB0000F221A4809F082F818484FF0FE32FE234C
:10FEC00008F040FE154808F033FD0420F1F7B6FDB8
:10FED000059B1D69002D72D0002721E700232A46CB
:10FEE00000938847059B1869DDE64AF20263184AC9
:10FEF00093804BF2804393803BE6406D00283FF4B3
:10FF0000F0AE1C2231A909F09BFAEAE681710000EB
:10FF1000C0B6002083DE1B43616E00003C0501205B
:10FF200039660000397100007032002090B2002064
:10FF300003CD002002CD0020D8140020B28601207D
:10FF400085860120216D00003431002078B8002022
:10FF500000C00B40604931A817F0F0FC089B8DF8F9
:10FF6000E0B08DF8E130099B8DF8E2300A9B8DF806
:10FF7000E3305A4B5A788DF8D4209A788DF8D520F2
:10FF8000DA788DF8D6201A795B798DF8D7208DF83C
:10FF9000D830ABE6426D002A3FF485AE10462A46C3
:10FFA00009F034FB059B18697DE61C2231A99847AE
:10FFB00097E6059B07461D69002D7FF4B1AE19A891
:10FFC0006421F4F76DF805E7EAF76EFCE3E4EAF77D
:10FFD0006BFC1FF0E9FF61B0BDEC028BBDE8F08F58
:10FFE000636D002B3FF456AFD3F810B0CDF80CB0D2
:10FFF00074E56B6D002B7FF4BCAEBEE66B6D002B21
:02000004600298
:100000007FF433AD35E5364B0DF1B0090DF13C0809
:1000100006930DF13E03079340F2EE20F1F70EFD3B
:10002000304BD3E90001EBF709F802212E4808F024
:10003000B3FF2E4B2C481A782D4B197808F0BEFFD1
:1000400024A8F1F76BFDFAF79FFD12A93AA817F063
:1000500065FA0446002259464846E3F743FB014649
:10006000204617F05BFA14A917F068FC1120F1F78D
:10007000F9FD069B079A40461B683AA9A8F800308C
:100080001B0C1370F2F7BAFB4FF4FA60F1F7D6FCD1
:10009000D0E66B6D002B7FF453AE55E628469847AB
:1000A00052E619A86421F3F7FBFFB5E72846984705
:1000B00063E628469847DCE4636D002B7FF474AE5A
:1000C00075E6204698477BE66B6D002B7FF4E8AC25
:1000D000E9E428469847EFE4385C0120BCEC0020B6
:1000E000C81A002090B200203C05012003CD00205A
:1000F00002CD00202DE9F04FADF5C05D03460D4661
:1001000081B01946EA46504617F008FA41F2FE72ED
:10011000A0EB0A012B780646521ACBB190B2012807
:1001200016DD0022012409E0FE2B28BF2023B35452
:10013000A2B2AB5C541C53B1844208DA222BF3D137
:100140002723B354A2B2AB5C541C002BF4D1164449
:1001500000255046DFF80C81357017F091FC3B4BC1
:10016000461CDFF804911B88B6B2DFF800B1384FA7
:10017000384C2AF80030721B0AEB0501384692B25F
:10018000402A28BF40220EF09BFC38460EF088F92A
:10019000314B6168D8F80020A3FB02324FF448735A
:1001A000920C03FB02F263685B1A9A42FBD8D9F8FF
:1001B0000030DBF800209B1AB3F57A7F09D3274A79
:1001C00013889B0439D5264B5360D9F80030CBF8FF
:1001D00000304035ADB2B542CDD3FF211C480EF002
:1001E0007DFB1B48FF211B4E04460EF077FBFF21D1
:1001F000194D20460EF072FB3720F1F71FFC204608
:100200000EF0B2F8A0B171684623D8F80020A5FB23
:100210000202920C03FB02F273685B1A9A42FBD84B
:1002200020460EF0F3F820460EF09EF80028EAD1A2
:100230000DF5C05D01B0BDE8F08F4AF20263074AD8
:1002400093804BF280439380BFE700BFD81F00200C
:10025000E0BD0020001000E083DE1B4300C00B4027
:1002600002A680B4C0B60020E4850120747D012080
:100270002DE9F047ADF5C15D494BDFF8449186B0FB
:10028000484F494E0AAC05AD0FCB07C4474A0DF69F
:1002900038012370464BA1F62E041B6892E8030038
:1002A00002AA28602920ADF8181001A913801B0CA0
:1002B000404A237007AB08803F4C404DD4F8008083
:1002C00007CA03C301211A800846216030E0336861
:1002D0000DF10E02D4F800A003801B0CBAF1010F3F
:1002E0000EA8137001AB4FF05D021A8037D017F0E3
:1002F000C7FB0EAB2946184417F010F903A917F0F5
:100300000DF951460022824604A8E3F7EBF904A94F
:10031000504617F003F901A917F000F902AB1A884B
:1003200002809B788370206801305A28206020D892
:10033000FCF722FD03A8D9E900231343C7D03B688B
:100340000DF10E02D4F800A003801B0CBAF1010FCE
:100350000EA8137001AB4FF029021A80C7D12946AD
:1003600017F0DCF803A917F0D9F8514600228246AD
:10037000CAE70EA90AA8FFF7BDFE4046C4F80080F0
:10038000FCF7FAFC216805A80139F3F789FE0B494F
:1003900007A8F2F733FA0DF5C15D06B0BDE8F087A6
:1003A00014200020682A00206C2A0020242000202D
:1003B000283000202C2000205CB8002034B8002019
:1003C00088D400202DE9F04FADF5DA5D7A4BDFF8E7
:1003D000149285B0DFF810B2784E10AC14AF0DF166
:1003E00034080DF1280C1CAD0FCB07C4237006A8F0
:1003F000734B744A1B68744C0380190C0DF11A037B
:10040000197005AB2821198008AB704919600DF5EA
:100410003563A3F6323EA3F6343A0FCA07C799E80C
:1004200007003B706A4B88E8070093E80700ACE8D8
:100430000300DBF8003014A88CF80020AAF8003084
:100440001B0C8EF8003023680393F1F767FB012043
:10045000604B262220601A70FCF78EFC206805EBAA
:10046000C0030130D6E9008959282060C3E900891A
:10047000F2D901204FF00008574F20602FE005A966
:10048000D4A816F0B3FF0022494609A8E3F72AF9D9
:10049000D4A817F0F5FAD4AB09A9184417F03EF820
:1004A00008AB394603301B6840F8033C17F036F8B8
:1004B000D4F800A073688146326805EBCA0145F89C
:1004C0003A204B609BB252EA030114D106A9D4A88A
:1004D00016F08CFF0AF101005928206050D8FCF773
:1004E0004BFCD4F80090B9F1010FC8D105AB1B88C3
:1004F000ADF85033C7E7CDE900230F21374A18A8DC
:1005000015F0B8FC18A9484617F008F8D4F800A070
:1005100081462A4605EBCA0101234FF0000CD1F8B1
:1005200004B055F83A108E4652F8081F50685845E6
:1005300008BF714502D19A4518BF9C4601335A2B1A
:10054000F2D1BCF1000F2DD00DAB08F1010807CBA3
:10055000C9F8000009A8C9F804106146C9F80820C4
:100560000022E3F7BFF8014609F10B005FFA88F8B3
:1005700016F0D4FF1A4BD4F800A01B880380A5E71F
:1005800010A8D4A9FFF7B6FD414607A8F3F788FDE8
:10059000039B18462360FCF7EFFB0DF5DA5D05B011
:1005A000BDE8F08F0AAB03CB1B78C9F80000C9F88F
:1005B000041089F8083089E71420002088D400202E
:1005C00028300020901B00205CB80020292020004B
:1005D000A01B00208586012034B80020801B00204D
:1005E0008C1B0020AC1B0020ACAD00205C4B0246F5
:1005F00093E803002DE9F04F9DB003460025594FC5
:10060000019004A88DF808101146039317F096F98D
:10061000F0F736FB03A83D7017F032FA03A9024643
:1006200051482C460EF04CFAFF214F480EF056F977
:10063000FF214D480EF052F9DFF83481FF214A487E
:100640000EF04CF93720F1F7F9F9474ED8F800A031
:10065000DFF82091DFF820B1D8F80030A3EB0A03CF
:10066000632B39D830460DF07FFE034630469BB1F0
:100670000DF0CCFEB4F5805F04F10103C0B201D2ED
:1006800038559CB2FF282ED0304600250DF06CFE68
:1006900003463046002BEBD1D8F80020D9F80010E3
:1006A000521AB2F57A7FD7D3304A118889042BD5F4
:1006B000C2F804B0D8F80020C9F80020002BCBD035
:1006C000082C09D9083C2748A1B2EAF7C5FE082240
:1006D0003919244816F0BCFD3B78712B1BD0002043
:1006E0001DB0BDE8F08F0135EDB2022DBAD9D8F8B2
:1006F0000030D9F800209B1AB3F57A7FE0D31B4A6B
:10070000012311888904D3D44AF2026191804BF20B
:1007100080419180CEE7B9787B780902FA7804EEBF
:10072000103A3B7905EE101A1204B8EE444B1B0642
:10073000B8EEC55B06EE102A07EE103AB8EEC66BAF
:1007400035EE045BB8EEC77B36EE056B37EE067B05
:10075000FDEEC77B17EE900A1DB0BDE8F08F00BF1D
:10076000082B0020C05C0120E0BD002000C00B4031
:10077000E4850120747D012002A680B4574A584BBD
:100780002DE9F04F04469FB00025564FDFF86081F9
:10079000554EDFF86091DFF860B192E80300024641
:1007A0008DF808100190059293E80300039006A8C5
:1007B0008DF81010214616F0B1FE9DF8102003466A
:1007C00003982C4618601A71F0F75AFA05A83D7084
:1007D00017F056F905A9024643480EF071F9FF21BA
:1007E00041480EF07BF8FF213F480EF077F8FF21DB
:1007F0003D480EF073F83720F1F720F9D8F800A043
:10080000D8F80030A3EB0A03632B39D830460DF03B
:10081000ABFD034630469BB10DF0F8FDB4F5805FAB
:1008200004F10103C0B201D238559CB2FF282FD089
:10083000304600250DF098FD03463046002BEBD1E5
:10084000D8F80020D9F80010521AB2F57A7FD7D321
:10085000264A118889042CD5C2F804B0D8F80020A3
:10086000C9F80020002BCBD0082C09D9083C1D4822
:10087000A1B2EAF7F1FD082239191A4816F0E8FC8E
:100880003B78712B1CD04FF6FF701FB0BDE8F08F86
:100890000135EDB2022DB9D9D8F80030D9F80020D1
:1008A0009B1AB3F57A7FDFD3104A0123118889049C
:1008B000D2D44AF2026191804BF280419180CDE71F
:1008C000F878B97800047A783B7900EB012010447D
:1008D00000EB03601FB0BDE8F08F00BF082B0020C5
:1008E000202C0020C05C0120E0BD002000C00B4097
:1008F000E4850120747D012002A680B470B5054610
:10090000FFF73CFF4FF6FF7398420CD100240646D8
:100910000A200134F1F792F82846FFF72FFFB04282
:1009200001D1182CF4DD70BD2DE9F043184B85B0D2
:10093000184E4FF6FF756C46DFF85C80371D0FCB05
:1009400084E80F002046FFF719FFA8420ED14FF0B0
:1009500000090A2009F10109F1F770F82046FFF7B4
:100960000DFFA84202D1B9F1180FF2DDC3B206F8AB
:10097000010B043418F80300F1F774F94FF4966092
:10098000F1F75CF8BE42DDD105B0BDE8F08300BFF1
:10099000240B0020E0B50020C0B500202DE9F04F69
:1009A000ADF5237D50223D4900250EA8DFF80491C6
:1009B000DFF804B10DF10C0804460EF03FFC384A94
:1009C0000DF1180E374B0DF1280C00924FF6FF7603
:1009D000354F0FCBAEE807002EF8023B1B0C8EF80C
:1009E000003099E80F00ACE807002CF8023B1B0C24
:1009F0009BE807008CF800302C4BA8E8030093E834
:100A0000030088F800204FF4FA72ADF80810090CC2
:100A100001900DF189008DF80A10294616F094FC1A
:100A20004FF4FA72224922A80EF008FC06A8F1F74A
:100A300075F809E02946063503A80534F3F730FBBD
:100A4000602D07F101071ED022A92046ECF748FDD2
:100A50000028EFD02046FFF791FEB0420ED14FF0B4
:100A600000080A2008F10108F0F7E8FF2046FFF728
:100A700085FEB04202D1B8F1180FF2DD003818BF80
:100A800001203870D6E7694601A8F1F7B7FE0AA839
:100A9000F1F744F80DF5237DBDE8F08F58060020EE
:100AA00058583A00FCAD002084D70020D023002005
:100AB000C45C01200CAE00201CAE002010B5114C0F
:100AC0002378112B16D0032B19D00F48F1F726F8F5
:100AD0000E4A0F4B1F211068002221701A60431E1E
:100AE0005A2B01D8FAF77CFBF3F73AFD094B0022A9
:100AF0001A6010BDFFF752FF2378032BE5D1F2F700
:100B000057F9E2E785860120F8CB00205CB8002089
:100B100098D7002080D900202DE9F041184B84B0EF
:100B2000184F4FF6FF766D4607F104080FCB85E8A6
:100B30000F002846FFF722FEB0420BD100240A2006
:100B40000134F0F77BFF2846FFF718FEB04201D1D1
:100B5000182CF4DD07F8010B474505F10405E8D131
:100B600009490022094B08681A60431E5A2B01D814
:100B7000FAF736FBFFF7A2FF04B0BDE8F08100BF33
:100B8000240B0020E0B500205CB8002098D700209E
:100B90002DE9F04FDFF840C1ADF5217D00254FF67E
:100BA000FF760DF1400A01900DF114090DF12008B6
:100BB00054460DF1300E20AFBCE80F00AAE80F003C
:100BC000BCE80F00AAE80F00BCE80F00AAE80F007D
:100BD0009CE80F008AE80F00384B93E80700384B79
:100BE0000293384BA9E8030089F800200FCBA8E84E
:100BF000070028F8023B1B0C88F80030324B0FCB63
:100C0000AEE807002EF8023B1B0C4FF4FA728EF888
:100C100000302E4B93E80300ADF81010090C039040
:100C20000DF181008DF81210294616F08DFB4FF45E
:100C3000FA72274938460EF001FB08AA1046F0F771
:100C40006DFF019B234A03EB031302EB030809E04A
:100C50000434294605A80635F3F722FABC4208F108
:100C600001081CD039462046ECF73AFC0028EFD0AA
:100C70002046FFF783FDB0420ED14FF000090A2055
:100C800009F10109F0F7DAFE2046FFF777FDB042DF
:100C900002D1B9F1180FF2DD88F80000D8E702A9F7
:100CA00003A8F1F7ABFD642105A8F3F7F9F90CA847
:100CB000F0F734FF0DF5217DBDE8F08F1CAE00206C
:100CC00058583A00FCAD00200CAE0020D023002084
:100CD000C45C0120B05B01207409002008B50C4BF6
:100CE00018780138C0B2032801D8FFF751FFEAF79E
:100CF000C5FD0849084B002208681A60431E5A2B9C
:100D000001D8FAF76DFABDE80840FFF7D7BE00BF7B
:100D1000DFCC00205CB8002098D700202DE9F04FF0
:100D2000ADF51F7D50224F4900260AA8DFF85CB1BF
:100D30003546B04604460EF081FA4B4A0DF1180CC8
:100D40004A4B0DF10C0E00924FF00109484F0FCBAA
:100D5000ACE807002CF8023B1B0C9BE807008CF862
:100D60000030444BAEE8030093E803008EF8002007
:100D70004FF4FA72ADF80810090C01900DF17900EA
:100D80008DF80A10314616F0DFFA4FF4FA723A493C
:100D90001EA80EF053FA06A8F0F7C0FE04E00135D5
:100DA00006360534102D32D0314603A8F3F778F912
:100DB0001EA92046ECF794FB0028F0D02046FFF750
:100DC000DDFC4FF6FF73984213D14FF0000A8046C6
:100DD0000A200AF1010AF0F731FE2046FFF7CEFCA7
:100DE000404502D1BAF1180FF2DD4FF6FF73984279
:100DF00020D010B309FA05F33A8801354FF0010805
:100E000013430636102D04F105043B80CCD169460E
:100E100001A8F1F7F3FCB8F1000F17D11748F0F76C
:100E20007DFE174B1F221A70F3F79AFB0DF51F7DFD
:100E3000BDE8F08F4FF00108B1E73B8809FA05F2F1
:100E40004FF0010823EA02033B80A8E70D49002286
:100E50000D4B08681A60431E5A2BDFD8FAF7C0F909
:100E6000DCE700BF5806002058583A00FCAD0020CF
:100E70003E860120D0230020C45C0120F8CB002056
:100E8000858601205CB8002098D700201CAE002089
:100E900030490A68821AB2F5167F00D270470346BD
:100EA0002D482DE9F04F85B00B600DF05DFA28BBA1
:100EB0002A4C4FF6FF752A4F2A4E04F11809DFF825
:100EC000A880DFF8A8A02046FFF758FCA84218D158
:100ED0004FF0000B0A200BF1010BF0F7AFFD20469D
:100EE000FFF74CFCA8420CD1BBF1180FF2DDA84271
:100EF00007D10334043701364C45E4D105B0BDE8D1
:100F0000F08F102803463278A8BF102323EAE3733A
:100F10005FFA83FC6245ECD00DF1040E86F800C048
:100F200098E80700AEE803008EF80020BCF1000F3F
:100F30000AD0013B384603EB830203EB42030AEB82
:100F40000301F1F75BFCD4E701A93846F1F756FC41
:100F5000CFE700BF6C810120E0BD002050C300201E
:100F600068C30020B4B60020F0280020E8B50020B7
:100F700030B5144A85B007CA01AB03C301A81A7083
:100F8000FFF7FCFB4FF6FF7398420CD10024054697
:100F90000A200134F0F752FD01A8FFF7EFFBA84249
:100FA00001D1182CF4DD084B00EB4001074803EB9E
:100FB000C10116F0C3FC064B01221A70F9F75CF868
:100FC00005B030BDAC170020C46C0120985C012036
:100FD000C6860120144870B5FFF7D0FB4FF6FF73AB
:100FE00098420DD10024104E05460A200134F0F736
:100FF00025FD3046FFF7C2FBA84201D1182CF4DDD5
:10100000012803D8094B00F001001870084900229C
:10101000084B08681A60431E5A2B03D8BDE870407D
:10102000FAF7DEB870BD00BFBC210020A986012000
:101030005CB8002098D7002030B583B0174B184A11
:101040006846CDE90023FFF799FB4FF6FF739842FE
:101050000CD1002405460A200134F0F7EFFC684665
:10106000FFF78CFBA84201D1182CF4DD10F0FF0033
:1010700003D00138C0B20F2805D90A4901A8F1F7F9
:10108000BDFB03B030BD00EB8003064900EB43001D
:10109000014401A8F1F7B2FB03B030BD63684D0015
:1010A0004D636800E8B50020144870B5FFF766FB93
:1010B0004FF6FF7398420DD10024104E05460A20CA
:1010C0000134F0F7BBFC3046FFF758FBA84201D1D2
:1010D000182CF4DD0A4B1870F9F7BCFA0722094BFB
:1010E00009481A70F0F71AFDF3F73AFA4FF48052F4
:1010F00000210648BDE8704016F026B9ACAD0020CE
:10110000DECC00208586012054CC0020C05C01206C
:10111000174B30B593E8030089B0164D019003AC2E
:101120008DF808100FCD0FC42B6801A82370FFF7AE
:1011300025FB4FF6FF7398420CD1002405460A2088
:101140000134F0F77BFC01A8FFF718FBA84201D19E
:10115000182CF4DD084B1880F9F77CFA074B0722AE
:1011600003A81A70F0F7DAFCF3F7FAF909B030BD0A
:10117000E8100020381200200E860120858601200C
:101180002DE9F04FADF52B7D6E22744900260EA897
:101190000DF10C0A4FF6FF75DFF8F49104460EF0DE
:1011A0004DF86F4A0DF1180E6E4B0DF1280C0092A0
:1011B0003746DFF8E0810FCBAEE807002EF8023BA0
:1011C0001B0C8EF80030684B0FCBACE807002CF8F6
:1011D000023B1B0C8CF80030644B93E80700644B17
:1011E000AAE8030093E803008AF800204FF4FA729B
:1011F000ADF80810090C01900DF1A9008DF80A1046
:10120000314616F0A1F84FF4FA725A492AA80EF0A6
:1012100015F806A8F0F782FC0FE004F1370A2AA9B6
:101220005046ECF75DF950BB013603A8053406EBD8
:10123000C601F2F735FF0B2E36D02AA92046ECF76F
:101240004FF90028E9D02046FFF798FAA8420BD1C1
:1012500000270A200137F0F7F1FB2046FFF78EFA4E
:10126000A84201D1182FF4DD04F1370A29F816003D
:101270002AA901275046ECF733F90028D4D050466C
:10128000FFF77CFAA8420BD100270A200137F0F7BC
:10129000D5FB5046FFF772FAA84201D1182FF4DDB2
:1012A000012728F81600BFE703A86421F2F7F8FE2B
:1012B0000AA8F0F733FC2FB9FCF734FD0DF52B7DB0
:1012C000BDE8F08F2C4900222C4B08681A60431EA1
:1012D0005A2B01D8F9F784FF694601A8F1F78EFA75
:1012E000274B1B786BB3274B1B7853B326480278E8
:1012F000F92A26D8531C25490624DBB2FA2B21F8FB
:10130000134028D0931CDBB2FA2B21F8134022D0D3
:10131000D31CDBB2FA2B21F81340037011D0131D3C
:101320000724DBB2FA2B21F8134009D0531DDBB29E
:10133000FA2B21F8134003D00632D3B221F8134020
:101340000370694601A8F1F759FAFCF7EBFC0DF5BB
:101350002B7DBDE8F08FFA230370F2E7FC09002033
:1013600058583A00FCAD00200CAE00201CAE002006
:10137000D0230020C45C01205CB8002098D7002056
:10138000B186012076860120BA860120380201202C
:1013900058BE002040BE00202DE9F041DFF8D48087
:1013A0004FF6FF76324FA8F130052846FFF7E6F9F1
:1013B000B0420BD100240A200134F0F73FFB28464D
:1013C000FFF7DCF9B04201D1182CF4DD043527F821
:1013D000020B4545E9D1274D4FF6FF76264F05F123
:1013E0000C082846FFF7CAF9B0420BD100240A20A6
:1013F0000134F0F723FB2846FFF7C0F9B04201D1D2
:10140000182CF4DD043527F8020B4545E9D11B48BB
:10141000FFF7B4F94FF6FF72034690420ED1002455
:10142000164E05460A200134F0F708FB3046FFF758
:10143000A5F9A842034601D1182CF3DD104F11483D
:101440003B80FFF79BF94FF6FF7398420DD10024C4
:101450000C4E05460A200134F0F7F0FA3046FFF74B
:101460008DF9A84201D1182CF4DD7880BDE8F08117
:101470003801012064BB00202801012070BB00203E
:101480003001012074BB0020274B10B51B782D2B99
:1014900044D0FFF781FF254B254C93F800C0002373
:1014A000244A0CF1FF3C04EB4C0032F8021B20F8FC
:1014B000331001330C2BF8D11F4B0CF1300219887B
:1014C000588824F812100CF13402998824F812007C
:1014D0000CF13802194B24F812100CF13C02188858
:1014E0000CF1400C5988164B24F812001868154A64
:1014F000431E24F81C1000215A2B116001D8F9F763
:101500006FFE1148F0F70AFBF7F7C8F90F4B0022FE
:101510001120BDE810401A70F0F7A4BB48F230412A
:101520000B48F6F72BFEB4E785860120DFCC0020C0
:10153000B00B0120380101202801012030010120D9
:101540005CB8002098D700200CB00020B98601209C
:101550008C1A002008B5304B1B7893B31020F0F79D
:1015600081FBF7F79BF92D4B1B782D2B4ED0642078
:10157000F0F764FAFFF710FF294B2A4A01211B7884
:1015800011708BB1284B1B7873B128490A78F92A5E
:101590000AD8531C26484FF00B0CDBB2FA2B20F86C
:1015A00013C012D1FA230B702248F0F7B7FA224B7E
:1015B000002211201A70F0F755FBBDE80840F7F73C
:1015C0006DB9BDE80840FFF75FBF931CDBB2FA2B93
:1015D00020F813C0E6D0D31CDBB2FA2B20F813C0DE
:1015E0000B70E1D0131D4FF00A0CDBB2FA2B20F880
:1015F00013C009D0531DDBB2FA2B20F813C003D05F
:101600000632D3B220F813C00B70CDE748F2304158
:101610000A48F6F7B3FDAAE7A786012085860120D0
:10162000B18601207586012076860120BA860120C8
:10163000380201200CB00020B986012010180020CB
:101640002B4870B5FFF79AF84FF6FF7398420DD10B
:101650000024274E05460A200134F0F7EFF9304602
:10166000FFF78CF8A84201D1182CF4DD214DC4B24B
:101670002B78A3420AD0042C34D81F4B04EB8401EE
:101680001E4803EB8101F1F7B9F82C701C48FFF7F5
:1016900075F84FF6FF7398420DD10024184E054699
:1016A0000A200134F0F7CAF93046FFF767F8A8427C
:1016B00001D1182CF4DD134DC4B22B78A3420AD00B
:1016C000022C09D8104B04EB8401104803EB810174
:1016D000F1F794F82C7070BD0D490C48F1F78EF8B5
:1016E0002C70F8E70B490548F1F788F82C70CDE726
:1016F000CC25002016CD002048B70020502B00201C
:10170000EC25002015CD002080BE0020642B002099
:101710006C2B0020582B0020F0B5184CABB01848AB
:10172000002704F14406174DF0F7F8F91648F0F7D2
:10173000F5F923462A46A02102A80434009714F0A4
:1017400099FB02A8F0F7EAF9B442F2D10F4B1B78EB
:101750007BB10F4B03F1180101E08B4209D013F864
:10176000012B002AF9D10B490B48F2F7E9FAF6F7F9
:10177000F1FF2BB0BDE8F040FFF762BFC4B6002018
:10178000941C00201C24002078AE0020A786012095
:101790002CD80020A01C0020D41C002038B51F4CE1
:1017A0001F48A17CF2F77CFCE17C1E48F2F778FC34
:1017B000E18A1D48F2F774FC218B1C48F2F770FC9B
:1017C000618B1B48F2F76CFCA18B1A48F2F768FC9E
:1017D000E18B1948F2F764FC218C1848F2F760FCA1
:1017E00094F827101648F2F75BFC94F82810154877
:1017F000F2F756FC94F829101348F2F751FC134BFA
:10180000134D00221B782A70372B02D000232B7037
:1018100038BDFFF781FF00232B7038BDD40A0120AB
:10182000CC250020D0250020D4250020D82500205C
:10183000DC250020E0250020E4250020E82500200C
:10184000EC250020F0250020F425002085860120CD
:101850007586012038B5314C04F144052046043426
:101860000021F2F71DFCAC42F8D12D4900222D4B8E
:101870000978C3E90022C3E90222C3E904222A4B02
:10188000002934D01B780121284A372B117038D019
:10189000274B4FF47A6427480121274A1B780460BC
:1018A0001170CBB1254B1B78B3B125490A78F92AC1
:1018B00012D8531C23481C24DBB2FA2B20F8134007
:1018C00009D0931CDBB2FA2B20F8134003D003326B
:1018D000D3B220F813400B701B4B00221B481A7028
:1018E000F0F71CF91A4A1B4B12681A6038BD1B78B6
:1018F000372B0CD0144B00221A70BDE83840FFF78C
:101900004DBF48F230411448F6F7D4FBC0E748F227
:1019100030411148F6F7CEFBECE700BFC4B600201B
:10192000A78601202CD800208586012075860120FD
:10193000B1860120A0D70020C08601207686012034
:10194000BA86012038020120908601200CB00020C8
:10195000E4850120A4D7002034230020194B1B78F4
:1019600010B5CBB1184B1B78B3B118490A78F92AD6
:1019700012D8531C16481924DBB2FA2B20F8134056
:1019800009D0931CDBB2FA2B20F8134003D00332AA
:10199000D3B220F813400B700E48F0F7BFF80E4C8E
:1019A00037230E490E482370F0F728FF2378372B92
:1019B00001D1FFF74FFF0B490B48BDE81040F0F78E
:1019C0001DBF00BFB186012076860120BA860120A6
:1019D000380201207C1700208586012034B80020C1
:1019E000D8200020941F00209C1F0020664B1B78ED
:1019F000002B00F0B980654B654A30B51B7887B085
:101A0000013B32F81330B3F57A7F00F2A380614BCB
:101A10000DF1080C0FCBACE807005F4A1C0C2CF84A
:101A2000023B8CF8004092E803000B0C009002A8E7
:101A3000ADF804108DF80630F0F770F85749684695
:101A4000F0F7DCFEEFF78EFC5548F0F767F8554BE2
:101A5000554A78211B781180592B01D007B030BD31
:101A6000524C2378372B00F08980514A514BD2F8E1
:101A70001210D2F81E00C3F81210D2F81610C3F8D4
:101A80001E00C3F81610D2F81A10C3F81A10D2F8B4
:101A90002210C3F82210D2F82610C3F82610FFF740
:101AA0007DFE454B1B78002B43D0444B1B78002B0D
:101AB0003FD043480378F92B3BD85A1C4149212594
:101AC000D2B2FA2A21F8125052D09A1CD2B2FA2A73
:101AD00021F812504CD0DA1CD2B2FA2A21F8125056
:101AE000027026D01A1D2025D2B2FA2A21F81250EF
:101AF0003ED05A1DD2B2FA2A21F8125038D09A1D7F
:101B0000D2B2FA2A21F81250027012D0DA1D1F2523
:101B1000D2B2FA2A21F812500AD003F10802D2B246
:101B2000FA2A21F8125003D00933DAB221F8125000
:101B30000270254B002525481D70EFF7EFFF237835
:101B4000234A372B157016D0112007B0BDE830405E
:101B5000F0F788B81920F0F785F81E49104807B04B
:101B6000BDE83040F2F7ECB81B490D48F2F7E8B891
:101B7000FA230370DDE7FFF7CFFDE5E748F23041D8
:101B80001648F6F797FA70E7A786012072860120BB
:101B9000845B0120D01B00201C1C00207826002024
:101BA0007C17002068D6002014860120858601203D
:101BB000D40A012080D80020B18601207686012039
:101BC000BA86012038020120908601200CB0002046
:101BD000758601203C260020142600209C2600202B
:101BE0004E4A4F4B11781B6831B14E494E48096837
:101BF0000088591A814274D84C4A117831B14C4945
:101C00004C4809680088591A81426ED84A4A1178AE
:101C10002DE9F041AAB031B1484949480968008826
:101C2000591A814220D8474A117831B1464947486C
:101C300009680088591A814236D8454A117831B16D
:101C40004449454809680068591A814251D8434AB5
:101C5000117831B142484349006809681B1A8B4228
:101C60004ED82AB0BDE8F0813F4B00261B78167095
:101C7000302BF6D13D4C02ADDFF8008104F13C077A
:101C80003B48EFF74BFF23464246A0210434284649
:101C9000009614F0EFF82846EFF740FFBC42F2D16F
:101CA000344B00221A70DCE72F4B00261B7816708D
:101CB000312BD6D1304C02ADDFF8C08004F168077B
:101CC0002B48EFF72BFF23464246A0210434284639
:101CD000009614F0CFF82846EFF720FFBC42F2D16F
:101CE000DEE700231370F6F7D9BD00231370F6F773
:101CF0007DBA002313702AB0BDE8F041F6F7EABBC5
:101D0000194900231B480978137037290370A8D19B
:101D10002AB0BDE8F041FFF7FFBC00BFC386012039
:101D2000E48501203401012026860120C58601209A
:101D30001805012030860120C486012014050120E9
:101D40003A860120C2860120080101202486012054
:101D5000C1860120ACD70020A8D70020C086012072
:101D6000A4D70020A0D700208586012028BC002011
:101D7000F811002075860120CCBA00201C24002018
:101D8000184B30B593E8030083B0009068468DF897
:101D90000410FEF7F3FC4FF6FF7398420CD10024B9
:101DA00005460A200134EFF749FE6846FEF7E6FCD7
:101DB000A84201D1182CF4DD0B4CC0B20B4B227899
:101DC0000B4D134413F8013C834202D12B7893420C
:101DD00005D0084B1871F2F7B5FC23782B7003B0CF
:101DE00030BD00BF3C180020DFCC002014D70020FD
:101DF000FC860120C05C012010B5144C84B0144A4C
:101E000094F800C01349144B126863444FEA124C13
:101E1000ADF8042003C98DF806C0029002A88DF821
:101E20000C1013F8011CF2F73BF922780B4B01A8B8
:101E30000B49134413F8013CC3EBC30301EB43010B
:101E4000F0F7DCFCFFF79CFF04B010BDDFCC0020F6
:101E5000C81A00203C18002014D70020E0B500204C
:101E600000B40020A94BAA4A70B593E803009AB0C9
:101E7000A84CA94D11902B68ADF848101568A74AD9
:101E8000A74EADF804301B0CADF808508DF80630A5
:101E9000A44B94E8030034681390ADF850100B93F2
:101EA000ADF80C40A04B92E80300A04A1590280C16
:101EB00012688DF80A009E48ADF85810210C0A905F
:101EC00000F580309B4C1B689B4D0C90100C8DF8DE
:101ED0000E100E9404F58034ADF810209749984AFE
:101EE0000D958DF81200180C0F9410920968ADF83A
:101EF0001430944B0C0CADF818101B689249934A9F
:101F00008DF81600180C1268ADF81C300B6890495B
:101F10008DF81A40140CADF820201A0C09788DF8B1
:101F20001E0011A88DF826208DF82240ADF824302F
:101F3000F2F7B6F8874B13A8874D1978F2F7B0F887
:101F4000864B15A8864C1978F2F7AAF8297802A8CA
:101F5000F2F7A6F8697803A8F2F7A2F8A97804A81E
:101F6000F2F79EF8E97805A8F2F79AF8297906A819
:101F7000F2F796F8697907A8F2F792F8A97908A814
:101F8000F2F78EF8E97909A8F2F78AF817AB2E78FC
:101F900094E8070003C31A70002E00F08C80013E05
:101FA00070490AA806EB860306EB43063144F0F7B6
:101FB00025FC17AB6E7894E8070003C31A70002E57
:101FC00000F09F80013E674901A806EB860306EBFF
:101FD00043063144F0F712FC17ABAE7894E80700E3
:101FE00003C31A70002E00F08780013E5D490BA8E4
:101FF00006EB860306EB43063144F0F7FFFB17AB15
:10200000EE7894E8070003C31A70002E6FD0013EEB
:1020100054490CA806EB860306EB43063144F0F75F
:10202000EDFB17AB2E7994E8070003C31A70002E5E
:1020300058D0013E4B490DA806EB860306EB43063C
:102040003144F0F7DBFB17AB6E7994E8070003C36C
:102050001A70002E41D0013E42490EA806EB8603BD
:1020600006EB43063144F0F7C9FB17ABAE7994E8B1
:10207000070003C31A705EB3013E3A490FA806EB8E
:10208000860306EB43063144F0F7B8FB17ABED7956
:1020900094E8070003C31A7095B1013D314910A8B7
:1020A00005EB850305EB43052944F0F7A7FBFFF794
:1020B000A3FE1AB070BD17A90AA8F0F79FFB78E736
:1020C00017A910A8F0F79AFBFFF796FE1AB070BD9B
:1020D00017A90FA8F0F792FBD8E717A90EA8F0F7F9
:1020E0008DFBC2E717A90DA8F0F788FBABE717A98E
:1020F0000CA8F0F783FB94E717A90BA8F0F77EFB79
:102100007DE717A901A8F0F779FB65E760240020B7
:10211000381C002068240020300F0020702400208C
:10212000ACAD0020743131003C1C0020341C002078
:10213000743132007431340074313600481C002090
:1021400074313700401C00204C1C0020441C00202F
:10215000E8CC0020E9CC0020B4B60020EACC002076
:10216000F0280020E8B50020124B10B5197886B091
:10217000B9B9114C0DF1040C0FCCACE80F00236879
:1021800001A81A0C2CF8023B8CF80020EFF7C6FCD3
:102190000A4B1D221A70FFF765FEF2F7E1F906B04F
:1021A00010BD00230A2206480CF0DAFC04480CF0AB
:1021B000BBFCDEE7C98601201417002085860120BC
:1021C000D0BD002008B5C820EFF738FCEAF720F9A9
:1021D000BDE80840FFF746BE08B5114B4FF6FE704C
:1021E000104903F1C00C03E09C4521F8022B03D0F9
:1021F00053F8042F8242F7D90B4B1B78032B02D0E4
:102200001D2B04D008BDBDE80840F0F7D1BDC820A3
:10221000EFF714FCEAF7FCF8BDE80840FFF722BE30
:10222000C05C0120A80C01208586012030B5654CDA
:1022300097B023780A2B00D073B9634B0022634810
:102240001B7803EB031300EB83019B00CA60C250B1
:10225000C1E90122F1F772FF5D4B1B7823B15D4BA1
:102260001B78002B40F0A7805B4B1B78002B40F0C5
:102270009F805A4A5A4B12781B789A427ED0237814
:10228000BBB9F4F7D3FA2378022B17D0212B1AD03D
:102290001D2B25D02D2B28D0362B2BD0312B2ED0FB
:1022A000352B31D02F2B2FD0323B012B5AD917B0E1
:1022B00030BDF2F755F92378022BE7D1E7F798F90B
:1022C0002378212BE4D1474B18780138C0B203287A
:1022D00001D8FEF75DFCF3F70BF923781D2BD9D15C
:1022E000FFF78AFD23782D2BD6D1F6F73DFB237817
:1022F000362BD3D1F6F758F92378312BD0D1F6F716
:10230000C7FE2378352BCDD12F4B002201A8197899
:10231000E1F7E8F9344B93E8030004900DF1150060
:102320008DF8141001A915F009FB04A92F48F0F746
:1023300065FA2F4B002201A81978E1F7D3F92D4B4C
:1023400093E8030004900DF115008DF8141001A915
:1023500015F0F4FA04A92848F0F750FA2378323B34
:10236000012BA4D8184C25482178F1F799FE217843
:10237000234817B0BDE83040F1F792BE214B1B78DF
:10238000002B3FF47CAF204D42F20F732A689A4233
:102390007FF675AF0C491D4B09781D4A0B4413F8A5
:1023A000013CD05CEFF75EFC2A681A4B1A6066E7C6
:1023B000E2F7FEFC5DE7044A0D4B12781A70F5F760
:1023C000B9FF51E785860120DFCC002084D90020A9
:1023D000C9860120A9860120D9860120B386012063
:1023E000B4860120FDCC002038270020240F0020D7
:1023F000EBCC0020280F0020300F0020ACAD0020D7
:10240000341C0020DACC0020E4850120E0B5002057
:10241000C0B500200C0D0120F8B54A4B1B78062BE7
:1024200018BF002B14BF0124002432D1464B1B7867
:10243000002B2FD0454B1B78002B2BD1444D454E04
:10244000F6F7A8FC2B7832789A4208D0F6F7DCFF32
:102450002B78002B5FD101223F4933700A703F4E29
:10246000002B55D134783E4D2B78A34203D03D4B01
:102470001B78002B58D13C4C3C4FEAF70DFA2378DF
:102480003A789A4202D0FFF7D1FE3B783278237037
:102490002A70F8BD364B1B7873B1013BDAB2032AC0
:1024A0003DD8344AD25C002A44D1334A12F8133062
:1024B000324AD35C83F00103314A254D12782B70E8
:1024C0000AB3304B1B78013BDAB2032A1BD82A4AE5
:1024D000284812F8131002EB4302C35C527813B180
:1024E0000B4611461A46254B595CD1B99B5C33B358
:1024F000254B1B782549264A0B701178994202D04A
:102500001370E2F7FFFAEAF707FAEAF763FA96E7D9
:1025100000233370A7E700221E490A709CE70123BD
:10252000CAE71D4B1B78E5E7FCF798FB0E4CFE2332
:102530002370A1E7104A02EB43035B78B8E7174B1F
:102540001B78D7E78486012078860120E2CC002022
:10255000CB860120CD86012071860120B386012023
:10256000B48601200ACD0020FDCC0020DFCC002065
:10257000CC860120805C0120C0330020785C0120E3
:10258000778601207A8601207B86012079860120CA
:10259000F5860120D1860120E3CC0020E4CC002088
:1025A000F8B504461948FEF7E9F84FF6FF7398426C
:1025B0000DD10025154F06460A200135EFF73EFAEA
:1025C0003846FEF7DBF8B04201D1182DF4DD83B2B6
:1025D0000F4D104E611E03EB43030022308015F8AF
:1025E000333001F8013F10463388013203EB4303D7
:1025F00005EBC3039B5C2E2B03D00C2AF1D12046A4
:10260000F8BD2044002343702046F8BD242000205C
:10261000C46C01201086012038B50524064DF3F75F
:1026200093FA6420EFF70AFA2846FFF7B9FFF3F7A9
:102630008BFA013CF5D138BDF4F000205A4A5B4BCF
:1026400092E803002DE9F04F0A0C8BB0049006AC21
:10265000ADF814108DF816200FCB84E80F0004A8F5
:10266000FEF78CF84FF6FF7398420DD10025064611
:1026700001E0182D08DC0A200135EFF7DFF904A886
:10268000FEF77CF8B042F4D030BBDFF858B14849CF
:102690000023484A0868ABF800301360431E5A2BE9
:1026A00001D8F8F79DFD444BF22103F1200223F8F5
:1026B000021F9A42FBD106A8EFF730FA3F4B0122E6
:1026C0001A70F1F74DFF4FF4805200213C480BB0D7
:1026D000BDE8F04F14F038BE3A4BDFF808B193F87C
:1026E0000090BBF8003009EB091E374A013B374D1B
:1026F000374802EB0308724405EB0E063549039296
:1027000005EB030C344AF41800EB0E051844D718F7
:10271000324A0094EC18D61801EB0E05304A1944E1
:102720000194EC18D51801220294914502F101029E
:1027300028D0294C04EB0E0A284C1AF803A087F87D
:1027400011A004EB0E0A264C1AF803A086F811A07B
:1027500004EB0E0A009C1AF803A085F811A094F867
:1027600000A0019C8CF811A094F800A0029C80F8B5
:1027700011A094F800A0039C81F811A014F803A004
:1027800088F811A0052A0CF1110C00F1110001F1DB
:10279000110108F1110807F1110706F1110605F101
:1027A0001105C2D173E700BF1CAB0020C01600208A
:1027B0005CB8002098D700200A5C012085860120A3
:1027C000C05C0120DFCC0020B4ED002064EE0020CE
:1027D0000CEE00205CD5002034ED0020ECD8002069
:1027E0002CD700200C8601202DE9F041574C8EB0EB
:1027F0000FCC03AE08AD0FC654F8043B3380544BE6
:10280000544E00930FCC0FC594E8030085E80300F5
:1028100096E803000B0C019003A8ADF808108DF8A2
:102820000A30FDF7ABFF4FF6FF73984210D100243A
:1028300005460A200134EFF701F903A8FDF79EFFD2
:10284000A84201D1182CF4DD4FF6FF73984206D050
:10285000C828414BA8BFC82020EAE07018700DF1CD
:102860001200FDF78BFF4FF6FF73984211D1002441
:1028700005460A200134EFF7E1F80DF11200FDF7EB
:102880007DFFA84201D1182CF3DD4FF6FF7398426B
:1028900006D0C828314BA8BFC82020EAE0701870C5
:1028A00006A8FDF76BFF4FF6FF73984210D1002486
:1028B00005460A200134EFF7C1F806A8FDF75EFFD0
:1028C000A84201D1182CF4DD4FF6FF73984206D0D0
:1028D000C828234BA8BFC82020EAE070187008ACB5
:1028E000204E0EAF4FF6FF752046FDF747FFA8427A
:1028F00025D14FF000080A2008F10108EFF79EF8F3
:102900002046FDF73BFFA84219D1B8F1180FF2DDC0
:10291000A84214D103340136A742E5D1124900225E
:10292000124B08681A60431E5A2B01D8F8F758FC5E
:10293000694601A8EFF762FF0EB0BDE8F0811028EC
:10294000A8BF102020EAE0703070E3E7EC0D002013
:1029500058583A00D0230020E8CC0020E9CC0020D1
:10296000EACC0020B4B600205CB8002098D7002044
:1029700008B5FFF739FFBDE80840FFF773BA00BF9D
:1029800008B5FFF731FF0749074B002208681A60B6
:10299000431E5A2B01D8F8F723FCBDE80840FEF788
:1029A0008DB800BF5CB8002098D700202DE9F04F0B
:1029B0008C4BF3B0DFF8609209AC0DF1440E0DF1D1
:1029C000840C0DAF7646DFF854B265460FCB07C4D2
:1029D000854A24F8023B1B0C07CA237006AB00246F
:1029E00003C31A7005ABA0460193B9E80F00AEE827
:1029F0000F00B9E80F00AEE80F00B9E80F00AEE82D
:102A00000F0009F1100A99E80F008EE80F00BAE8EC
:102A10000F00ACE80F00BAE80F00ACE80F00BAE80E
:102A20000F00ACE80F00714A03924FF000028DF8DE
:102A3000BE219AE80F008CE80F0009F5D0720FCA8A
:102A400087E80F006A4A019B92E80300FA22198086
:102A5000090C049031A88DF8161066490CF0EEFBB5
:102A600009A8EFF75BF831A93046EAF739FD0028ED
:102A700040F0838031A92846EAF732FD002857D17B
:102A8000032C25D9B8F1000F45D104F101094C46BA
:102A9000043604370435102CE5D1B8F1000F40F0AE
:102AA0008B80642106A8F1F7FBFAF2F789FA524B02
:102AB0001F2252481A70EFF731F80021504B4FF4A3
:102AC00080525048196073B0BDE8F04F14F03CBC20
:102AD00031A93846EAF704FD0028D3D03846FDF77F
:102AE0004DFE4FF6FF73984210D180464FF000091B
:102AF00002E0B9F1180F09DC0A2009F10109EEF72B
:102B00009DFF3846FDF73AFE4045F2D001383E4B76
:102B100080F30400E054642106A804F101094FF099
:102B2000010804FB011109110139F1F7B9FAAEE707
:102B30002846FDF723FE4FF6FF7398420FD18046DB
:102B40004FF000090A2009F10109EEF777FF284646
:102B5000FDF714FE404502D1B9F1180FF2DD01383E
:102B6000032C80F3040004F80B00D4D831A93846B4
:102B7000EAF7B6FC0028CED0B0E73046FDF7FEFD00
:102B80004FF6FF7398420FD180464FF000090A209C
:102B900009F10109EEF752FF3046FDF7EFFD404520
:102BA00002D1B9F1180FF2DD0138184B4FF00108CE
:102BB00080F30400E0545DE75F2106A8F1F770FAA6
:102BC00003A904A8EFF71AFEE8F736FE1049114BE7
:102BD000002208681A60431E5A2B3FF662AFF8F7CE
:102BE000FFFA5EE7FCAD00201CAE002058583A000A
:102BF000D0230020C45C012085860120F8CB002072
:102C000080D90020C05C0120C4B70020ACB70020F0
:102C10005CB8002098D700203C07002098B6002020
:102C2000F8B55E48FDF7AAFD4FF6FF7398420DD147
:102C300000245A4E05460A200134EEF7FFFE3046C6
:102C4000FDF79CFDA84201D1182CF4DDC0B2431E53
:102C5000032B534B00F29A801870524C00255248B7
:102C60002570FDF78BFD4FF6FF7398420CD14E4F48
:102C700006460A200135EEF7E1FE3846FDF77EFDF7
:102C8000B04201D1182DF4DD18B1237843F00103CF
:102C900023704648FDF772FD4FF6FF7398420DD141
:102CA0000025424F06460A200135EEF7C7FE38469A
:102CB000FDF764FDB04201D1182DF4DD18B1237881
:102CC00043F0020323703A48FDF758FD4FF6FF73B7
:102CD00098420DD10025364F06460A200135EEF701
:102CE000ADFE3846FDF74AFDB04201D1182DF4DDA6
:102CF00018B1237843F0040323702E48FDF73EFDFE
:102D00004FF6FF7398420DD100252A4F06460A2040
:102D10000135EEF793FE3846FDF730FDB04201D1A4
:102D2000182DF4DD18B1237843F0080323702248EE
:102D3000FDF724FD4FF6FF7398420DD100251E4F7D
:102D400006460A200135EEF779FE3846FDF716FDF6
:102D5000B04201D1182DF4DD48B1184BF0EE027AE3
:102D600093ED007AB4EEE77AF1EE10FA11DC2078F8
:102D7000EAF77AF9124B187020B16323114AB3FBBA
:102D8000F0F31380BDE8F840F3F764B901221A703C
:102D900063E7207840F010002070E9E7ACAD002038
:102DA000F2CC0020E3860120BC2100202C2800204A
:102DB00030280020342800209C1E0020F40501202B
:102DC000D08601202286012070B5104B0124104DC1
:102DD0001C702E782C70FFF723FF00220D4B0E483D
:102DE0001A80EEF79BFE0D48EEF798FE0C4B21463D
:102DF0000C481C80F1F754F94FF47A70EEF71EFE80
:102E0000094B08222E701A7070BD00BF7586012014
:102E1000A98601204A860120FCAD0020B4160020BE
:102E20002E8601201CAE00208486012070B5104B38
:102E30000124104D1C702E782C70FFF7F1FE00223B
:102E40000D4B0E481A80EEF769FE0D48EEF766FE50
:102E50000C4B21460C481C80F1F722F94FF47A7094
:102E6000EEF7ECFD094B07222E701A7070BD00BF03
:102E700075860120A98601204A860120FCAD00202C
:102E8000B41600202E8601201CAE0020848601206E
:102E9000764A774BF0B592E8030097B0754D0A0C6F
:102EA00003900DACADF810108DF81220724A93E823
:102EB0000300724B059000930B0CADF818108DF8C1
:102EC0001A306F4BCDE901230FCD0FC40FCD0FC4C6
:102ED0002B6805A82380FDF751FC4FF6FF7398423D
:102EE0000CD1002405460A200134EEF7A7FD05A801
:102EF000FDF744FCA84201D1182CF4DD031E614EFD
:102F000003A818BF01233370FDF738FC4FF6FF7399
:102F100098420CD1002405460A200134EEF78EFDBC
:102F200003A8FDF72BFCA84201D1182CF4DD021EEA
:102F3000554C337818BF01222270544A0BB900282F
:102F400068D0012105231170514A68461370FDF7BE
:102F500015FC4FF6FF7398420CD1002506460A2057
:102F60000135EEF76BFD6846FDF708FCB04201D174
:102F7000182DF4DD474B187001A8FDF7FFFB4FF645
:102F8000FF7398420CD1002506460A200135EEF762
:102F900055FD01A8FDF7F2FBB04201D1182DF4DD7B
:102FA0003D4E307002A8FDF7E9FB4FF6FF739842E3
:102FB0000CD1074600250A200135EEF73FFD02A897
:102FC000FDF7DCFBB84201D1182DF4DDC0B2334A65
:102FD0002378107013B13378184321D0304B1B780D
:102FE000DBB1F7F737FB2F482F4A00242F4B00683F
:102FF0001B681460421E2E49023B5A2A0B8001D8DE
:10300000F8F7EEF8F1F7ACFAF8F766F8FAF78AFE97
:1030100017B0F0BD0223107096E7F7F73DFAE0E72E
:10302000244B09AC244D0FCB07C495E803001A0CC0
:1030300024F8023B0B0C079009A822708DF822306F
:10304000ADF82010EEF76AFD0DA907A8EFF7D6FB43
:10305000EEF788F91948EEF761FD194B194A782106
:103060001B781180592BD3D1B8E700BF88180020F6
:1030700090180020D4110020636231006362300098
:10308000636232007886012077860120E586012080
:103090000FCD00207B860120E4CC0020E3CC002073
:1030A000B28601205CB8002098D70020D00A012009
:1030B0001C860120D01B00201C1C0020BCCA002044
:1030C00068D60020148601203B493C4B3C4A70B531
:1030D00003C988B00190ADF8081093E8030005AB70
:1030E0000C0C0390ADF810108DF8124007CA03C302
:1030F00034481A800BF038F910B1002008B070BDC8
:10310000044601A8FDF73AFB4FF6FF7398420CD135
:10311000254606460A200135EEF790FC01A8FDF78A
:103120002DFBB04201D1182DF4DD0130264E306068
:1031300003A8FDF723FB4FF6FF7398420BD105461A
:103140000A200134EEF77AFC03A8FDF717FBA8422A
:1031500001D1182CF4DD1D4C80B21D4D2388288030
:10316000834203D0F0F7EEFB2B882380194C3068A4
:103170002388834211D0431E592B15D8F9F7FCFD43
:1031800005A81549EFF73AFB33682380F1F7E8F912
:10319000F2F7DAFC012008B070BD4FF48052002134
:1031A0000E4814F0D1F8A8E7012301A800213360EC
:1031B000F0F776FF3068E1E72420002004A9002022
:1031C0002C200020E0BD00205CB8002014860120E7
:1031D000108601201686012034B80020C05C012032
:1031E0002DE9F84F354FD7E900238B4208BF8242C3
:1031F0005CD00023DFF8DCB0314E05469A46DBF8A0
:1032000000800C46DFF8D090CBF800303370BAF174
:10321000000F14D1DBF800305A1C592B10462FD860
:10322000CBF80020F9F7A8FDD9E90023A34208BF95
:10323000AA4234D096F800A0BAF1000FEAD0F1F714
:103240008FF9204B1B78B3B3F7F704FA1E4B1F4AD4
:103250001B68DBF80000023B138000221C4B1A6045
:10326000431E5A2B01D8F7F7BBFFFFF72DFFF2F7EC
:103270006BFC002200235046C7E90023BDE8F88F0D
:103280004B20EEF7EFFC4046CBF80080C7E9005436
:10329000F9F772FDF1F764F95046BDE8F88F4FF089
:1032A00001031C203370EEF7DDFCC3E74FF0000A8A
:1032B0005046BDE8F88FF7F7EFF8C5E7B0D4002027
:1032C000B1860120B2860120D00A01201C8601208F
:1032D00098D700205CB8002088D4002030B51C4C62
:1032E00083B018221B48214605F020FC6178207825
:1032F000EEF71EFD184B1B788BB1184DD4E9020177
:10330000D5E90023994208BF904208D0144BD3E975
:103310000023C5E90001994208BF90420ED1617CAB
:103320000C48019105F004FB01990A4805F0BEFA2A
:10333000084803B0BDE8304005F05ABBFFF750FF26
:103340000028ECD100220023C5E90023E7E700BFF5
:1033500090D400203C050120DDCC0020B8D4002012
:1033600088D40020414A424B126870B5110C88B0D5
:10337000404CADF800200DF1100C8DF802100FCB71
:10338000ACE807002CF8023B1B0C94E807008CF813
:10339000003001AB03C31A70FBF7BCFE364805F0E2
:1033A000BDFB00BB354E364D364A33682968127C6A
:1033B0005B1A934201D808B070BD04462E4805F050
:1033C000B7FA05212C4805F071FA2B4805F010FBDF
:1033D0002046F2F7ABF92C4A3168136829600133B3
:1033E000136008B070BD244805F084FB18281CD079
:1033F000264A13780133DBB2022B05D813701E481E
:1034000005F022FA08B070BD002304A968461370C5
:10341000EFF7F4F901A8EEF781FB6520EEF722FC47
:103420004FF4FA60EEF70AFBE9E7184B0025184C59
:103430001D70E8F7B1F9FFF751FF0120F2F776F9B7
:1034400014480E4903880A6826680133921B9BB210
:10345000B2F57A7F038004D30F4A05800868138091
:1034600020600A68064B1A6008B070BD682500200D
:10347000841C00206C2500203C050120E4850120EF
:1034800070D9002090D40020E87A0120F68601202F
:10349000F88001205E8601202A86012008B564207C
:1034A000EEF7CCFABDE80840FFF70EBE2DE9F0417B
:1034B000ADF5C15D474B484A86B01B68DFF83881DF
:1034C000694601AC0B801B0C0DF102010B70234609
:1034D00007CA03C3110C23F8022B04A819703F4933
:1034E00014F01CF83E4A034698F8005003CA1860CE
:1034F00059600EAB94E8070003C323F8022B120CAB
:103500001A70002D34D0374D0024374E374F13E05A
:10351000344914F013FA33680134183509A9BB4251
:103520000EA821D013F062FF69460EA813F05EFFCB
:1035300098F80030A3421CDD326809AB4FF0000C54
:103540002046BA42194683F800C009D0EBF7E0FAEA
:1035500029460EA8002CDBD00EA813F047FFDAE7AF
:103560003379002BF4D0F1E73379002BDCD0D9E7A5
:103570001D4E0EA904A8FCF7BDFD1848FDF7FEF886
:103580004FF6FF7398420DD10024144F05460A20D0
:103590000134EEF753FA3846FDF7F0F8A84201D1AE
:1035A000182CF4DD124B782212491A800F4B326826
:1035B00008809A4206D0EFF74FFD0DF5C15D06B0C9
:1035C000BDE8F0813379002BF5D10DF5C15D06B072
:1035D000BDE8F08128300020F41C0020A8ED002078
:1035E000EC1C0020C46C0120B0EC00202E4D4F4498
:1035F00014860120108601208C86012010B5504BC6
:10360000A4B03F2102464F4C0DF1100CADF8041050
:1036100093E80300A3189B798CE8030053B1911D34
:103620000020494A2144137011F8013F02F8010FAC
:10363000002BF8D115AC9CE8030084E80300424954
:103640000DF15B0013F06AFFBDF804203F4B0DF154
:10365000180C02800FCBACE807003D4A4FEA134E2E
:103660002CF8023B8CF800E092E803000B0C02906F
:1036700006A8ADF80C108DF80E30EEF74FFA214683
:1036800002A8EFF7BBF8EDF76DFE3248EEF746FA09
:10369000314B324A78211B781180592B0CD0304B9A
:1036A0001B78002B35D14FF480520021254824B0DF
:1036B000BDE8104013F048BE2348E9F73BFF294B13
:1036C000D3F8840440B3002401460123264A06A807
:1036D000069407F0DFFD00282ED1244A244B92E8FF
:1036E000030018601971ECF7B5F8224A224B92E8F2
:1036F00003000A0C186099809A71FFF7D7FE1F4AE1
:103700001388013B1380F0F71DF9154B1B78002B34
:10371000C9D0E7F7C9F8C6E7D3F888140029DCD088
:1037200012900123104A06A806F02EFA0028D4D0E1
:1037300006A806F08DFAD0E706A808F0B1FECCE79F
:1037400068130020C05C0120385C0120D01B0020E1
:103750001C1C00209CCB002068D600201486012071
:10376000B2860120FC050120100D0120E02A002076
:10377000B0EC002004A90020A8ED00201086012054
:103780002DE9F041524DAEB095E8070005AB03AE10
:1037900008AC03C34F491A703F224F4BADF80020CD
:1037A00003C986E803000FCB07C405A82380FCF7F4
:1037B000E5FF4FF6FF7398420CD1074600240A201C
:1037C0000134EEF73BF905A8FCF7D8FFB84201D168
:1037D000182CF4DD414F00EB400041490DF1680821
:1037E00001EBC001384613F099FEC7F1010204460F
:1037F00096E8030022443B4E88E8030039460DF169
:103800006F000BF01BFD04F1B803BDF800200CACF9
:103810000DEB0300344BC01B20F8492C0FCB07C421
:1038200096E8030024F8023B1B0CADF80810090CC5
:10383000237001900CA88DF80A10EEF76FF941463D
:1038400001A8EEF7DBFFEDF78DFD08A8EEF766F9AE
:10385000264B78221A80264B1B78592B02D02EB08B
:10386000BDE8F0813846E9F765FE224BD3F88424A1
:10387000D2B10020114601231F4A0C900CA807F07A
:1038800009FD08BB1D4A1E4B92E803001860197120
:10389000EBF7E0FF1B4B95E8070003C31A70FFF737
:1038A00005FE2EB0BDE8F081D3F888140029E9D0D8
:1038B00018920123104A0CA806F066F90028E1D0FE
:1038C0000CA806F0C5F9DDE70CA808F0E9FDD9E77A
:1038D000AC17002068130020AC1F0020985C01206A
:1038E000C46C01201C1C0020D01B00201486012069
:1038F00068D60020FC050120100D0120A0A60020A4
:10390000B0EC0020A8ED00202DE9F04F404B9DB019
:10391000DFF8309109AC0DF1540CDFF82CA106AFA3
:10392000DFF828B103AEDFF828810DAD0DF1440EAC
:103930000FCB07C42380374C0FCCACE80F0094E8C2
:103940000700ACE8030099E803008CF80020019020
:103950008DF808109AE8070003C73A80DBF80030BA
:1039600098E80700ADF800301B0C03C68DF8023054
:103970003270294B294A14780FCB07C52B80284B6E
:103980000FCBAEE807002EF8023B1B0C8EF8003080
:10399000002C36D109A8EEF7C1F8224B2A22462086
:1039A0001A70EEF74BF8204901A8E9F799FDC0B964
:1039B0001E4A1F4B92E803001860684619710DA952
:1039C000EEF71CFFEBF746FF1A4A1B4B1B4C07CACE
:1039D00003C317211A702170FFF768FD1DB0BDE801
:1039E000F08F99E80300124B186006A81971EEF7E2
:1039F00095F803A8EEF792F811A96846EEF7FEFED7
:103A0000E0E715A90E48F0F79BF91DB0BDE8F08F6F
:103A1000AC1F00206C2C0020F8270020A786012076
:103A20000828002085860120985C0120A0A600209F
:103A3000B0EC0020AC170020A8ED0020CE860120BD
:103A400068CB0020E0A6002068180020F41F0020AA
:103A500060AE0020F8B5174E1748EEF75FF8174C28
:103A6000174A184B184F194D96E803002060A180A3
:103A7000052492E803001860197134233B70EBF7BA
:103A8000E9FEFFF713FD12491248EEF7B7FEE9F71A
:103A9000FFFA01463046F0F703FBF2F755F86420D1
:103AA000EDF7CCFF2846FEF77BFDF2F74DF8013C21
:103AB000F5D1F8BD24200020041F0020A8ED00202F
:103AC000F02A0020B0EC002085860120F4F00020D0
:103AD00034B80020F41F002030B5314B91B0314C88
:103AE0000DF11C0C1D780FCCACE80F000FCCACE82E
:103AF0000F0023688CF8003015B12B4B1B784BBBA3
:103B00002A4C2B4B22682B481A60EEF707F82A4BF9
:103B100005221A70F2F718F8F0F722FD274A284B11
:103B200092E8030018601971EBF794FE254A264BC2
:103B300092E803000A0C186099809A71FFF7B6FCAE
:103B4000EFF700FF214B22681A6011B0BDE830404A
:103B5000FCF78EBB1E4B03AC1E4D0FCB07C495E884
:103B600003001A0C24F8023B0B0C019003A82270EE
:103B70008DF80A30ADF80810EDF7D0FF07A901A8BD
:103B8000EEF73CFEEDF7EEFB1348EDF7C7FF134BE6
:103B9000134A78211B781180592BB1D011B030BD58
:103BA000B186012090160020768601205CB80020A6
:103BB000CCBD00209CCB002085860120E02A00207F
:103BC000B0EC002004A90020A8ED0020A4BB002038
:103BD000D01B00201C1C0020F8CB002068D6002041
:103BE0001486012030B5114A89B0114D00246B466E
:103BF000069402942C700594CDF81B4092E80300C3
:103C0000282283E8030018462946CDE90344EDF74E
:103C10005DFA084A084B10681C60431E5A2B01D8F5
:103C2000F7F7DEFAFFF758FF09B030BD180E002095
:103C300034B800205CB8002098D700202DE9F04F60
:103C40009F4ADFF8C4822DED028BE3B007CA0FABA9
:103C50000DF1840C0DF1600E25AF0DF16C0929AD4D
:103C60002DAC0DF1C40A4E460DF1540B03C395491A
:103C70001A700123944A8DF80B3012AB069207C9D3
:103C800003C31A70914B93E807001EAB83E807004B
:103C90008F4B93E803000BAB83E803008D4B0FCBF6
:103CA000ACE807008CF800308B4B93E807008B4B97
:103CB0001B68ADF810301B0C8DF81230884BAEE845
:103CC000030093E80300874B8DF820100790AEF8AF
:103CD000002093E803000DAB83E80300824B0FCB79
:103CE00007C73B70814B93E807004FF03F0303C6C3
:103CF00026F8022B120C3270ADF80C307C4B0FCB37
:103D000007C525F8023B1B0C2B707A4B0FCB07C461
:103D100024F8023B1B0C2370774B0FCB8AE80F0073
:103D2000764B93E80700ABE803008BF80020D8F847
:103D30000030734A93423AD055AB0DF59678714DE9
:103D400042AE444608EE906A99E8070003C36E4904
:103D50000DF5AF701A8013F0E1FBBDF80C30038055
:103D60006A4B0FCB07C495E8030024F8023B1B0CF9
:103D7000ADF80C11090C2370429040468DF80E11DD
:103D8000EDF7CCFE55A93046EEF738FDEDF7EAFA2F
:103D90005046EDF7C3FE5E4B5E4A78211B781180DA
:103DA000592B18D063B0BDEC028BBDE8F08F5A4B95
:103DB000D8F804209A42BFD1B8F8082046F27353CD
:103DC0009A42B9D198F80A30002BB5D142AB0DF523
:103DD000967808EE903A0024504B0220504E1C700A
:103DE0002146504B45461C700BF0F8FC2146032041
:103DF0000BF0F4FCF6F786FE014604200BF0EEFC17
:103E00000FCE0FC5336840462B80EDF787FE464B3B
:103E1000232212A90FA81A70EEF7F0FC25A904A816
:103E2000EEF7ECFC1CF0C0F80F2202213F4805F031
:103E3000C5F805213D4804F039FD3C4804F00EFD6D
:103E40003A4804F001FDFE23012138484FF0FE32CC
:103E500004F08AFE354804F0CBFD354B1C80354B11
:103E60001B78002B40F0DD810DF207160DF22B1BA5
:103E7000314C4FF0000A314DDFF8D090304F052023
:103E800006F801AF0BF0E0F823682A689B1AB3F537
:103E90007A7F07D33B88990440F1BF80294B7B6030
:103EA00023682B60ECF792FF274B03F801AF4B45DB
:103EB000FBD15E45E3D1D4F800A0DFF8709076E046
:103EC00050180020E01D00202E2E2E00EC1D00209A
:103ED000F81D0020001E0020101E0020F41F0020EE
:103EE000441500204C1500201C1E0020E4AD0020CD
:103EF000FCAD00200CAE0020601200201CAE0020A3
:103F00004E6F74201C1C002034B80020D01B0020F1
:103F100068D6002014860120696E2075A7860120CE
:103F2000E0260020A8860120858601203C0501208E
:103F30001E860120B2860120E4850120747D0120C7
:103F400000C00B4002A680B4BF5C0120BF6C012002
:103F5000B5480AF009FA00286DD123682A689B1A2F
:103F6000B3F57A7F07D3B14B1A8892045CD5B04A77
:103F70005A6023682B60236847F22F52A3EB0A0391
:103F8000934200F284802368AA4AA3EB0A03A2FBAF
:103F900003239B0907EE903AB8EEE78AFDEEC87A54
:103FA000F8EEE77AF4EE487AF1EE10FA46D0484699
:103FB00004F0B4FD0646002840F08D809E4F01209D
:103FC0000BF042F83A88002AC2D09C4B9C49184614
:103FD00001920BF033F9019A3E808654FFF77CFD85
:103FE0004FF480520021954813F0AEF9954BD3E978
:103FF0000001E7F723F80221934804F0CDFF934B2B
:10400000934A91481278197804F0D8FFE1F738F80C
:1040100063B0BDEC028BBDE8F08F4AF20263BB8057
:104020004BF28043BB803BE74AF202629A804BF23C
:1040300080429A809DE7ECF761FECFE712A935A890
:1040400013F06CFAF3EE0E7A0646002209A877EE1A
:10405000C87AFDEEE77A17EE901ADFF743FB0146C8
:10406000304613F05BFA06A913F068FC35A90FA8D7
:10407000EEF7C4FB3E88002E40F0F2806A480AF05A
:1040800073F900283FF419AFECF738FEF1E00BA903
:104090000FA8EEF7B3FB6B4BD3E90001E6F7CEFFB9
:1040A0000221694804F078FF684B694A1978127850
:1040B000654804F083FFF6F767FD1920EDF7D2FDA0
:1040C0004FF4FA60EDF7BAFCFFF706FD63B0BDEC04
:1040D000028BBDE8F08F01230DF10B025A481946FF
:1040E0005C4F04F0DDFE0520EDF7A8FC202218EE61
:1040F000901A554804F01AFD29A8EDF70FFD052187
:1041000015A8EFF7CDFF1EAB0FA81946EEF776FB0B
:1041100018EE901A384613F001FA9DF826619DF8C2
:1041200025318346360406EB03269DF824311E44D0
:104130009DF8273106EB0366731EB3F5406F80F0E0
:10414000C681454B1EA99DF81C213AA89FED438AC4
:104150001A71469ADFF8D4A01A6013F0DFF9C7F19C
:104160000102394600275A44DFF8CCB00BF066F85C
:104170003AA90FA8EEF742FB23680AE02A480AF0A2
:10418000F3F800284AD1304804F0C8FC002840F079
:104190008D80B74280F0F78023682A689B1AB3F5B8
:1041A0007A7F08D3BAF800309B042ED5204BCAF88A
:1041B000043023682B60BBF80020002ADED01F4C9F
:1041C0001F49204601920BF039F80023019AABF801
:1041D0000030A354E0F754FF1A4BD3E90001E6F78F
:1041E0002DFF0221184804F0D7FE184B184A164834
:1041F0001278197804F0E2FEF6F7C6FCFFF76CFCC3
:1042000063B0BDEC028BBDE8F08F4AF20263AAF8FE
:1042100004304BF28043AAF80430CAE7ECF76EFD95
:10422000D8E7E6F741FB1FE6E0BD002000C00B40E9
:1042300002A680B4D34D62102C860120C05C012000
:104240003404012090B200203C05012002CD002062
:1042500003CD0020385C012054D500200000C84266
:10426000B54C3246B54920460AF0E8FF0023A35575
:104270003B80FFF731FC4FF480520021AE4813F031
:1042800063F8AF4BD3E90001E6F7D8FE0221AD4851
:1042900004F082FEAC4BAD4AAA481278197804F0BB
:1042A0008DFEF6F771FCE0F7EBFE7BE501230DF1E7
:1042B0000B02A448194604F0F3FD0520EDF7BEFB00
:1042C000202218EE901A9F4804F030FCA04B1B8867
:1042D000B3F5406F12DA9F4A0DF2231C9DF80811C6
:1042E000D018D15402F6FF3218EE901A904205D041
:1042F00011F801EF8C4500F801EFF7D11C371C33A2
:10430000934A15A8B742138028BF374607EE907A24
:10431000F8EEE76A07EE906AB8EEE77AC6EE877ABB
:1043200067EE887AFCEEE77ACDED017A9DF804100D
:10433000EFF7B6FE18A955A813F0F0F88146002251
:1043400039464046DFF7CEF90146484613F0E6F815
:1043500007A913F0E3F88146002231464046DFF713
:10436000C1F90146484613F0E9FA7B4B55A905A867
:104370001B68ADF814301B0C8DF81630EEF73EFAC2
:10438000B742FFF409AF15A86421EFF789FE734C1B
:10439000EAF7FEFBEBF75EFA21A90FA8EEF72EFA7B
:1043A0004FF4FA70EDF74AFB0FA86D49EEF726FAC5
:1043B00001202070F8F7E0FC002800F09A80694B9B
:1043C0001A78694B1B789A420AD0684B03F58870BB
:1043D0009A6CD96CD2B2C3E9121244339842F7D125
:1043E00000232370624B1B78002B75D1F6F754F82D
:1043F000F6F730F95F4B604A1B681068023B5F4A72
:10440000138000225E4B1A60431E5A2B01D8F6F728
:10441000E7FE574B1B78002B68D1494BD3E90001CD
:10442000E6F70CFE0221474804F0B6FD474B45482D
:104430001A78454B197804F0C1FD2DA8EDF76EFBF5
:1044400018A955A813F06AF80446002231464046E0
:10445000DFF748F90146204613F060F80DA913F084
:104460006DFA3D4B55A905A81B68ADF814301B0C1F
:104470008DF81630EEF7C2F94FF4805200212E4825
:1044800012F062FF1120EDF7EDFB394B1B7853BBA7
:104490004FF4FA603B4CEDF7D1FAF6F7DBF8FFF793
:1044A0001BFB4FF480520021234812F04DFFF6F71A
:1044B0006BFB012323701BF077FD334B1B78002B24
:1044C0003FF470ACF6F790FD002323706AE40FA868
:1044D0002E49EEF793F97FE6E6F7E6F9244B1B78D1
:1044E000002B85D182E7E6F7DFF9D1E7E6F7DCF9C3
:1044F00093E71F4B20701B78DBB90FA82449EEF718
:104500007DF90F4BD3E90001E6F798FD02210D4834
:1045100004F042FD0C4B0D4A19781278094804F05A
:104520004DFD2DA8EDF7FAFAF6F72EFBFFF7D4FABA
:1045300038E4E6F7B9F9E0E7C05C01203404012073
:1045400090B200203C05012002CD002003CD0020C8
:104550001E86012008F10020C81A0020D286012002
:10456000385C012004CD002007CD0020107B012005
:10457000B2860120D00A01205CB800201C860120F0
:1045800098D700207686012078860120B81D00206B
:10459000C81D00208E482DE9F041FCF7EFF84FF6DA
:1045A000FF72034690420ED10024894E05460A2030
:1045B0000134EDF743FA3046FCF7E0F8A842034631
:1045C00001D1182CF3DD834C8348A374FCF7D6F893
:1045D0004FF6FF72034690420ED100257E4F0646ED
:1045E0000A200135EDF72AFA3846FCF7C7F8B04241
:1045F000034601D1182DF3DD784DE374AB8A78487A
:10460000A382FCF7BBF84FF6FF72034690420FD12E
:104610000026DFF8CC8107460A200136EDF70EFAB6
:104620004046FCF7ABF8B842034601D1182EF3DD43
:10463000E3826C48FCF7A2F84FF6FF720346904203
:104640000FD10026DFF89C8107460A200136EDF7DE
:10465000F5F94046FCF792F8B842034601D1182E0E
:10466000F3DD23836048FCF789F84FF6FF720346B9
:1046700090420FD10026DFF8708107460A200136EC
:10468000EDF7DCF94046FCF779F8B842034601D172
:10469000182EF3DD63835548FCF770F84FF6FF7270
:1046A000034690420FD10026DFF8408107460A20DA
:1046B0000136EDF7C3F94046FCF760F8B84203460F
:1046C00001D1182EF3DDA3834948FCF757F84FF6C4
:1046D000FF72034690420FD10026DFF8148107468F
:1046E0000A200136EDF7AAF94046FCF747F8B84230
:1046F000034601D1182EF3DDE3833E48FCF73EF874
:104700004FF6FF7398420ED10026DFF8E880074687
:104710000A200136EDF792F94046FCF72FF8B8422F
:1047200001D1182EF4DD95F82630AA8C698C2084EE
:10473000A28484F8263030486184FCF71FF84FF6D5
:10474000FF72034690420ED100252B4F06460A20E9
:104750000135EDF773F93846FCF710F8B04203461F
:1047600001D1182DF3DD84F827302448FCF706F832
:104770004FF6FF72034690420ED100251F4F0646AA
:104780000A200135EDF75AF93846FBF7F7FFB0423A
:10479000034601D1182DF3DD84F828301848FBF7C3
:1047A000EDFF4FF6FF7398420DD10025144F0646DA
:1047B0000A200135EDF742F93846FBF7DFFFB0423A
:1047C00001D1182DF4DD84F82900BDE8F08100BF87
:1047D000CC25002080D80020D025002044D80020FF
:1047E000D4250020D8250020DC250020E02500204D
:1047F000E4250020E8250020EC250020F0250020FD
:10480000F425002010B5374B86B00FCB0DF1080C06
:104810001C0CACE80700344A2CF8023B8CF8004032
:1048200092E803000B0C009002A8ADF804108DF87C
:104830000630EDF773F92D496846EDF7DFFFECF729
:1048400091FD2B48EDF76AF92A4B2B4A78211B780A
:104850001180592B01D006B010BD284C2378372B7E
:1048600037D0FFF797FE264A264BD2F8121026487B
:10487000C3F81210D2F81610D2F81EC0C3F81610E2
:10488000D2F81A100068C3F81A10D2F82210C3F830
:104890001EC0C3F82210D2F826101C4AC3F82610F6
:1048A000431E00215A2B116001D8F6F799FC1848D5
:1048B000EDF734F92378174A0021372B11700ED009
:1048C000154B002211201A7006B0BDE81040EDF71C
:1048D000C9B948F230411148F3F7ECFBC1E7FCF7E6
:1048E0001BFFEDE7D01B00201C1C0020D82300205C
:1048F0007C17002068D600201486012085860120C0
:1049000080D80020D40A01205CB8002098D700206D
:104910000CB0002075860120908601200024002024
:1049200008B53D4B1B78002B6FD03C4B3C4A1B78A5
:10493000013B32F81330B3F57A7F5DD81020EDF7E4
:1049400091F96420EDF77AF8FFF724FE354B1B78D8
:10495000002B46D0344B1B78002B42D033480278D2
:10496000F92A3ED8531C32494FF0210CDBB2FA2B06
:1049700021F813C04DD0931CDBB2FA2B21F813C0E1
:1049800047D0D31CDBB2FA2B21F813C0037028D018
:10499000131D4FF0200CDBB2FA2B21F813C038D0D6
:1049A000531DDBB2FA2B21F813C032D0931DDBB2BA
:1049B000FA2B21F813C0037013D0D31D4FF01F0C36
:1049C000DBB2FA2B21F813C00AD002F10803DBB2E4
:1049D000FA2B21F813C003D00932D3B221F813C047
:1049E0000370144B002214481A70EDF797F8112049
:1049F000BDE80840EDF736B91920EDF733F90F4956
:104A00000F48BDE80840EFF79BB9BDE80840FFF745
:104A1000F9BEFA230370E4E7A7860120728601201D
:104A2000845B0120B186012076860120BA860120B0
:104A300038020120908601200CB00020FC280020C4
:104A40007C17002008B5FFF76BFFBDE80840FCF7B6
:104A5000F7BD00BFF8B5B34C0025B3482570FBF790
:104A60008DFE4FF6FF72034690420DD1AE4F0646C3
:104A70000A200135ECF7E2FF3846FBF77FFEB04233
:104A8000034601D1182DF3DDC3F30722A748637055
:104A9000A270FBF773FE4FF6FF72034690420ED1F1
:104AA0000025A24F06460A200135ECF7C7FF38461D
:104AB000FBF764FEB042034601D1182DF3DD9C489C
:104AC000E370FBF75BFE4FF6FF72034690420ED198
:104AD0000025974F06460A200135ECF7AFFF384610
:104AE000FBF74CFEB042034601D1182DF3DD91488F
:104AF0002371FBF743FE4FF6FF72034690420ED13F
:104B000000258C4F06460A200135ECF797FF384602
:104B1000FBF734FEB042034601D1182DF3DD864881
:104B20006371FBF72BFE4FF6FF72034690420ED1E6
:104B30000025814F06460A200135ECF77FFF3846F5
:104B4000FBF71CFEB042034601D1182DF3DD7B4874
:104B5000A371FBF713FE4FF6FF72034690420ED18E
:104B60000025764F06460A200135ECF767FF3846E8
:104B7000FBF704FEB042034601D1182DF3DD704867
:104B8000E371FBF7FBFD4FF6FF72034690420ED137
:104B900000256B4F06460A200135ECF74FFF3846DB
:104BA000FBF7ECFDB042034601D1182DF3DD65485B
:104BB0002372FBF7E3FD4FF6FF72034690420ED1DE
:104BC0000025604F06460A200135ECF737FF3846CE
:104BD000FBF7D4FDB042034601D1182DF3DD5A484E
:104BE0006372FBF7CBFD4FF6FF72034690420ED186
:104BF0000025554F06460A200135ECF71FFF3846C1
:104C0000FBF7BCFDB042034601D1182DF3DD4F4840
:104C1000A372FBF7B3FD4FF6FF72034690420ED12D
:104C200000254A4F06460A200135ECF707FF3846B3
:104C3000FBF7A4FDB042034601D1182DF3DD444833
:104C4000E372FBF79BFD4FF6FF72034690420ED1D5
:104C500000253F4F06460A200135ECF7EFFE3846A7
:104C6000FBF78CFDB042034601D1182DF3DD394826
:104C70002373FBF783FD4FF6FF72034690420ED17C
:104C80000025344F06460A200135ECF7D7FE38469A
:104C9000FBF774FDB042034601D1182DF3DD2E4819
:104CA0006373FBF76BFD4FF6FF72034690420ED124
:104CB0000025294F06460A200135ECF7BFFE38468D
:104CC000FBF75CFDB042034601D1182DF3DD23480C
:104CD000A373FBF753FD4FF6FF7398420DD10025E8
:104CE0001E4F06460A200135ECF7A8FE3846FBF7B2
:104CF00045FDB04201D1182DF4DD194BE0731B784E
:104D00002BB1184B1A7C5B7C22746374F8BD164B74
:104D1000164A1B78134493F8402093F844302274C9
:104D20006374F8BD80D80020ACAD0020341C002096
:104D3000381C00203C1C0020401C0020441C00208B
:104D4000481C00204C1C0020501C0020541C00203B
:104D5000581C00205C1C0020601C0020641C0020EB
:104D6000A786012044D80020DFCC0020FF0A0120C4
:104D700008B5184B1B78362B25D0FFF76BFE164B6A
:104D8000164918780023164A084412F8011F00F843
:104D900023100133122BF8D112490022124B08685C
:104DA0001A60431E5A2B01D8F6F71AFA0F48ECF78F
:104DB000B5FEF3F78FFB0E4B002211201A70BDE8F1
:104DC0000840ECF74FBF48F230410A48F3F7A4F926
:104DD000D3E700BF85860120DFCC0020FF0A012039
:104DE0007FD800205CB8002098D700200CB00020AD
:104DF00091860120E821002008B5314B1B78002B5B
:104E000039D0304B304A1B78013B32F81330B3F5C0
:104E10007A7F27D81020ECF725FF6420ECF70EFEF0
:104E2000FFF718FE294B1B788BB1294B1B7873B108
:104E300028490A78F92A0AD8531C27484FF01E0C33
:104E4000DBB2FA2B20F813C019D1FA230B70234BD5
:104E5000002223481A70ECF761FE1120BDE80840DB
:104E6000ECF700BF1920ECF7FDFE1E491E48BDE817
:104E70000840EEF765BFBDE80840FFF779BF931C17
:104E8000DBB2FA2B20F813C0DFD0D31CDBB2FA2B35
:104E900020F813C00B70DAD0131D4FF01D0CDBB2DD
:104EA000FA2B20F813C009D0531DDBB2FA2B20F8DF
:104EB00013C003D00632D3B220F813C00B70C6E77C
:104EC000A786012072860120845B0120B186012023
:104ED00076860120BA8601203802012091860120C1
:104EE0000CB00020FC22002004110020FFF784BF3A
:104EF00030B543499FB0434A05AC434B0DF11C0C00
:104F00000FAD03C984E8030092E803003F2201903B
:104F1000ADF80020ADF808100FCBACE8070094E81E
:104F200003002CF8023B1B0C384C8CF8003085E851
:104F3000030037490DF1430012F0F0FABDF80020EC
:104F4000344B0DF12C0C02800FCBACE8070094E839
:104F500003002CF8023B1B0C03900BA88CF80030CC
:104F60000B0CADF810108DF81230ECF7D7FD294678
:104F700003A8EDF743FCECF7F5F92748ECF7CEFD75
:104F8000264B274A78211B781180592B08D04FF4E3
:104F90008052002123481FB0BDE8304012F0D4B940
:104FA00001A8FBF7EBFB4FF6FF7398420DD10024ED
:104FB000054601E0182C08DC0A200134ECF73EFD20
:104FC00001A8FBF7DBFBA842F4D05928164C13D8F4
:104FD00001302060F7F73EFB2068144A0021431E91
:104FE00011605A2B01D8F6F7FBF8FBF741F907A936
:104FF0000948EEF7A5FECAE701232360EAE700BFF0
:105000006813002024200020E40F00201C1C002036
:1050100034B80020D01B00209CCB002068D6002094
:1050200014860120C05C01205CB8002098D70020C5
:10503000B248B34900680968B24AB34B12681B68AA
:1050400070B594B0050C0C0CADF80000AF488DF8AD
:105050000640ADF804100468100CAD49ADF8082006
:105060001A0C0968ADF80C308DF80A00A94BAA4853
:105070001B6800688DF80250250C8DF80E20ADF8E5
:1050800010400C0CADF81410A44AA5491268096828
:10509000ADF818301B0C8DF81640040CADF81C0050
:1050A000A0488DF81E40140C8DF81A300B0C0A9095
:1050B0000AA88DF826308DF81250ADF82410ADF8FE
:1050C00020208DF82240FBF759FB4FF6FF739842E2
:1050D00012D10024054601E0182C08DC0A20013416
:1050E000ECF7ACFC0AA8FBF749FBA842F4D04FF65A
:1050F000FF73984200F089818B4C207009A8FBF760
:105100003DFB4FF6FF73984211D10025064601E0A2
:10511000182D08DC0A200135ECF790FC09A8FBF7F4
:105120002DFBB042F4D04FF6FF73984201D07F4B75
:10513000187001A8FBF722FB4FF6FF73984211D1BC
:105140000025064601E0182D08DC0A200135ECF7A1
:1051500075FC01A8FBF712FBB042F4D04FF6FF73C9
:10516000984203D0724B80F3020018706846FBF738
:1051700005FB4FF6FF73984211D10025064601E06A
:10518000182D08DC0A200135ECF758FC6846FBF7BF
:10519000F5FAB042F4D04FF6FF73984208D0B0F55C
:1051A0007A7F644BA8BF4FF47A7020EAE0701880D1
:1051B00002A8FBF7E3FA4FF6FF73984211D10025DE
:1051C000064601E0182D08DC0A200135ECF736FC14
:1051D00002A8FBF7D3FAB042F4D04FF6FF7398421F
:1051E00009D0B0F57A7F544BA8BF4FF47A703228BB
:1051F000B8BF3220188003A8FBF7C0FA4FF6FF7340
:10520000984211D10025064601E0182D08DC0A203D
:105210000135ECF713FC03A8FBF7B0FAB042F4D069
:105220004FF6FF73984204D00038444B18BF01205A
:10523000187004A8FBF7A2FA4FF6FF73984211D139
:105240000025064601E0182D08DC0A200135ECF7A0
:10525000F5FB04A8FBF792FAB042F4D04FF6FF73C7
:10526000984204D00038364B18BF0120187005A8AA
:10527000FBF784FA4FF6FF73984211D100250646DA
:1052800001E0182D08DC0A200135ECF7D7FB05A852
:10529000FBF774FAB042F4D04FF6FF73984204D093
:1052A0000038284B18BF0120187006A8FBF766FAD3
:1052B0004FF6FF73984211D10025064601E0182DE4
:1052C00008DC0A200135ECF7B9FB06A8FBF756FA13
:1052D000B042F4D04FF6FF73984204D000381A4B16
:1052E00018BF0120187007A8FBF748FA4FF6FF73A4
:1052F00098423AD1002506462AE000BFACAD002016
:10530000381C00203C1C00206C150020C821002007
:10531000CC21002058240020542400205C240020AC
:10532000B0AD002045783100DCCC0020E1CC00207D
:105330000CCD0020C8CC0020C6CC0020FBCC002027
:1053400009CD0020DB86012006CD0020182D08DCC9
:105350000A200135ECF772FB07A8FBF70FFAB04201
:10536000F4D04FF6FF73984204D00038284B18BF92
:105370000120187008A8FBF701FA4FF6FF73984256
:1053800011D10025064601E0182D08DC0A20013560
:10539000ECF754FB08A8FBF7F1F9B042F4D04FF654
:1053A000FF73984204D000381A4B18BF01201870C0
:1053B000194A0DAB0FAD92E80300002283E8030009
:1053C00085E8030021780BA8DEF78CF90BA92846A5
:1053D000002412F00BF82846ECF7A0FB07220F4B35
:1053E0000F481A70ECF79AFB0E4B1C60F5F732F978
:1053F000EFF7B6F80C4B4FF4805221460B481C7067
:1054000014B0BDE8704011F09FBF094C76E600BFB4
:10541000DACC0020DBCC0020281800208586012073
:1054200054CC002080D90020DD860120C05C012002
:10543000DCCC00202DE9F041604A86B0604B6FF46F
:10544000847460486049CDE90023A2F5423203F537
:105450002123224403F5F873CDE902016846CDE922
:105460000423FBF78BF94FF6FF7398420CD100240D
:1054700005460A200134ECF7E1FA6846FBF77EF9AD
:10548000A84201D1182CF4DD0138C4B2072C02D98E
:1054900006B0BDE8F08101A8FBF770F94FF6FF7385
:1054A00098420CD1002506460A200135ECF7C6FAD1
:1054B00001A8FBF763F9B04201D1182DF4DD04EB2C
:1054C0004403424D660005F8130002A8FBF756F9A5
:1054D0004FF6FF7398420CD1804600270A2001370F
:1054E000ECF7ACFA02A8FBF749F9404501D1182FB7
:1054F000F4DD331905EB4303D87003A8FBF73EF93D
:105500004FF6FF7398420CD1804600270A200137DE
:10551000ECF794FA03A8FBF731F9404501D1182FB5
:10552000F4DD331905EB4303187104A8FBF726F9E2
:105530004FF6FF7398420CD1804600270A200137AE
:10554000ECF77CFA04A8FBF719F9404501D1182FB4
:10555000F4DD331905EB4303587005A8FBF70EF98A
:105560004FF6FF7398420CD1804600270A2001377E
:10557000ECF764FA05A8FBF701F9404501D1182FB3
:10558000F4DD134B2644134A00211B6805EB460546
:1055900011605A1E104CA87001205A2A207002D89F
:1055A0001846F5F71DFE0D48ECF7B8FA0C4B1F2214
:1055B0001A70EEF7D5FF06B0BDE8F0814D6E6F00B2
:1055C000546368004D636800506F730004ED002061
:1055D0005CB8002098D70020DA860120F8CB0020A4
:1055E00085860120F0B53A4B8BB03A4D3A4A3B4C98
:1055F00012683B4EADF8042093E803002B68069038
:10560000ADF808301B0C8DF81C108DF80A30354BA6
:10561000354D0493033B0395059394E80300140C64
:10562000B6F900200890080C18328DF80640ADF845
:1056300024108DF8260001DA002333802B4D2B78BF
:10564000192B2ED02A48ECF769FA2A4B02A81978B0
:10565000EEF726FD284B04A81988EEF721FD274A0E
:10566000274B05A81168A3FB0131890BEEF718FD44
:1056700008A82449EDF7C2F8234B01A81978EEF7E2
:105680000FFD224B03A81978EEF70AFD0F234FF404
:10569000805200211E482B700BB0BDE8F04011F085
:1056A00053BE06A8FBF76AF84FF6FF7398420DD178
:1056B0000024074601E0182C08DC0A200134ECF72E
:1056C000BDF906A8FBF75AF8B842F4D03080B9E724
:1056D000E8100020ACAD00206C150020A01F0020B9
:1056E0000E86012053746F0042776E00858601207C
:1056F000C0CB002007CD0020BCCC0020C0B70020CC
:1057000073B2E745C8BE0020DDCC0020F4CC0020F9
:10571000C05C01202DE9F047624AADF5227D07CA41
:1057200007AB0AAC05AD22AE03C35F491A700FC9BF
:1057300007C424F8023B1B0C50225C490EA82370BE
:1057400009F07CFD5A4A5B4B92E803005A4A85E80F
:10575000030093E80300594B8DF808100190009363
:1057600092E803004FF4FA72ADF81010090C0390A0
:105770000DF189008DF81210002111F0E5FD50495E
:105780004FF4FA72304609F059FD0AA8ECF7C6F951
:10579000314601A8E7F7A4FE00284CD181460EACA3
:1057A0000025484F4FF0010809E005EB450105349D
:1057B00007A801354900EEF773FCA6422ED031460A
:1057C0002046E7F78DFE0028EFD02046FAF7D6FFF7
:1057D0004FF6FF7398420FD14FF0000A81460A201E
:1057E0000AF1010AECF72AF92046FAF7C7FF484503
:1057F00002D1BAF1180FF2DD38B13A8808FA05F390
:105800004FF0010913433B80CFE73B8808FA05F2CC
:105810004FF0010923EA02033B80C6E7B9F1000F0C
:1058200025D12948ECF77AF9284B16221A700DF584
:10583000227DBDE8F0872846FAF7A0FF4FF6FF73F8
:1058400098420DD10746002401E0182C08DC0A20FC
:105850000134ECF7F3F82846FAF790FFB842F4D099
:10586000D0B14FF001091A4B83F8009097E76946D1
:1058700003A8ECF7C3FF1749174B002208681A600A
:10588000431E5A2B01D8F5F7ABFC144B1B78002BA9
:10589000C7D0E5F709F8C4E70D4B4FF001091870C0
:1058A0007DE700BF1CAE0020FCAD002058060020A4
:1058B000781B0020D0160020D023002058583A0032
:1058C000C45C01200A860120BCCA00208586012014
:1058D000E2CC00205CB8002098D70020B2860120DE
:1058E000B04BB14A1B681068B0492DE9F041B04C8B
:1058F00090B00968050C2268ADF810301B0CADF8AB
:105900000820120C8DF81230AA4B8DF80A201B6863
:10591000A94AADF818301B0C1268ADF80400080C49
:10592000ADF80C10110CADF814208DF81A30A34A04
:10593000A34BA44E8DF806500BAD8DF80E008DF8DC
:105940001610CDE9082303F580330A930FCE0FC557
:10595000336801A82B70FAF711FF4FF6FF739842D6
:105960000CD1002506460A200135ECF767F801A89E
:10597000FAF704FFB04201D1182DF4DD924B1880E4
:1059800003A8FAF7FBFE4FF6FF7398420CD10025EF
:1059900006460A200135ECF751F803A8FAF7EEFEA7
:1059A000B04201D1182DF4DDC0B2884B0A28A8BF3F
:1059B0000A200128B8BF0120187008A8FAF7DEFEF7
:1059C0004FF6FF7398420CD1002506460A20013598
:1059D000ECF734F808A8FAF7D1FEB04201D1182D3F
:1059E000F4DD80B27A4B7B4E07EE900A02A896F85F
:1059F0000080F8EE677AC3ED007AFAF7BFFE4FF643
:105A0000FF7398420CD1074600250A200135ECF7B8
:105A100015F802A8FAF7B2FEB84201D1182DF4DD4C
:105A2000804540F0FB8004A8FAF7A8FE4FF6FF730C
:105A300098420CD1002405460A200134EBF7FEFF02
:105A400004A8FAF79BFEA84201D1182CF4DDC3B2DA
:105A5000614A05A8062BA8BF0623012BB8BF012366
:105A60001370FAF78BFE4FF6FF7398420CD10024A7
:105A700005460A200134EBF7E1FF05A8FAF77EFEA0
:105A8000A84201D1182CF4DDC3B2544A06A8012B58
:105A9000B8BF01231370FAF771FE4FF6FF739842F7
:105AA0000CD1002405460A200134EBF7C7FF06A8F5
:105AB000FAF764FEA84201D1182CF4DDC0B2484BBD
:105AC000092840F2A880187009A8FAF757FE4FF687
:105AD000FF7398420CD1002405460A200134EBF7ED
:105AE000ADFF09A8FAF74AFEA84201D1182CF4DD4F
:105AF000031E3C4A0AA818BF01231370FAF73EFEA2
:105B00004FF6FF7398420CD1002405460A20013459
:105B1000EBF794FF0AA8FAF731FEA84201D1182C3E
:105B2000F4DD0038304B18BF01201870F4F792FDF7
:105B30002E4B1B78002B40F09A802D4B1B78002BAE
:105B40005ED02C4B1B78002B5AD02B4C2278F92A94
:105B500056D8531C29490220DBB2FA2B21F8130036
:105B600000F088801318DBB2FA2B21F8130000F044
:105B70008180D31CDBB2FA2B21F8130023703FD0B5
:105B8000131DDBB2FA2B21F8130009D0531DDBB231
:105B9000FA2B21F8130003D00632D3B221F81300F8
:105BA00023702DE03C1C0020481D0020381C0020E4
:105BB000341C0020ACAD0020401C0020516E680059
:105BC000737730003812002048860120FCCC00207A
:105BD000A8BB0020F0CC0020E5CC002005CD0020A3
:105BE000F6CC0020D9860120AB860120B2860120A8
:105BF000B186012076860120BA8601203802012074
:105C00000BA8EBF78BFF1D4B07221A70EEF7A8FCD1
:105C100010B0BDE8F0810A221A7055E7236807A882
:105C20001A0CADF81C308DF81E20FAF7A7FD4FF6C0
:105C3000FF73984210D1002405460A200134EBF787
:105C4000FDFE07A8FAF79AFDA84201D1182CF4DD51
:105C50004FF6FF73984206D0FE28A8BFFE20012809
:105C6000B8BF01203070064B00221A70DBE6E4F763
:105C70001BFE62E7FA232370C2E700BF858601207E
:105C8000A78601202DE9F043814A89B0814B6FF44A
:105C90008474814D81488249CDE90023A2F54232C6
:105CA00003F5212322442C7803F5F873072CCDE962
:105CB0000201CDE904235CD96846FAF75FFD4FF68F
:105CC000FF7398420CD1002406460A200134EBF7FA
:105CD000B5FE6846FAF752FDB04201D1182CF4DD4A
:105CE0000138C4B2072C02D909B0BDE8F0836D4B6E
:105CF00004EB440201A803EB420613F81210EEF77E
:105D0000CFF902A8F178EEF7CBF9317903A8EEF7D5
:105D1000C7F9717804A8EEF7C3F9B17805A8EEF7D2
:105D2000BFF9614B5D4A06A8CDE90623FAF726FDC7
:105D30004FF6FF7398420CD1002607460A20013621
:105D4000EBF77CFE06A8FAF719FDB84201D1182E30
:105D5000F4DD10F0FF0004D00138C0B20F2840F28B
:105D60008F80524907A8ECF749FD2C7009B0BDE8B7
:105D7000F08301A8FAF702FD4FF6FF7398420CD1A9
:105D8000002607460A200136EBF758FE01A8FAF76D
:105D9000F5FCB84201D1182EF4DD04EB4403414E6A
:105DA000670006F8130002A8FAF7E8FC4FF6FF7345
:105DB00098420FD181464FF000080A2008F10108EF
:105DC000EBF73CFE02A8FAF7D9FC484502D1B8F13E
:105DD000180FF2DD3B1906EB4303D87003A8FAF75E
:105DE000CDFC4FF6FF7398420FD181464FF000086B
:105DF0000A2008F10108EBF721FE03A8FAF7BEFC20
:105E0000484502D1B8F1180FF2DD3B1906EB430308
:105E1000187104A8FAF7B2FC4FF6FF7398420FD13D
:105E200081464FF000080A2008F10108EBF706FE52
:105E300004A8FAF7A3FC484502D1B8F1180FF2DD27
:105E40003B1906EB4303587005A8FAF797FC4FF689
:105E5000FF7398420FD181464FF000080A2008F1E5
:105E60000108EBF7EBFD05A8FAF788FC484502D1DD
:105E7000B8F1180FF2DD274406EB4706B0701BE7B8
:105E800000EB8003094900EB430001446AE700BFCF
:105E90004D6E6F0054636800FFCC00204D636800B6
:105EA000506F730004ED002063684D00E8B50020DA
:105EB00010B50C4B84B0C824EC460FCB8CE80F0017
:105EC000094B60461C70EBF729FE084B0B2220465D
:105ED0001A70EBF7B3FDEEF743FBFFF7D3FE04B008
:105EE00010BD00BF9C170020FFCC0020858601203C
:105EF0002DE9F043784B8DB0784E794A0DF11C0CAA
:105F0000784C12682468ADF80420120C764D8DF898
:105F10000620220CADF80840744C8DF80A20277832
:105F200093E8030033681A2F0590ADF800304FEA6C
:105F300013438DF818108DF802306D4B1B68ADF8C7
:105F40000C304FEA13438DF80E300FCDACE80F0044
:105F50002B688CF8003013D000221921654B07A85C
:105F600021701A60EBF7DAFD6420EBF767FD624BF6
:105F700005A8B3F90010EEF793F80DB0BDE8F08373
:105F800003A8FAF7FBFB4FF6FF7398420CD10746C4
:105F900000250A200135EBF751FD03A8FAF7EEFBC7
:105FA000B84201D1182DF4DD544B188001A8FAF73E
:105FB000E5FB4FF6FF7398420CD1074600250A20F7
:105FC0000135EBF73BFD01A8FAF7D8FBB84201D148
:105FD000182DF4DDC0B24A4B4A4F0A2897F80080CA
:105FE000A8BF0A200128B8BF012018706846FAF738
:105FF000C5FB4FF6FF7398420CD1814600250A205D
:106000000135EBF71BFD6846FAF7B8FB484501D1AF
:10601000182DF4DD804533D102A8FAF7AFFB4FF617
:10602000FF7398420CD1002506460A200135EBF794
:1060300005FD02A8FAF7A2FBB04201D1182DF4DD4C
:10604000C0B2314B314A06281B78A8BF0620012870
:10605000B8BF01201070002B3BD0F4F7FBFA2C4B9B
:106060002C4A1B682C49023B0868138000222B4BEA
:106070001A60431E5A2B3FF66FAFF5F7B1F86BE786
:10608000336804A81A0CADF810308DF81220FAF716
:1060900075FB4FF6FF73984210D1064600250A2083
:1060A0000135EBF7CBFC04A8FAF768FBB04201D14D
:1060B000182DF4DD4FF6FF73984206D0FE28A8BFD6
:1060C000FE200128B8BF01203870154B00221A703D
:1060D000A2E7F4F7E1F9C0E7E8100020341C002043
:1060E000381C00203C1C0020341D00208586012027
:1060F000481D002080D900200E86012048860120FE
:10610000FCCC0020F0CC0020B2860120E5CC0020A1
:10611000D00A01201C8601205CB8002098D70020FE
:10612000A7860120A748A84900680968A74AA84B84
:1061300012681B68DFF8D0C2F0B5A1B0050C0C0CDA
:10614000A44EADF804000CAFA3488DF80A40ADF89A
:1061500008100468100CADF80C201A0CADF81030C3
:106160009E499F4B09681B688DF812209D4A8DF847
:106170000650250C8DF80E00ADF814400C0CADF84F
:106180001810994811681A0C0068ADF81C308DF889
:106190001E200A0C954B8DF816500FAD8DF81A4045
:1061A000040CADF82000ADF824108DF826208DF8F1
:1061B000224013ACDFF854E20FCB07C58C4A25F818
:1061C000023B1B0C2B701BAD0FCA07C424F8023B0B
:1061D0001B0C23700FCE0FC59EE803003368ADF88B
:1061E0002C10090C0A908DF82E102B809CE80700CB
:1061F00003C70FA83A70EBF791FC0A210CA8EDF742
:106200004FFF01A8FAF7BAFA4FF6FF7398420DD183
:106210000546002401E0182C08DC0A200134EBF7C5
:106220000DFC01A8FAF7AAFAA842F4D0002800F061
:106230008481704C704B22781A700F210CA8EDF7F6
:106240002FFF02A8FAF79AFA4FF6FF7398420DD182
:106250000646002501E0182D08DC0A200135EBF781
:10626000EDFB02A8FAF78AFAB042F4D0634B227829
:10627000002800F05D811A7019210CA8EDF710FFBD
:1062800003A8FAF77BFA4FF6FF7398420DD1064642
:10629000002501E0182D08DC0A200135EBF7CEFBC4
:1062A00003A8FAF76BFAB042F4D0554D23780028D2
:1062B00000F039812B701E210CA8EDF7F1FE04A827
:1062C000FAF75CFA4FF6FF7398420DD107460026A5
:1062D00001E0182E08DC0A200136EBF7AFFB04A81A
:1062E000FAF74CFAB842F4D0002800F0168123786F
:1062F0006B7028210CA8EDF7D3FE05A8FAF73EFA3B
:106300004FF6FF7398420DD10746002601E0182E84
:1063100008DC0A200136EBF791FB05A8FAF72EFA04
:10632000B842F4D0002800F0F2802378AB7032211C
:106330000CA8EDF7B5FE06A8FAF720FA4FF6FF73A2
:1063400098420DD10746002601E0182E08DC0A20ED
:106350000136EBF773FB06A8FAF710FAB842F4D04F
:10636000002800F0CE802378EB703C210CA8EDF7DC
:1063700097FE07A8FAF702FA4FF6FF7398420DD17D
:106380000646002501E0182D08DC0A200135EBF750
:1063900055FB07A8FAF7F2F9B042F4D0194B22786E
:1063A000002800F0A9801A7046210CA8EDF778FEAD
:1063B00008A8FAF7E3F94FF6FF73984233D106467F
:1063C000002527E030AB00201025002014250020F8
:1063D000182500201C250020302500203425002011
:1063E000382500203C25002040250020FCAD002061
:1063F0000CAE0020D3860120E0CC00207386012063
:10640000DC7A0120CC8601201CAE0020D4190020AB
:10641000182D08DC0A200135EBF710FB08A8FAF765
:10642000ADF9B042F4D05B4B227800285FD01A70EF
:1064300050210CA8EDF734FE09A8FAF79FF94FF6A2
:10644000FF7398420DD10646002501E0182D08DCA7
:106450000A200135EBF7F2FA09A8FAF78FF9B042F2
:10646000F4D04D4B227800283CD01A705A210CA849
:10647000EDF716FE2378013B032B66D964210CA8A7
:10648000EDF70EFE4549464B002208681A60431E90
:106490005A2B01D8F4F7A4FE1BA817ACEBF73EFB70
:1064A000404A0C21404B11700FCB84E80F0020466E
:1064B0000121EDF7D3F818A80221EDF7CFF819A8BC
:1064C0000321EDF7CBF81AA80421EDF7C7F84FF434
:1064D00080520021354810F037FF13A8EBF71EFB60
:1064E00021B0F0BD1978914208BF1870BEE7197845
:1064F000914208BF18709BE71978914208BF187045
:1065000052E7EA7823789A4208BFE8702DE7AA7824
:1065100023789A4208BFA87009E76A7823789A42DC
:1065200008BF6870E5E62A789A4208BF2870C2E67C
:106530001978914208BF18709EE61D4B1D4C1978C2
:106540002278914208BF187077E60AA8FAF716F980
:106550004FF6FF7398420DD10646002501E0182D35
:1065600008DC0A200135EBF769FA0AA8FAF706F900
:10657000B042F4D0003822780F4B18BF0120022A15
:10658000134403F8010C7FF479AF5F210CA8EDF7F9
:1065900087FD73E78A8601207A8601205CB8002097
:1065A00098D7002085860120A8060020C05C012025
:1065B000E0CC0020D3860120805C01202DE9F04F43
:1065C0008E4AC3B0DFF88CA205AB0DF13C0E8C4CAB
:1065D0000DF1500C8B4E0DF12C098B4F08ADCB46B5
:1065E000DFF8748207CA03C31A70BAE80F00AEE876
:1065F0000F00DAF800302EF8023B1B0C8EF800304A
:106600000FCCACE80F0094E80F008CE80F004FF0BF
:106610003F037E4AADF808304FF0000333703B680B
:1066200013607B4B0FCBABE80700ABF80030794B26
:1066300093E8070003C525F8022B120C314605A884
:106640002A702822EAF742FD31461CA811F076F99B
:1066500098F80030002B40F0948001246E4D2046C5
:106660002C70F6F789FB0FAB14AA66496B48CDF87E
:106670000090EAF713FE00284BD0EAF775F861495D
:106680001CA810F0F1FF10B943B0BDE8F08F5D48D1
:1066900011F0F6F901465B480AF0DAFA604808F0B2
:1066A00043FA5848E8F7E2FC064600286CD008AAEE
:1066B00027AB34AE07CA03C352490DF1A6001A80B6
:1066C00010F02CFFBDF80830DFF890C10380554B67
:1066D0000FCB07C69CE8030026F8023B1B0CADF865
:1066E0001010090C3370039034A88DF81210EBF7DA
:1066F00015FA27A903A8ECF781F8EAF733FE474813
:10670000EBF70CFA484B494A78211B781180592B3A
:106710005DD0474A474B92E8030018601971E9F7CA
:1067200099F8454A454B92E803009980090C186096
:106730009971FCF7BBFE98F80030FBB9334B186831
:10674000002338602B70F6F717FB98F8003093B1F0
:10675000F3F780FF00243A4A3A4B38681B6814600C
:10676000421E3949023B5A2A0B808DD8F4F738FD76
:1067700043B0BDE8F08FF3F78FFEE9E7E4F794F854
:10678000DCE7E4F791F868E7F8F75AFB1CA8E6F7AE
:10679000D1FE2E4BD3F8841441B123462C4A34A8A1
:1067A000349604F077FD0028B3D023E0D3F8882492
:1067B000002AAED040912346114634A8244A03F063
:1067C000E3F90028A5D034A803F042FAA1E7F8F7CE
:1067D00037FB1CA8E6F7AEFE1C4BD3F88414002947
:1067E000E4D00022234634A83492194A04F052FD22
:1067F00000288ED034A805F053FE8AE750180020F8
:10680000C00E0020385C01205CB80020CCBD002008
:10681000E00E0020E4AD0020D28601209CCB0020B9
:10682000D0BD0020D01B002068D600201486012097
:10683000E02A0020B0EC002004A90020A8ED0020F0
:1068400098D70020D00A01201C860120FC050120D9
:10685000100D0120F00E0020B28601201C1C00202B
:10686000B948BA4900680968B94BBA4A1B68126846
:1068700030B599B0050C0C0CADF80400B6488DF895
:106880000A40ADF80810190C0468B448ADF80C3093
:106890008DF80E100368B2498DF80650250C096872
:1068A000ADF81020120CADF818301B0CAD488DF867
:1068B00016500068AC4D8DF812200A0C8DF81A3075
:1068C000AA4BADF8144010AC0995050CADF81C00AE
:1068D000ADF820108DF822208DF81E500DAD0FCB95
:1068E00007C4A34924F8023B1B0CA24A23700A9157
:1068F000A14B07CA03C593E803002A700B0C0B9049
:1069000010A8ADF830108DF83230EBF707F905A874
:10691000F9F734FF4FF6FF7398420CD10024054677
:106920000A200134EBF78AF805A8F9F727FFA842F7
:1069300001D1182CF4DD0038904B4FF0050118BF41
:10694000012018700DA8EDF7ABFB06A8F9F716FFAC
:106950004FF6FF7398420CD1002405460A200134FB
:10696000EBF76CF806A8F9F709FFA84201D1182C3B
:10697000F4DD834B0024102214A9188009A88DF897
:106980005040EAF7A3FB14A87E4D0EF09DFDB7EE34
:10699000C00B102214A97C4885ED000A8DF85040E8
:1069A000EAF794FB14A80EF093FD9FED787AD5EDED
:1069B000007A0F21764A67EE877A764B10800DA811
:1069C000FCEEE77A17EE902A1A80EDF769FB03A830
:1069D000F9F7D4FE4FF6FF7398420BD105460A2013
:1069E0000134EBF72BF803A8F9F7C8FEA84201D150
:1069F000182CF4DDB4236430674A1E2103FB00F039
:106A0000643082FB0032C31700280DA8C3EBA21329
:106A1000624AB8BF03F1FF331370EDF741FB04A8DE
:106A2000F9F7ACFE4FF6FF7398420CD100240546EF
:106A30000A200134EBF702F804A8F9F79FFEA842F8
:106A400001D1182CF4DD564B282118800DA8EDF744
:106A500027FB01A8F9F792FE4FF6FF7398420CD17D
:106A6000002405460A200134EAF7E8FF01A8F9F7F7
:106A700085FEA84201D1182CF4DD0038494B4FF0B7
:106A8000320118BF012018700DA8EDF709FB02A80C
:106A9000F9F774FE4FF6FF7398420CD100240546B7
:106AA0000A200134EAF7CAFF02A8F9F767FEA842F4
:106AB00001D1182CF4DD01383B4BC0B20F2800F295
:106AC0000E8118703C210DA8EDF7EAFA08A8F9F735
:106AD00055FE4FF6FF7398420CD1002405460A205C
:106AE0000134EAF7ABFF08A8F9F748FEA84201D144
:106AF000182CF4DD00382D4B4FF0460118BF012053
:106B000018700DA8EDF7CCFA07A8F9F737FE4FF685
:106B1000FF7398420CD1002405460A200134EAF79D
:106B20008DFF07A8F9F72AFEA84201D1182CF4DD41
:106B3000C0EB00131E4A64210DA89B001380EDF7E3
:106B4000AFFA1C491F2037E06C150020341C0020D0
:106B5000ACAD0020381C0020C82100203C1C0020C7
:106B6000CC210020401C002074313000FCAD0020FE
:106B700058583A001CAE0020D0230020E6CC00205C
:106B8000C2CC0020605C0120B41D00200000C8427F
:106B90001A860120428601201F85EB51F8CC002087
:106BA000408601200ACD0020F7CC0020D5860120A8
:106BB000C0CC0020858601204C4B2A2208701A7018
:106BC000FBF72AFC4A4900224A4B08681A60431E18
:106BD0005A2B01D8F4F704FB0AA90BA8EBF70EFE19
:106BE000EDF7BEFCF7F79EF8C820EAF727FF424B07
:106BF0001B78002B71D0414B1B78002B6DD0404887
:106C00000378F92B69D8591C3E4A0724C9B2FA29DE
:106C100022F8114066D0991CC9B2FA2922F8114015
:106C200060D0D91CC9B2FA2922F81140017054D0A1
:106C3000191D0624C9B2FA2922F8114052D0591D53
:106C4000C9B2FA2922F811404CD01919C9B2FA294F
:106C500022F81140017040D0D91D0224C9B2FA298E
:106C600022F811403ED003F10801C9B2FA2922F8F6
:106C7000114037D003F10901C9B2FA2922F81140B5
:106C800001702AD003F10A010824C9B2FA2922F8B6
:106C9000114027D003F10B01C9B2FA2922F81140A3
:106CA00020D003F10C01C9B2FA2922F81140017079
:106CB00013D003F10D012224C9B2FA2922F81140A0
:106CC0000AD003F10E01C9B2FA2922F8114003D00B
:106CD0000F33D9B222F81140017019B030BD022231
:106CE0001A70EFE6FA23037019B030BDFDCC002016
:106CF0005CB8002098D70020B1860120768601205C
:106D0000BA8601203802012070B584B000230F221A
:106D1000334869468DF80030EAF7D8F968460EF036
:106D2000D3FBB7EEC00BB5EEC00AF1EE10FA02DDF0
:106D30002C4B83ED000A00240F2269462A488DF867
:106D40000040EAF7C3F99DF8005068462D1B18BFB4
:106D5000012510F095FE224605E011F8103C303B6D
:106D6000092B88BF0025D3B2013203F110019842EC
:106D70006944F2D868460EF0ABFB431E0F2B00D8D7
:106D800055BB1A48F9F7FAFC4FF6FF7398420DD13C
:106D90000024164E05460A200134EAF74FFE30461D
:106DA000F9F7ECFCA84201D1182CF4DD012803D836
:106DB0000F4B00F0010018700E4900220E4B0868BE
:106DC0001A60431E5A2B01D8F4F70AFAE9F728FC97
:106DD000F6F7A8FF04B070BD084B1870D1E700BFEC
:106DE000601E002044B70020681E0020BC21002047
:106DF000A98601205CB8002098D700207286012067
:106E00002DE9F04FA04B97B0A04E0DF1380C12AC0D
:106E10000BADDFF8C8E29E4FDFF8C4B2DFF8C4A2C2
:106E2000DFF8C492DFF8C4820FCBACE807002CF87F
:106E3000023B1B0C974A8CF80030974BDFF8B0C22E
:106E40001B68ADF804301B0C8DF806300FCA07C460
:106E500096E8070003C59CE8030024F8023B1B0CDE
:106E6000ADF82010090C2A70237007908DF82210BD
:106E7000DEF8003097E80300ADF808301B0C0990ED
:106E80000EA88DF80A300B0CADF828108DF82A30BA
:106E9000CDE903BACDE90598EAF740FE02A8F9F773
:106EA0006DFC4FF6FF73984211D10024054601E0B6
:106EB000182C08DC0A200134EAF7C0FD02A8F9F713
:106EC0005DFCA842F4D04FF6FF73984207D0022829
:106ED000724BA8BF02200128B8BF012018701421EE
:106EE0000BA8EDF7DDF800246D49282207A80C70E7
:106EF000EAF7ECF828210BA8EDF7D2F801A8F9F78A
:106F00003DFC4FF6FF73984210D1054601E0182C66
:106F100008DC0A200134EAF791FD01A8F9F72EFCFC
:106F2000A842F4D04FF6FF73984204D000385D4B6E
:106F300018BF0120187032210BA8EDF7B1F803A893
:106F4000F9F71CFC4FF6FF73984211D10024054657
:106F500001E0182C08DC0A200134EAF76FFD03A8D1
:106F6000F9F70CFCA842F4D04FF6FF73984207D013
:106F700064284D4BA8BF64200A28B8BF0A201870A7
:106F80003C210BA8EDF78CF804A8F9F7F7FB4FF6B6
:106F9000FF73984211D10024054601E0182C08DC4B
:106FA0000A200134EAF74AFD04A8F9F7E7FBA842F2
:106FB000F4D04FF6FF73984201D03C4B188050211B
:106FC0000BA8EDF76DF805A8F9F7D8FB4FF6FF739E
:106FD00098420DD10024054601E0182C08DC0A2057
:106FE0000134EAF72BFD05A8F9F7C8FBA842F4D055
:106FF0004EF660222E4B02FB00F098423AD82D4B01
:107000002D4A1A605A210BA8EDF74AF82B4BB3F919
:107010000020183201DA00221A80F3F71BFB2849FE
:10702000284B002208681A60431E5A2B01D8F4F737
:10703000D7F806A909A8EBF7E1FB64210BA8002407
:10704000EDF72EF80722204B20481A70EAF766FD6C
:107050001F4B12A81C60EAF761FDEDF781FA4FF4AF
:10706000805221461B4810F06FF9E3F7B9FC17B0C6
:10707000BDE8F08F184B984202D90E4A1360C1E761
:107080000C4B1860BEE700BFFCAD00201CAE00201A
:10709000D02300200CAE00206C15002007CD00206E
:1070A000C8BE0020DDCC0020F4CC0020BCCC0020E9
:1070B000DF930400C0B70020E09304000E86012097
:1070C0005CB8002098D700208586012054CC002091
:1070D00080D90020C05C012040771B00ACAD0020AF
:1070E00042776E0053746F0050746F0058583A0026
:1070F000A01F00202DE9F04FDFF8A880002487B002
:107100000125DFF8A490A346464614B30A2203A93A
:1071100040468DF80CB0E9F7D9FF214B03A8E340B6
:10712000DB0732D50EF0D0F9B2EE047B1A2D20EE3B
:10713000070BFCEEC07BCDED017A9DF8040009F849
:10714000040029D00135013408F10408EDB2002C07
:10715000DCD13046F9F712FB4FF6FF7398420ED19F
:10716000A24607460A200AF1010AEAF767FC304600
:10717000F9F704FBB84202D1BAF1180FF2DD00387A
:1071800018BF012089F80000DCE70EF0A1F91A2DE4
:10719000C0B209F80400D5D107B0BDE8F08F00BF38
:1071A00002000002CCBA00200C010120F0B5254CF1
:1071B000ABB02378312B27D0FFF79CFF224B23491C
:1071C00018780023224A084412F8011F00F82310FF
:1071D00001331A2BF8D11F48EAF7A0FC1E491F4BB8
:1071E000002208681A60431E5A2B01D8F3F7F8FFF3
:1071F0002378312B0ED01A4B002211201A702BB09D
:10720000BDE8F040EAF72EBD48F230411548F0F7EE
:10721000F5FED1E7144C00251448154F04F168061B
:10722000EAF77CFC23463A46A02102A804340095E4
:107230000EF020FE02A8EAF771FCA642F2D10D4B37
:107240001D70D8E785860120DFCC0020470B012088
:107250000B0101200CB000205CB8002098D7002062
:10726000B8860120B81E0020CCBA0020F8110020FA
:107270001C24002075860120494B1B78002B6AD006
:1072800010202DE9F041AAB0DFF84481EAF7EAFCCA
:10729000444C0023642088F80030EAF7CFFB2378C1
:1072A000312B77D0FFF726FF3F4B1B78002B43D0C5
:1072B0003E4B1B78002B3FD03D480378F92B3BD841
:1072C0005A1C3C491525D2B2FA2A21F8125044D052
:1072D0009A1CD2B2FA2A21F812503ED0DA1CD2B24D
:1072E000FA2A21F81250027026D01A1D1425D2B2A3
:1072F000FA2A21F8125030D05A1DD2B2FA2A21F8B7
:1073000012502AD09A1DD2B2FA2A21F812500270D5
:1073100012D0DA1D1325D2B2FA2A21F812500AD05F
:1073200003F10802D2B2FA2A21F8125003D009332D
:10733000DAB221F8125002702378312B12D01E4895
:10734000EAF7ECFB0023112088F800302AB0BDE8F2
:10735000F041EAF787BCFFF729BFFA2303702378CF
:10736000312BECD1154C00251548164F04F1680659
:10737000EAF7D4FB23463A46A02102A8043400953C
:107380000EF078FD02A8EAF7C9FBB442F2D10E4B29
:107390001D70D4E748F230410C48F0F72FFE81E72A
:1073A000A786012085860120B186012076860120EE
:1073B000BA860120380201200CB00020CCBA00208F
:1073C000F81100201C24002075860120B82600201A
:1073D000B88601202DE9F0411B4F84B01B4D4FF6BC
:1073E000FF7607F10E082846F9F7C8F9B0420BD12D
:1073F00000240A200134EAF721FB2846F9F7BEF9F8
:10740000B04201D1182CF4DD07F8010F474505F112
:107410000405E8D100230A2201A90D488DF80430A3
:10742000E9F754FE01A80EF04FF8B2EE047B094ACA
:1074300020EE070BB7EEC00BFCEEC07A17EE903AC9
:10744000937304B0BDE8F0816305012028BC0020DF
:1074500060BC002064050120F0B5254DABB02B7851
:10746000302B27D0234B00241C70FFF7B3FF224999
:107470002346224A08782249084412F8011F00F8DE
:10748000231001330F2BF8D11E4900221E4B086830
:107490001A60431E5A2B01D8F3F7A2FE2B78302B2B
:1074A0000ED01A48EAF73AFB11202BB0BDE8F040A5
:1074B000EAF7D8BB48F230411548F0F7CDFDD1E7E7
:1074C000144C00251448154F04F13C06EAF726FB3E
:1074D00023463A46A02102A8043400950EF0CAFCC7
:1074E00002A8EAF71BFBA642F2D10D4B1D70D8E7AC
:1074F00085860120BE860120DFCC002063050120A7
:10750000370C01205CB8002098D700200CB0002078
:10751000142A002028BC0020F81100201C24002080
:10752000758601203E4B00213E4A1B78117083B3C3
:1075300010202DE9F041AAB0DFF81081EAF792FBA4
:10754000394C0123642088F80030EAF777FA237871
:10755000302B5FD0FFF73EFF344B1B7883B1344BA9
:107560001B786BB133490A78F92A09D8531C324881
:107570001025DBB2FA2B20F813500CD1FA230B7034
:107580002378302B29D011202AB0BDE8F041EAF74A
:1075900069BBFFF761BF931CDBB2FA2B20F81350D5
:1075A000ECD0D31CDBB2FA2B20F813500B70E7D0D1
:1075B000131D1125DBB2FA2B20F8135009D0531DEF
:1075C000DBB2FA2B20F8135003D00632D3B220F8E6
:1075D00013500B702378302BD5D1184C0025184848
:1075E000184F04F13C06EAF799FA23463A46A021DF
:1075F00002A8043400950EF03DFC02A8EAF78EFACA
:10760000B442F2D1112088F800502AB0BDE8F04110
:10761000EAF728BB48F230410B48F0F71DFD99E727
:10762000A7860120BE86012085860120B186012023
:1076300076860120BA8601203802012028BC00206D
:10764000F81100201C240020DC2700207586012072
:107650002DE9F0471A4C86B01A4D4FF000081A4E2B
:1076600004F10C0A194FDFF8689014E00DF02CFFBC
:1076700096ED007AB7EEC77A05350436043780EE0A
:10768000076BFCEEC67BCDED017A9DF8043004F863
:10769000013F544510D00A2203A928468DF80C80DA
:1076A000E9F714FD99F8003003A8012BDED80DF09E
:1076B0000BFF97ED007ADDE706B0BDE8F08700BF6D
:1076C0007405012069BC0020642E0020302E0020AB
:1076D000C986012038B51A4B1B782E2B29D00024DF
:1076E000184B194D1C70FFF7B3FF184904222346AD
:1076F000174C087829462A70204401E011F8012F20
:1077000000F8232001330D2BF8D112490022124B2F
:1077100008681A60431E5A2B01D8F3F761FDF0F791
:1077200065FD0E48EAF7FAF91120BDE83840EAF79E
:1077300099BA48F230410A48F0F72EFCCFE700BF73
:1077400085860120BF86012074050120EBCC002036
:10775000730C01205CB8002098D700200CB00020EA
:10776000D021002008B5324B1B78002B35D0314B8F
:107770004FF0000C3049012210201A7081F800C02F
:10778000EAF770FA6420EAF759F92C4B1B782E2B94
:1077900048D0FFF75DFF2A4B2A4A00211B78117061
:1077A0008BB1294B1B7873B128490A78F92A0AD87A
:1077B000531C27484FF00E0CDBB2FA2B20F813C0F5
:1077C0000FD1FA230B70F0F711FD2248EAF7A6F962
:1077D0001120BDE80840EAF745BABDE80840FFF7C8
:1077E00079BF931CDBB2FA2B20F813C0E9D0D31C6D
:1077F000DBB2FA2B20F813C00B70E4D0131D4FF04E
:107800000D0CDBB2FA2B20F813C009D0531DDBB2EC
:10781000FA2B20F813C003D00632D3B220F813C0DD
:107820000B70D0E748F230410B48F0F7B5FBB0E7FA
:10783000A786012075860120BF860120858601204C
:10784000B1860120E186012076860120BA860120DA
:10785000380201200CB00020D41A002090F8A32098
:1078600090F8A200101A704790F8A23090F8A32068
:107870009A4205D95A1C034480F8A220987E70478A
:107880004FF0FF30704700BF90F8A23090F8A3206F
:107890009A4202D91844807E70474FF0FF307047FB
:1078A000704700BF0346B0F8300178B193F82F213C
:1078B000882A03D9012200205A60704702F1010C86
:1078C00001201A4483F82FC182F8A510704700BF29
:1078D00038B5B0F830410CB9204638BD90F82F319A
:1078E0000546C3F18904A2420DD8144605F1A5004E
:1078F0002246184407F0A2FC95F82F312046234475
:1079000085F82F3138BD01224260EFE72DE9F04FB5
:10791000D0F814A01524017E8146437E83B00AEB83
:107920000111384A0AEB0313374F097A93F82830CC
:1079300002EB01150901E86852F8018002EB03111E
:10794000D5F804B01B01CE68D558CBF80040C8F874
:107950008400D8F804304A6803432C490192C8F8DF
:1079600004301460C5F884606B6833436B60284B47
:107970004C683A68A3FB0232920C02EB820252007E
:107980004B681B1B9A42FBD84FF0090C1F4ADFF8CB
:1079900080E0D8F80830034202D0AB6833422FD1E0
:1079A000C5F8886054683968AEFB0131890C01EB79
:1079B000810153681B1B9942FBD8C5F88460546849
:1079C0003968AEFB0131890C01EB810153681B1B47
:1079D0009942FBD8BCF1010CDBD1604699F8183014
:1079E000019A0AEB0313DB68CBF8003099F81930E1
:1079F0000AEB031ADAF82C30136003B0BDE8F08FFD
:107A00000120EBE718A20020C0B60020001000E023
:107A100083DE1B430E4A10B51168046905E0DB01E3
:107A200007D413685B1A102B08D8636913F0007F22
:107A3000F5D14FF4FE430120636110BDFFF766FFEF
:107A40000028FAD04FF4FE4301206361F5E700BF40
:107A5000E48501202DE9F04790F82FA10569BAF1DE
:107A6000000F4FD081468846FFF7D4FF002849D049
:107A7000374E0024376818E06B69190551D4DA04D1
:107A800055D4580559D4990441D43268D21B322AAE
:107A90003DD8544507D9EA6D520704D19B0555D40A
:107AA000B8F1000F52D009F051F95445E4D8EA6D0D
:107AB000500702F00703DFD413E099F8A520013343
:107AC000022442F48062042B2A661ED08A4503F108
:107AD000010309EB01020ED992F8A520042B2A66B6
:107AE000CAD00121002CE8D02146013301348A4557
:107AF00009EB0102F0D8B8F1000FBDD04FF40073CC
:107B00002B66B9E70420BDE8F0870124B4E72B69B0
:107B10004FF40072042043F440732B612A66BDE8E1
:107B2000F0872B69042043F440732B61EBE72B694A
:107B3000052043F440732B61E5E72B694FF4007295
:107B4000022043F440732B612A66DCE70020DAE769
:107B5000E48501202DE9F84F83460C4615461F4663
:107B6000D0F810A0FFF756FF002800F09E806100BB
:107B7000012DDFF83C8140F20146CBB24FF000010D
:107B800038BF0125D8F800900C461E43ABF8A21070
:107B900020E09BF8A330872B3FD9DAF8142010059A
:107BA0005AD412F4105F70D1D8F80030A3EB090357
:107BB000322B6AD89BF8A330AB4209D3022C07D9E9
:107BC000DAF85C30590703D193054BD4002F49D024
:107BD00009F0BCF8022CDCD8DAF85C3003F00702BC
:107BE0005B07D6D4681E224440F480704CB9CAF8B2
:107BF00060600134131B032BCBD8022CC9D8002C96
:107C0000F5D0012C37D01FB14FF40073CAF86030A3
:107C10009BF8A3300324872BBFD8DAF85C2012F43A
:107C2000E02FC2F3024CB8D0591C9C441933C9B29E
:107C30005FFA8CFC5BFA83F3DAF870004A1C61454A
:107C40008BF8A310D1B203F8010FA6D08929F3D184
:107C5000DAF814201005A4D5DAF8103043F4407394
:107C6000CAF81030DAF85C3013F4E02F06D19BF834
:107C7000A300BDE8F88FCAF86000BAE7DAF8103060
:107C800043F40073CAF81030F1E7DAF810304FF41B
:107C9000007243F44073CAF81030CAF86020DAF872
:107CA0005C3013F4E02FE2D0E8E70420BDE8F88F61
:107CB000E4850120F8B506690446D6F8145115F498
:107CC000706301D0C6F81431A8070BD5D6F870211F
:107CD00011043DD50023012184F8A230234484F807
:107CE000A3109A76EA0710D594F83071F7B194F89A
:107CF0002E7194F82F31BB4226D97B1C274484F87F
:107D00002E3197F8A530C6F86031AB050DD594F843
:107D1000A30018B1D4F83C3103B198470023A4F86C
:107D2000A230A4F82E3184F83031F8BDD4F83831BF
:107D300003B19847002384F82E31012384F83031B1
:107D400094F82F31BB42D8D80023C6F86031DCE765
:107D500094F8A330872BC5D8591CC9B2BEE700BF21
:107D60000148FFF7A7BF00BF18BF00200148FFF779
:107D7000A1BF00BF58C000200148FFF79BBF00BF54
:107D800098C1002000224FF0000C41710260C260D7
:107D9000C0F810C0704700BF10B50446006810B1AD
:107DA000102107F0E7FA204610BD00BF00000000D8
:107DB00010B502238AB0012104461A46CDE900110C
:107DC000016803A809F0FEFA0DF10A0103A809F001
:107DD000E9FBBDF80A302071DB089B0000EE103A89
:107DE0009FED057BB8EEC00B20EE070BB7EEC00B86
:107DF0000AB010BDAFF30080FCA9F1D24D62503F34
:107E000030B54FF4805291B001254FF080430446C5
:107E1000CDE9005582600A22016803610223C26035
:107E2000052202A809F0CEFAA168022202A809F0F0
:107E300033FB0223002209A8CDE90055216809F08F
:107E4000C1FA022243F69F1109A809F025FB20710F
:107E500011B030BD70B50468054654B1204601210B
:107E600009F0E4FB044610B12846FFF7C9FF20469D
:107E700070BD0E46102007F07BFA04463246697941
:107E800009F0CAFB2C60E9E710B590ED005B2DED21
:107E90000A8B9BB1B4EEC05BF1EE10FA80F2A480C5
:107EA0006FF060431344DC0000EBC30393ED007BF1
:107EB000B4EEC07BF1EE10FA40F2CD80B4EEC50B0B
:107EC000F1EE10FA63D84FF0000C082390ED027B1E
:107ED0006446B4EE470BF1EE10FA00F0848000EB3C
:107EE000CC0EB0EE081BB0EE008B0B44B7EE00CB0F
:107EF0009EED009B01EBCC0E4FEACC0C30EE490B13
:107F000037EE496B9EED00BB80EE064B93ED000B08
:107F100024EE043B23EE011B24EE032BB0EE41AB19
:107F2000A2EE481B92EE08AB3AEE0CCBB0EE41ABA2
:107F3000B0EE421BA3EE481B32EE433B31EE041B76
:107F4000002C56D191ED004B91ED028B90ED027B10
:107F500038EE448B37EE457B88EE072B91ED047BA2
:107F600037EE447B90ED044B34EE454B87EE045BDB
:107F70002AEE000B26EE011BACEE0B0B26EE036B7C
:107F8000BDEC0A8BA1EE020BA6EE050B10BD6FF047
:107F900060441444E30000EBC40494ED007BB4EEB1
:107FA000C07BF1EE10FA4ED990ED027BB4EEC70B18
:107FB000F1EE10FAC0F2838000F1100E4FF0100CB9
:107FC0000024634601340CF1080CBEEC027BB4EED5
:107FD000C07BF1EE10FAF4D9B4EE470BA446F1EEF3
:107FE00010FA7FF47CAF1944BDEC0A8B91ED000BC5
:107FF00010BD931EA34234D0ACF10803C21892ED19
:10800000005BB4EE475BF1EE10FA55D00B4437EE4F
:10801000455B93ED007B30EE477B87EE052B0CF143
:10802000100C604490ED007BB4EE479BF1EE10FA2B
:108030003FD0614437EE497B91ED004B34EE4B4B22
:1080400084EE075B94E70833541E00EB030C9CEDB1
:10805000007BA4463DE70C44BDEC0A8B94ED000B7D
:1080600010BD6FF060441444E30001EBC404A3F1BD
:10807000100294ED004B01EB020CC4180244083BC3
:1080800094ED007B9CED008B92ED005B1944034462
:1080900034EE488B37EE455B88EE052B91ED005BA7
:1080A00034EE454B93ED005B37EE457B84EE075B8A
:1080B0005EE79FED055B5BE79FED032BAFE74FF0BE
:1080C000000C0823644604E70000000000000000E4
:1080D00030B482B00C4602AB03E90600C37C002B2F
:1080E00030D072B6C37CDA0708D54FF0E02145697D
:1080F000D1F880212A408262C1F880219D0708D5ED
:108100004FF0E0218569D1F884212A40C262C1F88C
:108110008421590708D54FF0E021C569D1F888219D
:108120002A400263C1F888211A0708D54FF0E021E0
:10813000056AD1F88C212A404263C1F88C21DB0604
:108140002FD462B683689C4235D0224B84609B69F1
:10815000214AC3F30111C3F3826352F821100133A2
:10816000B1FBF3F2CCB1944227D8B2FBF4F3B2FBEB
:10817000F3F294422CD3B3F5817F20D3174CC46023
:10818000036803220020019918615A6201221C64CD
:1081900019661A6102B030BC70479942EFD3531C84
:1081A000E9E74FF0E022416AD2F890310B40836357
:1081B000C2F89031C5E7C468E2E70024DFE7022B8C
:1081C000FBD9023B5A08140244EA02441C43D6E796
:1081D0001A46E4E700C00F40C8330020FF7F7F004D
:1081E0002DE9F043984683B08368064689460068C7
:1081F000009307231546394F019302AB384C13E91E
:108200000600FFF765FF0021707906F09BFF3549F6
:10821000336A48683A68A4FB0242920C03FB02F2FC
:108220004C68A4EB000C6245FAD830680368C3F8C8
:108230006490DA6D12F4F81FFBD05B6F3373B8F102
:10824000000F0ED0A844FF2403685C66D96D11F4BA
:10825000F81FFBD05A6F05F8012BA84501D03068F4
:10826000F2E70121707906F06DFF1E491C4C486849
:108270003A68336AA4FB0242920C03FB02F24B6899
:108280001B1A9A42FBD83268D37CEBB1DD071ED4AF
:108290009C0704D5D06A4FF0E021C1F804015807CB
:1082A00004D5106B4FF0E021C1F80801190704D57F
:1082B000506B4FF0E021C1F80C01DB0604D5926B46
:1082C0004FF0E023C3F8102103B0BDE8F083906ABB
:1082D0004FF0E021C1F80001DAE700BFC0B600208E
:1082E00083DE1B43001000E070B5072382B0044614
:1082F0000E46019383680068009302AB314D13E989
:108300000600FFF7E5FE0021607906F01BFF2E490D
:108310002E4B48682A68A3FB0232236A920C03FBA7
:1083200002F24B681B1A9A42FBD821680A6856660B
:10833000D36D13F4F81FFBD0526FFF2322730A682A
:108340005366D36D13F4F81FFBD001216079566F8B
:1083500006F0F8FE1C491D4BF6B248682A68A3FBDC
:108360000232236A920C03FB02F24B681B1A9A42F8
:10837000FBD82268D37C13B3DD0704D5906A4FF095
:10838000E021C1F800019C0704D5D06A4FF0E0213C
:10839000C1F80401580704D5106B4FF0E021C1F873
:1083A0000801190704D5506B4FF0E021C1F80C010A
:1083B000DB0604D5926B4FF0E023C3F81021304662
:1083C00002B070BDC0B60020001000E083DE1B4389
:1083D0002DE9F043984683B08368064689460068D5
:1083E000009307231546374F019302AB364C13E930
:1083F0000600FFF76DFE0021707906F0A3FE3349F9
:10840000336A48683A68A4FB0242920C03FB02F20A
:108410004C68241AA242FBD8316849F020020B684C
:108420005A66DA6D12F4F81FFBD05B6F3373B8F144
:10843000000F0BD00C68A84415F8012B6266E16DA3
:1084400011F4F81FFBD04545636FF5D10121707918
:1084500006F078FE1D491C4C48683A68336AA4FB54
:108460000242920C03FB02F24B681B1A9A42FBD8A1
:108470003268D37CEBB1DD071ED49C0704D5D06AEB
:108480004FF0E021C1F80401580704D5106B4FF0FC
:10849000E021C1F80801190704D5506B4FF0E02125
:1084A000C1F80C01DB0604D5926B4FF0E023C3F852
:1084B000102103B0BDE8F083906A4FF0E021C1F8CD
:1084C0000001DAE7C0B6002083DE1B43001000E0A5
:1084D000F0B5072383B004460F4601931546836821
:1084E0000068009302AB314E13E90600FFF7F0FD80
:1084F0000021607906F026FE2D4A2E4B5168306827
:10850000A3FB00C0236A800C03FB00F053685B1AD6
:108510009842FBD8216847F020070A685766D36D58
:1085200013F4F81FFBD0536F23730A685566D36D9D
:1085300013F4F81FFBD001216079536F06F002FE9F
:108540001B491C4D48683268236AA5FB0252920CF5
:1085500003FB02F24B681B1A9A42FBD82268D37CB9
:1085600013B3DD0704D5906A4FF0E021C1F8000194
:108570009C0704D5D06A4FF0E021C1F804015807E8
:1085800004D5106B4FF0E021C1F80801190704D59C
:10859000506B4FF0E021C1F80C01DB0604D5926B63
:1085A0004FF0E023C3F8102103B0F0BDC0B60020A7
:1085B000001000E083DE1B432DE9F0439946037E63
:1085C00083B005460F46002B40F08880437B9A42DB
:1085D00028BF1A469B1A9046DEB2AB682868009303
:1085E0000723424C019302AB13E90600FFF770FD2D
:1085F0000021687906F0A6FD3D483E4A436821689F
:10860000A2FB01212A6A890C02FB01F14268D21AFD
:108610009142FBD828680268C2F86490D36D13F4C5
:10862000F81FFBD0536F2B73B8F1000F0BD0B84479
:10863000026817F8013B5366D36D13F4F81FFBD0A3
:10864000B845536FF5D1711EC9B25EB10268002002
:108650005066D36D13F4F81FFBD00139536FC9B2C4
:10866000FF29F5D10121687906F06CFD2049214EE2
:10867000486822682B6AA6FB0262920C03FB02F296
:108680004B681B1A9A42FBD82A68D37CEBB1DD07F2
:108690001ED49C0704D5D06A4FF0E021C1F8040134
:1086A000580704D5106B4FF0E021C1F808011907F5
:1086B00004D5506B4FF0E021C1F80C01DB0604D566
:1086C000926B4FF0E023C3F8102103B0BDE8F083B4
:1086D000906A4FF0E021C1F80001DAE7202AB2FAEF
:1086E00082F628BF20227609904676E7C0B60020A1
:1086F000001000E083DE1B43037E2DE9F0430546B6
:1087000083B00F46002B40F09080437B9A4228BFF5
:108710001A469B1A91465FFA83F808F1FF34E4B2D7
:10872000AB68286800930723444E019302AB13E91A
:108730000600FFF7CDFC0021687906F003FD4049F3
:10874000404B48683268A3FB02C22B6A920C03FBC1
:1087500002F24B681B1A9A42FBD82A6861231168FF
:108760004B66CB6D13F4F81FFBD04B6F2B73B9F135
:10877000000F0ED0B944FF2112685166D36D13F477
:10878000F81FFBD0536F07F8013B4F4501D02A6813
:10879000F2E7B8F1000F0CD02B68FF211A68516680
:1087A000D36D13F4F81FFBD0013C536FE4B2FF2CE0
:1087B000F5D10121687906F0C5FC2149214C4868B2
:1087C00032682B6AA4FB0242920C03FB02F24B6854
:1087D0001B1A9A42FBD82A68D37CEBB1DD071ED462
:1087E0009C0704D5D06A4FF0E021C1F80401580776
:1087F00004D5106B4FF0E021C1F80801190704D52A
:10880000506B4FF0E021C1F80C01DB0604D5926BF0
:108810004FF0E023C3F8102103B0BDE8F083906A65
:108820004FF0E021C1F80001DAE7202A4FF0FF0401
:108830004FF0000828BF2022914671E7C0B6002003
:10884000001000E083DE1B430023E22110B5044644
:108850001A46FFF7C5FC207B10BD00BF0023E121B5
:1088600010B504461A46FFF7BBFC207B10BD00BFC5
:108870000171002142718182817348F6B801094A71
:108880008B4288BF1A46052301218260064AC375C0
:1088900003620176026000B54FF0200E80F80DE013
:1088A0005DF804FB809698007CBD00200A460521F7
:1088B0007D2A28BF7D22FFF70BBE00BF0379FF2B67
:1088C0002DD010B504464079FF2826D0834210D021
:1088D0001846012106F072FC6079012106F06EFC59
:1088E00023796079834204D01846002106F02AFCDF
:1088F0006079012106F026FC0A490B4A0B4B4868B7
:108900001268246AA3FB0232920C04FB02F24B6849
:108910001B1A9A42FBD8012010BD002010BD002078
:10892000704700BF001000E0C0B6002083DE1B438C
:1089300010B5044600796379834202D0002106F025
:1089400001FC1749174A184B48681268A3FB02320A
:10895000E369920C03FB02F24B681B1A9A42FBD8A4
:10896000A37DABB9E27C2046002102F0FE02E27456
:10897000FFF7AEFD02212046FFF7B6FC02460221BA
:10898000204642F00102BDE81040D2B2FFF7A0BD80
:108990000023E12120461A46FFF722FCE2E700BF50
:1089A000001000E0C0B6002083DE1B43C27C12F042
:1089B000020100D0704742F0020208B5C274FFF70E
:1089C00087FD0849084A41F2883C084B486812680C
:1089D000A3FB0232920C0CFB02F24B681B1A9A4268
:1089E000FBD808BD001000E0C0B6002083DE1B43AA
:1089F00070B50446FFF7DAFF0021E27C204642F022
:108A00000102E274FFF764FD204670220721FFF7A0
:108A10005FFD20796379834202D0012106F092FB49
:108A2000657D45B1E37D04F10E0220460A21BDE8D3
:108A30007040FFF7CDBC02212046FFF755FC0246EF
:108A40000221204602F0FE02FFF742FD657570BD6F
:108A5000002B70B5044614BFB023A023FFF7ACFD74
:108A600020796379834202D0012106F06BFB174D18
:108A70002E6803E02A68921B5F2A1BD80023FF217F
:108A800020461A46FFF7ACFB237B13F03003F1D0EE
:108A900020796379834209D1702207212046FFF7AC
:108AA00017FD237BDB0609D4012070BD002106F0F1
:108AB00049FBF1E701221846627670BD002320468B
:108AC000E1211A46FFF78CFB002070BDE4850120F0
:108AD0000023FFF7BDBF00BF9B0143EA4113C17CE8
:108AE00043EA021221F070010A430021D2B2C2749B
:108AF000FFF7EEBC10B560210446FFF7F5FB202818
:108B000000D810BD0023E22120461A46FFF768FB7B
:108B1000022006F099FA002010BD00BF172108B509
:108B2000FFF7E2FBC04300F0010008BD10B50446AA
:108B3000FFF7E2FD402207212046BDE81040FFF785
:108B4000C7BC00BF10B582B004460A21CDE900239E
:108B50006A46C37DFFF73CFCE37D6A461021204650
:108B6000FFF736FC02B010BDF0B583B005460C46E9
:108B7000CDE90023F9B1052901D903B0F0BD0129E0
:108B80002BD0174E6A46731893F8EC160123FFF7A3
:108B90001FFC264402212846FFF7A6FB96F8F44660
:108BA0000123024602212846A3401A43D2B2FFF70E
:108BB0008FFC03B0F0BD6F46C27D0E30394606F023
:108BC0003DFB01236B75064E3A462846331993F850
:108BD000EC16EB7DFFF7FCFBDBE76F46F3E700BF2E
:108BE000C02C0060023911F0FF0238B5054608D0EC
:108BF00002F0030403212246FFF76AFCA21CEA7577
:108C000038BD0321FFF764FC0222EA7538BD00BFBE
:108C100070B5072382B00446334D01938368006822
:108C2000009302AB13E90600FFF752FA00216079C6
:108C300006F088FA2D492E4B48682A68A3FB0232B9
:108C4000236A920C03FB02F24B681B1A9A42FBD870
:108C5000216850230A685366D36D13F4F81FFBD0C4
:108C6000526F732322730A685366D36D13F4F81F8F
:108C7000FBD001216079536F06F064FA1B491C4E4A
:108C800048682A68236AA6FB0262920C03FB02F280
:108C90004B681B1A9A42FBD82268D37C13B3DD07BA
:108CA00004D5906A4FF0E021C1F800019C0704D57B
:108CB000D06A4FF0E021C1F80401580704D5106BC9
:108CC0004FF0E021C1F80801190704D5506B4FF0AF
:108CD000E021C1F80C01DB0604D5926B4FF0E023D4
:108CE000C3F8102102B070BDC0B60020001000E033
:108CF00083DE1B4338B50446052006F0A5F95F2244
:108D000004212046FFF7E4FB06212046FFF7ECFA9A
:108D10004FF48C7300F0D7020621E3612046FFF781
:108D2000D7FB06212046FFF7DFFA1D212046FFF77B
:108D3000DBFA05462046FFF76BFF1D212046FFF7B3
:108D4000D3FA2B1AB3FA83F35B09237530B185424A
:108D500055D000221D212046FFF7BAFB00251C211B
:108D600020462A46A575FFF7B3FB3F220121204686
:108D700025761125FFF7ACFB032202212046FFF7E1
:108D8000A7FB20231A46637300E0627B2946013566
:108D90002046EDB2FFF79CFB172DF6D103222046AB
:108DA0001146FFF795FB052120464C22E175FFF7A0
:108DB0008FFB204670220721FFF78AFB0023204605
:108DC000E2211A46FFF70CFA00232046E1211A4659
:108DD000FFF706FA0C2220460021FFF779FB00215D
:108DE0002046FFF781FA03462046E374FFF7DEFDD5
:108DF000E07CA0F10E00B0FA80F0400938BD2046BA
:108E0000FFF706FFA5E700BF10B50446006808F0AD
:108E100097F92046FFF752FD00B910BD2046BDE886
:108E20001040FFF767BF00BF10B51D210446FFF7D4
:108E30005BFA02461D21204642F00402D2B2FFF73F
:108E400047FB1C212046FFF74FFA02461C21204613
:108E500042F03F02D2B2FFF73BFB0123237610BD65
:108E6000837D03B1704710B51D210446FFF73CFA1E
:108E700002461D21204642F00602D2B2FFF728FB2F
:108E80001C212046FFF730FA02461C21204642F002
:108E90000302D2B2FFF71CFB01232376A37510BD9A
:108EA00038B5857D0DB9284638BD202B01F0070166
:108EB000044628BF202341F0A801FFF789FA257B4B
:108EC000ED4305F00105284638BD00BF19B13F222A
:108ED0000121FFF7FDBA38B505460A460C460121C7
:108EE000FFF7F6FAAB7D03B938BD1D212846FFF721
:108EF000FBF902461D21284602F0FD02FFF7E8FAC1
:108F0000AC7538BD092108B5FFF7EEF900F0010096
:108F100008BD00BF70B50D46062114460646FFF792
:108F2000E3F9032D03464FF0060128BF0325304621
:108F300003F0F80304EB450443EA0402BDE8704083
:108F4000D2B2FFF7C5BA00BF70B50E46062104467F
:108F5000FFF7CAF9022E00F0D70512D0012E16D065
:108F60004FF48C73E3612A4620460621FFF7B0FADE
:108F700006212046FFF7B8F9401BB0FA80F04009FF
:108F800070BD40F2F91345F02005E361EBE7F023F3
:108F900045F00805E361E6E7C27C02F0F30219B18F
:108FA000012905D042F00C020021C274FFF790BAEB
:108FB00042F008020021C274FFF78ABA0B4604216E
:108FC0000F2B28BF0F230F2A28BF0F2242EA0312BC
:108FD000D2B2FFF77DBA00BF38B5594A0123594CC8
:108FE00068211370054607222046FEF7B3FD94F86A
:108FF000A32094F8A230D11A062940F38F809A4218
:1090000040F29B80E2180133927E84F8A230C2F3D2
:109010000213D04302F00F0203EB8303C0F3C0102E
:1090200002EB43022A7094F8A23094F8A3209A42EB
:1090300040F281805A1C23449B7E84F8A2201A09A6
:1090400003F00F0302EB820203EB4203DBB26B700F
:1090500094F8A23094F8A3209A426AD95A1C234467
:109060009B7E84F8A220C3F3011203F00F0302EBEE
:10907000820203EB4203AB7094F8A23094F8A32071
:109080009A4254D95A1C23449B7E84F8A2201A0980
:1090900003F00F0302EB820203EB4203DBB2EB703F
:1090A00094F8A23094F8A3209A423ED95A1C234443
:1090B0009B7E84F8A2201A0903F00F0302EB8202C0
:1090C00003EB4203DBB22B7194F8A23094F8A32097
:1090D0009A4228D95A1C23449B7E84F8A2201A095C
:1090E00003F00F0302EB820203EB4203DBB26B716E
:1090F00094F8A23094F8A3209A4211D9591C234421
:109100009A7E84F8A21002F00F0312091E3302EBBC
:10911000820203EB4203DBB2AB7138BD002038BDE5
:10912000C323AB71F9E7A523E1E7A523CBE7A5238B
:10913000B5E72D239FE7A52389E75522002071E796
:10914000ED86012018BF0020014816F019BF00BFAE
:1091500018BF002070B50E4C0125D0230021064613
:10916000204684F8305184F8A53084F82F51FEF75A
:1091700099FB29462046FEF76DFC18B1054B0020EF
:10918000187070BD3046BDE87040FFF725BF00BFC6
:1091900018BF0020ED8601202DE9F0414E4C01273B
:1091A0004FF0D00806460021204684F8A58084F8B8
:1091B000307184F82F71FEF775FB80212046474DF2
:1091C000FEF770FB71782046A5FB0123DB0803EB5B
:1091D0008302A1EB420101EB0311C9B2FEF762FB6E
:1091E000B1782046A5FB0123DB0803EB8302A1EB4A
:1091F000420101EB0311C9B2FEF754FBF17820469E
:10920000A5FB0123DB0803EB8302A1EB420101EB89
:109210000311C9B2FEF746FB31792046A5FB0123B5
:10922000DB0803EB8302A1EB420101EB0311C9B29E
:10923000FEF738FB71792046A5FB0123DB0803EB21
:109240008302A1EB420101EB0311C9B2FEF72AFB35
:10925000B17920461E39C9B2A5FB0123DB0803EB17
:109260008302A1EB420101EB0311C9B2FEF71AFB25
:1092700039462046FEF7EEFB30B1DFF8648000206F
:1092800088F80000BDE8F08184F8A5800146DFF889
:109290005080204684F8307184F82F7188F800706F
:1092A000FEF700FB31782046A5FB0135ED0805EB04
:1092B0008503A1EB430101EB0511C9B2FEF7F2FAF8
:1092C00039462046FEF7C6FB0028D8D1384688F834
:1092D0000000BDE8F08100BF18BF0020CDCCCCCC91
:1092E000ED86012070B500F1240384B08C4604465D
:1092F00001AD164693E8070085E807004FEA4C12D7
:109300002946206A01F068FB012806D13246294629
:10931000206A01F045FB04B070BD002004B070BDB0
:1093200010B5044600F0BAFD002384F8313084F80B
:10933000333010BD38B514460D46002200F124012B
:10934000006A01F02DFB034620B1428901202A80EA
:109350001B89238038BD00BF38B514460D46002256
:1093600000F12401006A01F01BFB034620B1C28911
:1093700001202A809B89238038BD00BF38B50D4667
:1093800090F8311009B1002038BD382204460DF0A4
:10939000DBFF012340222562184684F8333084F82D
:1093A000312038BDF0B40D460978202903D115F8D5
:1093B000014F202CFBD0156095602C782F2C11D0FC
:1093C00084B16E1C3C2C1D4F35462AD8212C12D856
:1093D00004F1FF3CBCF11E0F16D80020F0BC704712
:1093E00015F8014F202CFBD02F2CF9D01D60114611
:1093F000F0BC01F0C3B9A4F1220C5FFA8CFC27FA8F
:109400000CFC1CF0010FE8D12E2C01D0202C0DD12A
:1094100016F8014B002CE5D02F2CE3D03C2C354620
:10942000D4D95C2CD9D003D97C2CD6D09660EFE768
:109430003E3C012CFAD80020F0BC70470121000509
:109440002DE9F04F90F8333083B00546DC0774D532
:1094500058060F46904640F1B080D5E90023D5E983
:10946000041018EB020443F10003A14270EB030364
:10947000C0F0A980B8F1000F5BD0464605F118098D
:10948000D5E90032D5F820A0DAF838441C40C4F3FE
:10949000080B002C70D1134370D195F831305A0667
:1094A0004CBFDAF83424EA69AA619AF84504023A12
:1094B000DAF82C14630A824001EB54211144BBF109
:1094C000000F45D1B6F5007F42D3DAF81C22914255
:1094D0003ED0B6F5806F58D34FF0010B0BFA00FB6E
:1094E000ABEB030B730A9B4528BF9B4691424FEAA7
:1094F0004B240AD801EB0B039A4206D20AF50470FA
:10950000019103F01BFE0199B8B1DAF814025B4631
:109510000268D2F814A03A46D04770B123462744D7
:10952000D5E900125B1842F10002361BC5E9003292
:10953000A8D1404603B0BDE8F08F95F832304FF027
:10954000FF3043F0020385F8323003B0BDE8F08FFE
:10955000CBF5007400220AF50470B44228BF3446EB
:1095600003F018FE0028E8D000EB0B012246384635
:1095700005F064FE2346D2E7AA6996E795F83330F2
:109580005B060ED5AA6901328EE7DAF814023A4674
:1095900003681B6998470028CFD04FF400731C461E
:1095A000BDE74A465046A96901F058FA0028C4DBD5
:1095B0000CD0D5F820A0AA6977E795F831301907C3
:1095C0007FF558AF49E7A1EB020853E795F8313032
:1095D00013F0500FB1D0A8EB06084046AAE700BF31
:1095E000F0B583B00122044685690DF10701D0E989
:1095F0000067FFF725FF0128A5610CBF9DF8070054
:109600004FF0FF30C4E9006703B0F0BD2DE9F04F23
:109610001F4690F8313083B00446D0F81880002BF4
:1096200051D01646D0E9001CBC4508BF91425CD021
:1096300056EA07024DD01D0704D5D0E90402B04216
:10964000BA4140D394F83320751ED4F820A001927B
:1096500047F1FF309AF845240932D2B2C2F1200E08
:10966000D540A2F1200900FA0EFB20FA09F045EAE4
:109670000B0505430198400633D4481E20FA02F238
:109680004CF1FF3051EA0C0C00FA0EFE20FA09F002
:1096900042EA0E0242EA000201D0954229D25B065C
:1096A0004CBFDAF83434E369A36104F1180906E029
:1096B000A169013D206A01F0D1F9002803DD4A4685
:1096C000002DF5D107E00020C4F8188003B0BDE8F4
:1096D000F08F002383610120C4E9006703B0BDE877
:1096E000F08FE3692B44A361F5E7012003B0BDE8E7
:1096F000F08FAD1AD9E700BF2DE9F04F174690F86B
:1097000031208FB00546002A40F0D7808B4691F873
:10971000311011F0500F00F0D08003F003019A4691
:10972000032900F0CA80013103F0080041EA000378
:109730000293002F00F0CB80396901F10E08B64981
:10974000A1FB0818DBE900104FEAD808014308F133
:1097500002085FFA88F805D000200021CBF8182015
:10976000CBE900010024029B264643F0400303930B
:10977000202206A95846FFF763FE00B3202840F0D8
:109780009C809DF918209DF81830002AC0F2A28014
:1097900034B9DBF80020A2F12009DBF8182001928F
:1097A000444501D20134E4B2002B00F013812022A1
:1097B00006A958460026FFF743FE0028DED11AF41A
:1097C000007F7AD0029B9B0777D5002F75D0444548
:1097D00017D2DDF804A0202206A95846FFF730FE74
:1097E000631C002861D0202867D12CB9DBF8002049
:1097F000DBF818A0A2F12009DCB2A045EBD8CDF827
:1098000004A03822002128469BF833400DF09CFD2F
:10981000DBF82030C4F38014019A2B620823002661
:1098200085F82C4085F831303B68C5E909297B6013
:10983000BE81B8F1000F33D008F1FF39B346DFF82D
:10984000DCA15FFA89F9012259462846FFF74AFD53
:10985000044690B390F90020002A2EDB202200213C
:109860000DF072FD002E00F0BC80BBF1010F00F086
:10987000D780C123A3461E3404F81E3CBB8938465A
:109880001BB9D7E901239A4205D003F0C1FC2BF89C
:10989000020FA345F2D101365FFA86FBD845D2D834
:1098A000284600F0FBFA06460DE05846DBF8186043
:1098B00000F024FB002840F0918000231E4685F82C
:1098C000313085F8333030460FB0BDE8F08F4FF0BF
:1098D000030847E756BB444538BF0024852B7FF477
:1098E00047AF31463822284601260DF02DFD9DF860
:1098F0001C209DF8193085F8303002F03703D2066D
:1099000058BF43F0080385F83130DBF80030DBF84E
:109910002020203B2A62DBF81820C5E909239BF8A8
:109920003330C3F3801385F82C3021E7C02B28D0C7
:10993000C12B7FF43CAF3A4606A9284600F092FEC0
:10994000E8B1BB89DBB9D7E901329A4217D11AF4E1
:10995000006FB2D11AF4884F70D195F83330980760
:109960006CD41AF4806FA8D11AF4804FABD028467B
:10997000D5E90423FFF74AFE0028A4D19DE7064657
:10998000F6E6029B85F833309DF819309B0702D527
:10999000039B85F833300B9BEB61DDE90823C5E9B8
:1099A0000423DDE90C23C5E90223002FCFD04FF0BB
:1099B00000033A69BB813B687B609DF81B309A428B
:1099C0007FF4F5AEBE8ABDF81C30F61AB6FA86F6FC
:1099D0007609CDE6002F7FF4F2AE6EE7CBF8186083
:1099E0000BE78523237085F8309084F80190DAF82E
:1099F0000030002B46D00DF113020DF1160105A821
:109A00009847BDF814306381BDF8163023819DF866
:109A1000133023753FE700BF89888888307D012097
:109A2000C02384F801B02370029B63F07F0385F8A4
:109A300033303B69E370BB8AA3802CE795F8313063
:109A4000D9063FF53AAF13F001017FF436AF1AF4AF
:109A5000806F89D095F8332092077FF52EAF002BC9
:109A60003FF42BAFD5E90032134304D0002200238A
:109A7000A961C5E90023284600F042FC00283FF414
:109A80001CAF20E745F621436381E381638202E74F
:109A90002DE9F043002597B0994690F831300192B6
:109AA0001495ADF81450002B3ED191F831300F468B
:109AB00013F0500F38D01378044616462F2B37D0AA
:109AC0004FF0000801AB02AA31462046FFF76AFCBE
:109AD00050B3019E3378002B3ED0002302AA3946B2
:109AE0002046FFF709FEF8B1A44608AD04F130079F
:109AF000DCF800000CF1100C5CF80C1CAE465CF8B5
:109B0000082C10355CF8043CBC45AEE80F00EFD1E2
:109B1000DCF8000008AF2860204600F0BFF984F8A8
:109B2000318084F83380CDE7002017B0BDE8F083A2
:109B300016F8011F2F29FBD00196B1B93822204613
:109B40003D6A0DF001FC012340222562184684F88D
:109B5000333084F83120E8E74B4602AA39462046E4
:109B6000FFF7CAFD17B0BDE8F0833822002108A82E
:109B70003D6A0DF0E9FB012308AF10958DF85330D5
:109B800040238DF851309BE719B101F58961FFF74A
:109B90007FBF0846704700BF90F8313063B991F835
:109BA000313013F0500F07D00B6813F01F0C03D1A6
:109BB00013466246FFF7A0BD002070478169F8B5E3
:109BC0000446006A01B10131012200F00DFE0128B6
:109BD000054632D901230146206A1A4600F064FE88
:109BE000064650B3A3695BB394F83320510612D5EF
:109BF000591CA94218D022F04002E16984F83320B0
:109C000005E0206A00F04CFF3946B0B1A3694F1C53
:109C100099423A46F5D34FF0FF322946206A00F0C8
:109C20003FFF50B1A16911B93046A561F8BD2A4680
:109C3000206A00F035FF0028F6D100263046F8BD36
:109C400094F8333043F0400384F83330ECE700BF3E
:109C500090F833309A0736D5C16970B50546A1B979
:109C60000024214607E0037803F07F03037095F892
:109C700030308B4229D3013401222846FFF732FBD2
:109C8000E1B20028EFD1002070BD5B06006A34D538
:109C900090F84534D5E902240933013ADBB244F1A6
:109CA000FF34C3F1200CDA40203B04FA0CFC24FA08
:109CB00003F342EA0C021A430023013200F0F4FDE0
:109CC0000028CDD1DFE70020704700232C6A85F8FB
:109CD0003130204685F8333003F030FA0028D2D0F6
:109CE00004F5047003F02AFA0028CCD0D4F840041C
:109CF0000368BDE870401B6A184700F0F1FE0028B9
:109D0000AED1C0E790F83130DB0601D400207047B7
:109D100010B5002288B000230446FFF777FC08E066
:109D200020281BD19DF900309DF80020002B15DB69
:109D300032B1202269462046FFF782FB0028EFD18E
:109D400094F833300822204643F0020384F831208F
:109D500084F83330FFF77CFF08B010BD002008B056
:109D600010BD00BF2DE9F0414FF0000882B04A4F0E
:109D700006464446414600223046FFF7B3FA054600
:109D800030B10178C02969D0C1292BD0852909D0EB
:109D900096F83230002043F0010386F8323002B0EA
:109DA000BDE8F08196F8313003F0370383803B68DB
:109DB00083B10DF103020DF1060101A89847BDF82A
:109DC0000630AB812B82BDF80430EB816B829DF8AD
:109DD00003306B75326A92F8103243F0010382F857
:109DE00010322978A1F185000022B0FA80F04009F4
:109DF00001E00422A95CE303012A02F1010243EA23
:109E0000540311FA83F39CB201D10028F1D11F2A27
:109E1000F0D908F1010896F830305FFA88F18B42EA
:109E2000A9D2012206F12401306A00F0B9FD002810
:109E3000AED0356A4480284603F080F90028A7D0C8
:109E400005F5047003F07AF90028A1D0D5F8400494
:109E500003681B6A98470028A1D199E796F8333028
:109E600013F0400F437814BF43F0020303F0FD03E7
:109E70004370D6E90401D6E90732C5E90201D6E903
:109E800002016B61C5E9060192F8103243F001034B
:109E900082F810322978A5E7307D012038B590F896
:109EA000313043B390F93320044690F83330002A20
:109EB0000CDB056A284603F041F978B994F8323092
:109EC000002043F0010384F8323038BD03F07F03F3
:109ED00080F83330BDE83840FFF744BF05F5047023
:109EE00003F02CF90028E9D0D5F8400403681B6A78
:109EF00098470028E2D0012038BD00BF70B590F827
:109F0000313005465A064CD480682B6AD3F83C346D
:109F10001844B0F1806F01D3002070BD2846FFF7D0
:109F20004DFE0028F8D0286A0024AE6990F8453428
:109F3000023E9E40D0F82C341E443119052200F513
:109F40000470013403F026F94FF400720021002858
:109F5000E2D00DF0F9F9286A012390F845249340E6
:109F60009C42EAD395F831305B0615D495F833203E
:109F700062F07F02D5E9023185F83320D0F83C2425
:109F80009B1841F10000AB60D5E90431E8609B18F3
:109F900041F10001C5E904312846BDE87040FFF7F2
:109FA0007DBF006A00F0A2FEAFE700BF70B50446B7
:109FB00090F831009CB0002310F0180F0C931A9306
:109FC00003D0206A0B6A984202D000201CB070BDFA
:109FD00040F601236846FFF75BFD0028F5D0A44654
:109FE00004F130060EADDCF800000CF1100C5CF84A
:109FF0000C1CAE465CF8082C10355CF8043CB445EB
:10A00000AEE80F00EFD1DCF8000009AA04F1240348
:10A0100028609DF8305007CA83E8070094F8333071
:10A02000204684F8305063F07F0384F83330FFF724
:10A0300035FF0028C9D00021022208230EA815915F
:10A040008DF86B208DF86930FFF702FEBEE700BF88
:10A0500038B591F8313013F0500F02D10025284661
:10A0600038BD40F602230446FFF746FB0028F5D032
:10A070001023204684F83130FFF740FF05460028C2
:10A08000ECD0A169002200232046E161FFF7BEFA6F
:10A09000C12294F8313084F83320002BDFD04123E3
:10A0A000204684F83330BDE83840FFF75BBE00BF80
:10A0B000F0B5002597B01F4690F831300192ADF809
:10A0C00014501495002B46D191F831300E4613F000
:10A0D000500F40D01378044611462F2B3ED001ABD1
:10A0E00002AA2046FFF75EF9002834D0019B1B78B6
:10A0F000002B41D0002302AA31462046FFF7FCFA8C
:10A1000030B947B302AA31462046FFF7A1FF10B38A
:10A11000A44608AD04F13006DCF800000CF1100C88
:10A120005CF80C1CAE465CF8082C10355CF8043C5E
:10A13000B445AEE80F00EFD1DCF8000008AE2860AF
:10A140002046FFF7EDF8019901AB02AA2046FFF780
:10A1500029F90028CAD1002017B0F0BD01310191C2
:10A160000B782F2BFAD0316A08A8FFF707F90028DF
:10A17000F1D0019908AEB2E702AA31462046FFF7B6
:10A1800067FF17B0F0BD00BF2DE9F04F0E4690F805
:10A19000311083B009079DF830B09DF834909DF8D8
:10A1A00038809DF83C7040F18580A2F2BC7294B278
:10A1B0007F2C7FD85A1E0B2A7CD80BF1FF321E2A27
:10A1C00078D8B8F13B0F98BFB9F1170F8CBF4FF09B
:10A1D000010A4FF0000A3B2F88BF4AF0010ABAF18A
:10A1E000000F67D105460193FFF758FE002861D0A4
:10A1F000019B51464BEA431B7B0817F001074BEAD2
:10A200004424D34643EA481818BF6427A4B248EA56
:10A21000C92806F001091FFA88F800222846FFF72E
:10A2200061F8002846D090F800C0BCF1850F45D0F9
:10A230000CF14003DBB2012B3CD8ACF185010023CB
:10A24000B1FA81F1490902E0042310F803C04FEA92
:10A25000CB32012B03F1010342EA5B021CFA82F2CA
:10A260001FFA82FB01D10029EED11F2BEDD90AF193
:10A27000010A95F830305FFA8AF18B42CDD2012283
:10A2800005F12401286A00F08BFB98B12C6AA0F834
:10A2900002B0204602F052FF60B104F5047002F0F3
:10A2A0004DFF38B1D4F8400403681B6A03B0BDE821
:10A2B000F04F1847002003B0BDE8F08F95F831301B
:10A2C0002A6A03F03703838092F8103243F00103C7
:10A2D00082F81032B9F1000F02D0A0F81080448249
:10A2E000B20703D50775A0F808804481730703D52A
:10A2F0004775A0F80C80C48190F800C09DE700BFAE
:10A3000090F833309A0762D570B5C56982B00446BB
:10A31000A5B313F0400634D0006AA26890F845C493
:10A32000013AE1680CF1090C41F1FF315FFA8CFC54
:10A33000CCF1200E22FA0CF2ACF1200C01FA0EFE48
:10A3400021FA0CFCA16942EA0E0242EA0C02013237
:10A3500019B3013D6D1A01312A44019172BB63F0BA
:10A360007F03204694ED007B84F8333084ED027B3C
:10A3700084ED047BFFF792FD02B070BD012002B0B6
:10A3800070BD816961B90195C1612946206A00F0FB
:10A39000A7FBC8B194F83330E1E70195E161DDE74F
:10A3A00001AA006A019600F059FB00280CDB10D1CD
:10A3B000019D002DE9D194F83330D0E700230199B5
:10A3C00000F072FA0028E5D1002002B070BD002034
:10A3D00070474FF0FF32A169206A00F061FB00284E
:10A3E000E6D1F1E72DE9F04390F8333083B004462D
:10A3F0009D0740F1A18091461A070E4600F1958015
:10A40000B9F1000F00F0288123684D46206AA16948
:10A41000D0F8382402EA0308C8F30807B8F1000F9F
:10A4200040F09480002900F0D48094F833305B062B
:10A4300040F1EC8090F845C4D4E902320CF1090CEB
:10A44000013B5FFA8CFC42F1FF32CCF1200E23FA83
:10A450000CF3ACF1200C02FA0EFE22FA0CFCE269BD
:10A4600043EA0E0343EA0C031344994280F0D5807B
:10A470000131A16190F845240239D0F82C34914083
:10A480001944B5F5007FC0F08A80B5F5806FC0F043
:10A49000A680012393406A0AA3EB0803934228BFD6
:10A4A0001346D0F81C228A424FEA432809D35F188A
:10A4B000BA4206D2002280F810224FF0FF32C0F8D4
:10A4C0001C22D0F8140232460768BF6AB84798B316
:10A4D00043464644A5EB0805D4E90072D4E90401DB
:10A4E000DB1942F1000298429141C4E9003207D2DF
:10A4F00094F8331061F07F01C4E9043284F833101A
:10A50000002D83D1D4E9020198429141C0F0968098
:10A51000534B1B68002B00F09D8094F83330484665
:10A5200063F07F0384F833300DE0D0E90423FFF7B4
:10A530006DF800287FF464AF94F83230002043F0C7
:10A54000010384F8323003B0BDE8F08390F845246D
:10A5500002394FEA5828D0F82C349140414419442C
:10A56000002F8ED0C7F50078012200F50470A845B1
:10A5700028BFA84602F00EFE0028DDD0384447442C
:10A580004246314604F05AFEB7F5007F206A9FD15B
:10A5900000F5047002F0D2FD002899D1CCE7626882
:10A5A000636900920193226923689342DDE90023E5
:10A5B0009A4112D2012200F5047002F0EBFD00284E
:10A5C000BAD02A4631463844A84604F037FE2B4616
:10A5D0007FE7E16949B3A1614CE70522EBE7D0F8D9
:10A5E0001C328B4206D1002380F810324FF0FF332B
:10A5F000C0F81C32D0F81402324603685B6A9847F0
:10A60000002899D04FF40073984662E704F11802CD
:10A6100000F024FA00288FDB04D12046FFF7CEFAA1
:10A62000002889D0A169206A24E72046FFF7C6FAEE
:10A63000002881D0A169206AE1611BE794F83310FA
:10A640004846C4E9023261F07F0384F8333003B036
:10A65000BDE8F083484676E7D4E9003252E700BF10
:10A66000307D01202DE9F0410C46154601F11E0810
:10A67000AB89284634F8027F1BB9D5E901239A42F9
:10A680000ED002F0C5FD02F087FE0646384602F005
:10A6900083FE864209D14445EAD10120BDE8F0811C
:10A6A000B7FA87F04009BDE8F0810020BDE8F081ED
:10A6B0002DE9F04F90F8313083B08846002B4FD011
:10A6C00090F830300746012B53D9013A0B464FF032
:10A6D000020A00248E18DFF8A0B000225146384646
:10A6E0000193FEF7FFFD00283AD00278C12A37D146
:10A6F000054600F11E09019B35F8020F24B300F551
:10A70000105292B2B2F5806F2AD20BEA8424C0F3C1
:10A710000900204300F580301946324602F09EFDC4
:10A720000346E8B100244D45E6D10AF1010A97F845
:10A7300030205FFA8AFA5245CFD2A3EB0800984640
:10A74000002388F800300FE000F5205292B2B2F5F5
:10A75000006F02D30028DFD1EFE7B2F5806F06D398
:10A760000023184688F8003003B0BDE8F08F044697
:10A77000D9E70020E4E700BF00FC0F0070B50C46ED
:10A7800000234FF6FF75226819461E46A3812361F8
:10A79000626017E002F03CFDA84222D002F0FCFD0E
:10A7A0002369F203A189013342EA5602060A2361B2
:10A7B00052FA80F083B2C0F34E0040EAC33016FA7A
:10A7C00080F086B220460029E4D1D4E901239A42E0
:10A7D000E0D12069A6820138FE288CBF002001202C
:10A7E00070BD002070BD00BF2DE9F84F07468A46B6
:10A7F0009146002942D0A1F10208D7F830344345F0
:10A8000042D908F007030125C8F3C80B9D40EDB2FB
:10A8100046464446D7F82C140022384601EB143142
:10A8200002F0B8FCE8B10BF1FF3B834400F2FF10EB
:10A830001BF8011F0AE04A452BD0A04510D0D7F8DD
:10A840003054A54214D913F0FF050CD0013429422D
:10A850004FEA4503A4EB0602EDD0A0452646EED113
:10A860000120BDE8F88F58454FF00105E0D101E027
:10A870000026344601254FF0000BCBE7D0F82084AA
:10A88000D7F830344345BCD84FF000080125C34603
:10A89000BEE7BAF1000F04D1B9F1010F08BFC7F844
:10A8A0002064B01CBDE8F88F2DE9F8438046881E6F
:10A8B00015461E468318D8F83024934237D8CEBBAD
:10A8C000D8F82034834288BFC8F8200400F007037A
:10A8D0000124D8F82C74C0F3C8099C4007EB103150
:10A8E000E4B2012240468F1802F054FCF8B109F19D
:10A8F000FF3E864400F2FF101EF801CF1CEA040F51
:10A900008CEA040C4FEA440414BF01220022B24234
:10A910000DD0013D8EF800C018D014F0FF04EDD129
:10A920007045A1464FF00104E6D13946D9E7002031
:10A93000BDE8F883D8F820148B42C7D98142C5D32B
:10A94000934228BF0023C8F82034BFE70120BDE8A8
:10A95000F88300BFF8B5D0F8303401338B4201D210
:10A960000020F8BD07460C4600F50476002505E0FA
:10A97000D7F8303401350133A342F1D3D7F824148A
:10A980000022304601EBD41102F004FCA4000028A0
:10A99000E6D0C4F308040459631CE9D1681CF8BD6F
:10A9A00038B50C460B6890F845C400F50470D0F833
:10A9B0002812023B656803FA0CF3294003EB51238C
:10A9C000D0F81C12194402F0E5FB18B16368C3F318
:10A9D0000803184438BD00BF2DE9F8430C46D0F8F1
:10A9E000383449680B4011446160134490F84514B1
:10A9F00001F10902D2B2D3402BB380465D1E00F5AF
:10AA0000047905E02368013D03F1010323601AD3B3
:10AA1000267A002EF6D1D8F83034324627684846D8
:10AA200001339F4212D8D8F8241401EBD71102F059
:10AA3000B1FBBF0050B1C7F30807C3595A1C09D076
:10AA4000013D2360E4D20120BDE8F8834FF0FF30E0
:10AA5000BDE8F8833046BDE8F88300BF38B5D0F8CC
:10AA6000303401338B4202D24FF0FF3038BD0C46F8
:10AA7000D0F82414154600F50470002201EBD4111F
:10AA800002F088FB0028EFD0A400C4F308040359A7
:10AA90005A1C02D001202B6038BD002038BD00BFF9
:10AAA00001291BD938B5D0F830340C4601338B421C
:10AAB00001D2002038BDD0F82414154600F50470EA
:10AAC000012201EBD41102F065FB03460028F0D00F
:10AAD000A4000120C4F308041D5138BD00207047B4
:10AAE000D0F830340133994201D9002070472DE964
:10AAF000F04F054683B00C4600F504790F464FF041
:10AB00000008D5F82414002248464FEAD41B01EB74
:10AB1000D41102F03FFB90B1A300C3F30803C25865
:10AB20000193531C16BF16464FF0000A4FF0010A5E
:10AB3000012C04D9D5F830240132944203D90020E5
:10AB400003B0BDE8F08FD5F82414012248465944DB
:10AB500002F020FB0028F2D0019B40F80380BAF1FC
:10AB6000000F12D00134B44208D00023E21B394652
:10AB70002846FFF799FE0028E1D03746D5F8303453
:10AB80000133B342DBD33446BBE7621C534639463C
:10AB90002846D21B03B0BDE8F04FFFF785BE00BFCB
:10ABA0002DE9F84300250646D0F82C1400F504786A
:10ABB0002C46002240464F1C02F0ECFAA8B100F1EE
:10ABC000FF3E04F58059D6F8300405E079B9083421
:10ABD000844209D24C4516D01EF8011FFF29F5D139
:10ABE000083408358442F5D3401BBDE8F8830822B9
:10ABF000012319424FEA430C18BF0135013A5FFAAD
:10AC00008CF3F6D1E3E73946D3E700BFF8B500236C
:10AC10004FF0FF3600F504771546C0F8401404469F
:10AC200041601A46C0F81412194680F84434037083
:10AC3000C66080F81032C0F81C62384602F0AAFAEA
:10AC4000042D0DD8064658B1BDB16B1E00EB0313A1
:10AC500093F8BE2112F07F0202D193F8C2310BB9F2
:10AC60000020F8BD00EB05163846D6F8B651294647
:10AC700002F090FA06460028F2D005221A49F01C8C
:10AC80000CF0D4FB0028EBD196F86C30092BE7D1FF
:10AC9000336D01462B44C4F82434736DC4F8283452
:10ACA000B36D2B440125C4F82C34F36DC4F8303453
:10ACB000336EC4F8343496F86D20C4F8200420466E
:10ACC00002F1090384F8452405FA03F35A1EC4F877
:10ACD0003C34C4F838242A46FFF786FD4023284632
:10ACE00084F84434F8BD00BF5C30002010B5044641
:10ACF000D0F83414FFF72EFE94F845340933DBB254
:10AD0000984010BD70B590F9023082B00446002B17
:10AD10000DDBA56805F1280002F010FA00283BD1F0
:10AD20006378002043F00103637002B070BD806857
:10AD30000122A169283002F02DFA0028F0D0A58860
:10AD400005F00F056B0100EB4515C35CE52BE7D063
:10AD500023781B0701D5E369EB61236A15491A0CB7
:10AD60006B830E68AA8266B10DF103020DF1060134
:10AD700001A8B047BDF80430BDF806202B836B82D4
:10AD8000EA82A378A56803F07F0305F12800A37089
:10AD900002F0D4F90028C3D005F50E7002F0CEF908
:10ADA0000028BDD0286803681B6A98470028B7D0E0
:10ADB000BBE700BF307D0120024638B552F8105F76
:10ADC00004468068294601F037FE50B155B1236929
:10ADD0000135AB42A37818BF03F0BF0363F07F03D4
:10ADE000A37038BDA37843F04003F7E7F8B50478C3
:10ADF00014F0200404D11A4B054642699A4202D34A
:10AE000000273846F8BDFFF7D7FF07460028F7D0E0
:10AE1000A8682E698279023E416996400E44017904
:10AE2000A9B1214606E00CF08FFAA868E1B20279D8
:10AE30008A420BD9314405222830013402F0AAF9A4
:10AE40004FF4007200210028EDD1D9E782794FF448
:10AE5000007369693846934011FA83F36B61F8BD5A
:10AE600000FE1F0010B5044680680A462830A1691C
:10AE700002F090F920B1A38803F00F0300EB431018
:10AE800010BD00BF10B5037804462BB1FFF73AFFA1
:10AE900000232370A37010BD002301202370A37032
:10AEA00010BD00BF38B5037805460C4613B1FFF757
:10AEB00029FFF0B1A8680022A969283002F06AF9D8
:10AEC000B8B1AA8802F00F0200EB421352015D688C
:10AED00080589968DA6820606560A160E26018694E
:10AEE0005D699969DA69206101206561A161E261AA
:10AEF00038BD002038BD00BF30B589B00D461446BE
:10AF00006946FFF7CFFF28B1BDF81020BDF80E301D
:10AF10002A80238009B030BD30B589B00D46144673
:10AF20006946FFF7BFFF28B1BDF81820BDF81630FD
:10AF30002A80238009B030BD0B7813F0700F01D147
:10AF400000207047F0B540F6022389B00D46044654
:10AF500001F0F0F838B1012210232046A2702370CE
:10AF6000FFF744FF10B9002009B0F0BD2269237833
:10AF700022626BB1636933B1A378002223F020030E
:10AF8000C4E90422A3702046FFF7BCFE0028EAD0E3
:10AF9000A0680122A169283002F0FCF80028E2D064
:10AFA000B4F804C010220CF00F0C4FEA4C1300EB65
:10AFB0004C1C8CF80B20C058A768236A97F806E051
:10AFC0009E1EDCF80410DCF80820DCF80C3006FAD1
:10AFD0000EF6EE46AEE80F00DCF81000DCF81410B8
:10AFE000DCF81820DCF81C30AEE80F007B6907F1B4
:10AFF00028000122F1184FF02033CDF80130CDF8B0
:10B000000530ADF8093002F0C5F884460028AAD012
:10B010002E27EE468DF800707646BEE80F00CCF87D
:10B020000000CCF80410CCF80820CCF80C308DF8D7
:10B030000170BEE80F00CCF81000CCF81410CCF86A
:10B040001820CCF81C302B6A1A0CADF81A30ADF869
:10B0500014200FCECCF82000CCF82410CCF82820F7
:10B06000CCF82C300FCECCF83000CCF83410CCF823
:10B070003820CCF83C30A46804F1280002F05EF8D7
:10B0800000283FF470AF04F50E7002F057F8002866
:10B090003FF469AF206803681B6A09B0BDE8F0405F
:10B0A000184700BF2DE9F041002694B09846037878
:10B0B0000192ADF814600B96002B41D10B780D4630
:10B0C00013F0700F3CD01378044616462F2B3BD05C
:10B0D000002728E0019E3678002E50D001F02AF893
:10B0E000034602AA294620462BB9B8F1000F27D003
:10B0F000FFF722FF20B3A6460DF12C0CBEE80F008F
:10B10000ACE80F00BEE80F00ACE80F00DEF800501E
:10B1100020462378CCF800500BB1FFF7F3FD019ED9
:10B120000BAD2770A770314601AB02AA204601F093
:10B130004DF9064602AA294600232046002EC9D111
:10B14000002014B0BDE8F0810136019633782F2B32
:10B15000FAD0AD68242200210BA80CF0F5F80D956B
:10B16000EB79102B03D0202B0FD00C2BE8D1202310
:10B170008DF82C3001230BAD8DF82E30A8E702AAF4
:10B18000FFF7DAFE14B0BDE8F0814023F0E700BF1E
:10B190002DE9F041002594B098460378019202957C
:10B1A000ADF83850002B37D10B780E4613F0700FE6
:10B1B00032D01378044615462F2B31D000271EE0DD
:10B1C000019D2D78002D40D000F0B4FFA6460DF172
:10B1D000080C08B366462578BEE80F00ACE80F00FF
:10B1E000BEE80F00ACE80F00DEF800302046CCF8D7
:10B1F00000300DB1FFF786FD019D2770A77029462D
:10B2000001AB0BAA204601F0E1F805460BAA314636
:10B2100000232046002DD3D1002014B0BDE8F081DA
:10B220000135019529782F29FAD0A9B9B5682422CA
:10B2300020460CF089F8A560EB79102B03D0202B69
:10B2400022D00C2BE8D120221FE043460BAA00F0AD
:10B2500071FF14B0BDE8F081B6682422002102A875
:10B260000CF072F80496F379102B03D0202B03D046
:10B270000C2BD1D1202300E040238DF8083001238E
:10B2800002AE8DF80A3099E7402201232270184659
:10B29000A370C2E719B101F58961FFF779BF0846CC
:10B2A000704700BFCB6870B50D46044693B9067869
:10B2B0000EB1184670BD8D68242231460CF044F85A
:10B2C000A560EB79102B18D0202B10D00C2B14D0AC
:10B2D000304670BD242200210CF036F801201023E6
:10B2E000A0702370D5E90223A260236270BD4022C2
:10B2F000012322701846A37070BD2022F8E700BF1A
:10B3000070B505780DB1002070BD0E4604462422AC
:10B3100029460CF019F8A660F379102B0BD0202BDE
:10B3200003D00C2B07D0284670BD40220123227089
:10B330001846A37070BD2022F8E700BF2DE9F04F3A
:10B340002DED028B837883B00546DF0740F18C80BA
:10B350008846017892460E0700F191808C0608D548
:10B3600083685A894369C3EB42139BB29A4528BF4D
:10B370009A46BAF1000F00F0AF806A6905F1100338
:10B38000880656464FF0000908EE103AAF68C2F33F
:10B39000080B3DD5396A01EB5221BBF1000F51D1A9
:10B3A000B6F5007F4ED37A6B91424BD0B6F5806FE5
:10B3B000C0F082802878730A800605D43879A0EB23
:10B3C0000900834228BF034691424FEA43240CD828
:10B3D000C818824209D207F12800CDE9001301F014
:10B3E000ADFEDDE9001300283ED0F86A0268576917
:10B3F0004246B847002837D06A69361BA044224429
:10B400006A6169D02978C2F3080BAF688806C1D495
:10B4100097F8059009EA5229BBF1000F36D1B9F12E
:10B42000000F33D1002A33D14A064CBF3A6A2A6A48
:10B430002A61023AB8797969824049441144BBF1E2
:10B44000000FADD0CBF50074002207F12800B44204
:10B4500028BF344601F09EFE30B100EB0B012246BE
:10B46000404603F0EBFEC7E76B784FF0FF3043F048
:10B4700002036B7003B0BDEC028BBDE8F08FC369B3
:10B4800042699B1A9A4528BF9A4672E72A69D0E713
:10B490000B0705D5AA78540602D52A690132C7E7F9
:10B4A00018EE102A3846296901F014FB0028DBDB6E
:10B4B0000CD0AF682A69BCE7F86A424603681B698A
:10B4C00098470028D0D04FF4007495E72B7813F0FC
:10B4D000700FC9D0AAEB060A504603B0BDEC028B30
:10B4E000BDE8F08F70B582B0012204460DF107016E
:10B4F000D0E90456FFF722FF01280CBF9DF8070092
:10B500004FF0FF30C4E9045602B070BD436913F434
:10B51000F07F30B5044683B0C3F3431509D0012949
:10B5200007D120334361A068383000EB451003B0E9
:10B5300030BD01220DF107012046FFF7FFFE40B2AA
:10B54000012803D163691F336361ECE70020EEE754
:10B550002DE9F04103789AB0002613F0180F0896F1
:10B56000119606D0174683688A6804460D469A42AB
:10B5700003D000201AB0BDE8F081FFF7C3FBA64658
:10B580000DF1440CBEE80F00ACE80F00BEE80F0060
:10B59000ACE80F00DEF800303246A169CCF800308C
:10B5A000A36803F1280001F0F5FD0028E1D0A2888E
:10B5B000EC4694F8008002F00F0200EB421E5201AC
:10B5C000DEF804108058DEF80C30DEF80820ACE815
:10B5D0000F00DEF81410DEF81820DEF81C30DEF85C
:10B5E0001000ACE80F0018F008033A46294640F076
:10B5F0009B8008A8FFF756FD0028BAD0109EBDF822
:10B60000243000250E990122A3809DF82330A068E4
:10B61000E3700B9B2830A161E3608DF820508DF81A
:10B62000225001F0B7FD0028A3D0A38803F00F0338
:10B6300000EB4310DDF80D30C0F80D30DDF81130AF
:10B64000C0F81130DDF81530C0F81530DDF81930CC
:10B65000C0F81930BDF81D30A0F81D309DF81F301E
:10B66000C3779DF80B30C372002E3BD0A068B31E89
:10B670002A46817928308B4050F8141C194401F077
:10B6800089FD054600283FF474AF006A6F46696A79
:10B69000AA6AEB6A0FC7286B696BAA6BEB6B0FC7C3
:10B6A0003146A06801F038FA00283FF462AFA06884
:10B6B000236A82792830023B50F8141C93400122FF
:10B6C000194401F067FD064600283FF452AF6D466D
:10B6D0000FCD30627162B262F3620FCD306371637D
:10B6E000B263F36300210222082311A819918DF897
:10B6F00046208DF8443000F0D3FE00283FF439AFE7
:10B70000A46804F1280001F019FD00283FF431AFCE
:10B7100004F50E7001F012FD00283FF42AAF2068F6
:10B7200003681B6A984725E740F601236046FFF748
:10B730002FFD00287FF463AF1BE700BF0378DA0614
:10B7400001D400207047436930B5044683B033B15B
:10B750008378002223F02003C0E9042283700023B1
:10B760000FE06361A3686A0138339A5C03EB451309
:10B77000EAB1E52A04D02E2A02D0DB7A1B0722D5B3
:10B78000636913F4F07FC3F3431503F12003E8D199
:10B7900001220DF107012046FFF7D0FD40B201283C
:10B7A00003D163691F336361DCE763785BB9A37816
:10B7B0000822204643F002032270A37003B0BDE8C4
:10B7C000304000F06DBE002003B030BD2DE9F041E7
:10B7D000037804460769002B39D00D464169A94218
:10B7E00042D0002D37D018072AD5E269AA422ED3BD
:10B7F000D4F808C06E1EA2789CF8060012F0400F24
:10B8000000F10900C0B226FA00F630D14A1EC2404B
:10B8100009B196422FD25B064CBFDCF82030236A78
:10B82000236104F1100806E02169013EA06801F0DF
:10B8300051F900280BDD4246002EF5D1A2780CE02C
:10B840009A06D5D5A3685B89B5EB431FF6D90020CE
:10B850002761BDE8F0818278056122F02002012095
:10B860006561A270BDE8F0810120BDE8F081236A26
:10B8700033442361F1E7B61AD3E700BF2DE9F04165
:10B880000E46154600212422044698469DF818705D
:10B890000BF05AFDB068336A00F13802A58005F05C
:10B8A0000F0502EB4512C4E90203D17A0B0711D44C
:10B8B00001F017012170D37A13F0180F02D141F073
:10B8C0000801217008F00303E770012B38D0022B28
:10B8D00006D0F3B1002318462370A370BDE8F081B1
:10B8E00003232178CD06F5D4CE07F3D408F0080160
:10B8F00018F4806F43EA0103A370416B958AA1613C
:10B90000518B41EA054112D019BB63F07F03A3704C
:10B9100010E018F4806FDDD108F0080343F0010354
:10B92000A370416B938AA161518B41EA034121626B
:10B93000D369E36118F4804F04D10120BDE8F081A0
:10B940000223CEE7E1692046FFF740FF0028F4D14B
:10B95000C0E701F0E1F80028BCD0A378D5E700BF2C
:10B960000378002B45D12DE9F0470B7884B00C46C5
:10B9700013F0700F30D04B6913F01F052CD1064621
:10B980009046A94601220DF10F012046C3F3431A48
:10B990005F09FFF7D3FC40B24FEA4A1201281BD1DE
:10B9A0006369A1681F3301F1380C63611CF8022040
:10B9B0000CEB4A1C82B12E2A12D0A2F1E500B0FA9B
:10B9C00080F0400960B99CF80B1011F0080E12D0FD
:10B9D0000F2907D00546D5E7002004B0BDE8F08761
:10B9E0000025CFE75106CDD502F01F059CF80D903C
:10B9F000C8E70020704785B10CF10A0101E01CF88E
:10BA0000012F4FEACE13614543EA5E0352FA83F3F6
:10BA10005FFA83FEF3D1CE45DED14346BAB221466A
:10BA200030460095FFF72AFFD7E700BF03780BB138
:10BA3000FFF768B9012070472DE9F0470E460178FD
:10BA400082B009079DF828709DF82C909DF830A0D1
:10BA50009DF8348018D5A2F2BC7294B27F2C13D812
:10BA60005A1E01930B2A0FD87A1E1E2A0CD8BAF13F
:10BA70003B0F98BFB9F1170F06D8B8F13B0F03D8A9
:10BA80000546FFF73FF918B9002002B0BDE8F0877E
:10BA9000A8680122A969283001F07CFB0028F3D0B6
:10BAA000019B4FEA5802A98847EA4313F70701F0C0
:10BAB0000F0142EA4A1243EA442300EB41109BB2D1
:10BAC00042EAC92248BF4382B40792B208D518F0AF
:10BAD00001080382C28118BF4FF0640880F80D800E
:10BAE000710701D50383C282AC6804F1280001F01C
:10BAF00025FB0028C8D004F50E7001F01FFB0028BC
:10BB0000C2D0206803681B6A02B0BDE8F04718473E
:10BB100083789B0727D5036A10B5044682B0ABB182
:10BB2000016911BB019301621946A06800F0F4FF9E
:10BB3000B0B1A378616963F07F032278E161A370FB
:10BB400022B12046FFF7DEF802B010BD012002B09E
:10BB500010BD6FF070422169A06800F0CDFF68B998
:10BB6000002002B010BD00207047002301AA8068A9
:10BB7000019300F0AFFF0028F2DBEAD1019B002B1C
:10BB8000D7D0D1E72DE9F047837805469C0777D5D4
:10BB900088461907914600F1B5806B6913EB0902DD
:10BBA0006ED2B9F1000F40D04F464FF0000AA8689E
:10BBB000C3F308062969447914EA53243FD1002EBF
:10BBC0003DD100296ED0AA78520676D5EA699A420C
:10BBD00073D901312961023982794369914019444D
:10BBE000B7F5007F53D3B7F5806F70D303797A0A26
:10BBF0001B1B934228BF1346426B8A424FEA4324E1
:10BC000007D35E18B24204D24FF0FF3280F828A06A
:10BC10004263C06A42460668B66AB04780B36B6941
:10BC20003F1BA04423446B61C1D1EA699A4276D29A
:10BC3000AA784846EB6162F07F03AB7025E0827919
:10BC400002394369914019442144002EC8D0C6F5F9
:10BC500000740122BC4228BF3C46283001F09AFA09
:10BC600070B1304426442246414603F0E7FAB6F567
:10BC7000007FA868D3D1283001F060FA0028CED127
:10BC80006B78002043F001036B70BDE8F087C6F5C8
:10BC900000746A69EB69BC4228BF3C469A4205D3EE
:10BCA0000522DAE7296A21B3296194E7AB7813F01A
:10BCB000200F14BF05220122CFE705F1100200F08A
:10BCC00009FF0028DCDB24D0A868296983E7436BDF
:10BCD0008B4204D14FF0FF3380F828A04363C06A41
:10BCE000424603685B6A98470028C9D04FF4007445
:10BCF00095E72846FFF760F80028C1D02969A868B1
:10BD0000296268E7C169FFF761FD00287FF445AF4C
:10BD1000B6E72846FFF750F80028D5D1B0E7054B25
:10BD20001B682BB1AB78484663F07F03AB70ACE780
:10BD30004846AAE7307D01202DE9F04F84468DB0BA
:10BD40001446156898460646894603AF01934FF09E
:10BD5000000EBCE80F000FC7BCE80F000FC7DCF8EF
:10BD6000003065603B604346A4F80CE0002B3FD0F8
:10BD70004FF0010AA9EB0A0103A889B24901FFF7B4
:10BD800025FD50B3002103A8FFF7C0FB074620B3F1
:10BD900000250DE001F03CFA8046584601F0FCFA1F
:10BDA0008346404601F0F8FA834516D10D2D18D090
:10BDB000EAB239463046013500F0FAFBA3898346E2
:10BDC0002046002BE6D1D4E901329342E2D1BBFAFE
:10BDD0008BF040090DB0BDE8F08F00200DB0BDE83C
:10BDE000F08F0AF1010A019B5FFA8AFA5345C1D22A
:10BDF0000120EFE72DE9F04F07468DB016469A4631
:10BE00000DF10C0C02F1150402F1200501914FF027
:10BE100000090FCFACE80F000FCFACE80F003B6874
:10BE2000CCF800304FEAC91314F8012F43EA590344
:10BE3000A54252FA83F35FFA83F9F3D133684FF0E6
:10BE400000087360A6F80C80BAF1000F4ED00127ED
:10BE5000019B03A8D91B89B24901FFF7B7FC002851
:10BE600055D0002103A8FFF751FB00284FD0059AB9
:10BE7000574500F1010B4FF0010492F828304FF0C4
:10BE8000000543F0010382F828304FF00F030CBF88
:10BE900047F040023A46C3724FF00003027003734A
:10BEA0004FF0000380F80D90438306E0ABF80000EC
:10BEB000013401350BF1020BE4B2B08918B9D6E9AF
:10BEC00001239A4216D0304601F0A2F9042DEBB2BC
:10BED000ECD90A2B02D8ABF80300E9E70D2CABF83C
:10BEE0000500E5D10137FFB2BA45B1D201200DB04E
:10BEF000BDE8F08FB8F1000F06D008F101084FF649
:10BF0000FF705FFA88F8E1E74FF00108DEE70020F4
:10BF10000DB0BDE8F08F00BF02464FF0203152F85F
:10BF2000163B2DE9F043C0F8161086468468516030
:10BF3000C2F807101A782E2A14BF0120002003D15E
:10BF400013F8012F2E2AFBD0611E99420BD90A4605
:10BF500002E09342114606D01146013A91F800C022
:10BF6000BCF12E0FF5D19C424FF0000540F28680C7
:10BF700007260827A946A84606E001330A264FF0FF
:10BF8000080910279C425BD91A782E2A08BF9942CB
:10BF9000F3D0222A0DD07C2A0BD0A2F15B0CBCF18D
:10BFA000020F06D9A2F12A0CBCF1050F21D82D2AC7
:10BFB0001FD002F0C002802A5DD04E452FD2994298
:10BFC0002CBF002001200A2E08BF40F001000028ED
:10BFD00047D09EF81630202B40D09EF81430012018
:10BFE0007E21312273448EF815009975DA75BDE80B
:10BFF000F083A2F13A0CBCF1050FDAD9A2F1210CC1
:10C00000BCF15D0FD5D84E45D9D3A2F1610CBCF17E
:10C01000190F28D8203A3D43D2B2EDB201E00020FA
:10C020005F2209F1010CF144013389F816205FFA0F
:10C030008CF2062A914698BF8EF814209C42A3D811
:10C040009EF81630202B09D00028C6D018EA050F1C
:10C0500018BF02258EF81550BDE8F0830020BDE81A
:10C06000F0830B468EE7A2F1410CBCF1190F98BF8B
:10C0700047EA0808D5E70133002083E7A846DFE751
:10C080002DE9F84F4FF0620900250F460446DFF80E
:10C09000A0B04FF07E0A91F8148001F11606B8F1B5
:10C0A000030FDBF8003028BF4FF003082B449DB28C
:10C0B00008F10403DBB205F00F02581E2D09092A0E
:10C0C00002F1370198BF02F13001FA18C3B291753D
:10C0D0009845F0D107EB08030021204683F816A00D
:10C0E000FFF774FB01212046FFF710FA03460B22ED
:10C0F00030469BB193F800C01946BCF1000F13D035
:10C10000DB7A1B07EED40BF073F80028EAD109F1B3
:10C11000FF3919F0FF09C2D1484603E06078B0FA50
:10C1200080F04009BDE8F88F0120BDE8F88F00BF1E
:10C13000E48501202DE9F04F2DED028B8BB0CDE988
:10C1400002038B6807930B7813F0700F53D0029B98
:10C150001B78002B4FD1136990469A4A0E460C3338
:10C16000A2FB0323C3F3870298F8153098070492C3
:10C1700000F0A780571CFFB20023304619461C462A
:10C180000693FFF723FB08F11603A346A146A24638
:10C1900008EE103A0594756900213046FFF7B6F9AC
:10C1A000C5F34F15034620B30278E52A29D042B3E0
:10C1B000BC4238BF00242E2A2BD090F80BC0BCF113
:10C1C0000F0F54D01CF0080C23D1B9F1000F40F030
:10C1D000D5800B2218EE101A0BF00AF80028DAD1DD
:10C1E00098F8153013F0010300F0E4800123059363
:10C1F000D1E7737883B100200BB0BDEC028BBDE8B2
:10C20000F08F002C08BFAA46BC4201D20134E4B230
:10C2100012B14FF00009BEE7039B9A05EBD503F07E
:10C220000303013B012BE6D8002C08BFAA46BC4201
:10C2300003D348E0DCB2A74245D000213046FFF7E7
:10C2400065F9631C0028F5D17378002BD3D1A74280
:10C2500039D9079D05E02B7904EB0314E4B2A7421A
:10C2600031D93046FEF7C2FD0028F4D1C3E7B9F159
:10C27000000F19D102F01F0B049959458BD112F010
:10C28000400988D0437B89460693BBF1010F82D1D8
:10C29000691C4B464246304689B2FFF74DFD0028E7
:10C2A00008BF4FF0000976E70BF1FF3B5FFA8BFB0D
:10C2B0005A45AED1437B069A9342E6D04FF000092F
:10C2C00069E7012758E7059B2BB141463046FFF748
:10C2D000D7FE00288FD0013F42463046FBB20AEB22
:10C2E00003051F46ADB22946FFF784FD002882D022
:10C2F00069013046FFF76AFA00283FF47CAF00215D
:10C300003046FFF703F9044600283FF474AF2022BB
:10C3100000210BF019F8D8F81620D8F81A3022604E
:10C32000636098F82030B8F81E20A372228198F834
:10C33000153003F018032373234B1B68002B3BD0ED
:10C340000DF123020DF1260109A89847BDF824300C
:10C350002382BDF82630E3819DF823306373079A6A
:10C3600092F8283043F0010382F82830039B2A46D4
:10C37000314602980097FFF781FA3DE7BBF1010FC4
:10C380007FF439AF0A3001E013F8012F4FEACC11E6
:10C39000984241EA5C0152FA81F25FFA82FCF3D1E1
:10C3A000069B63457FF427AF4F46039B19053FF576
:10C3B00022AFDBE71F46F8E745F6214323822383BC
:10C3C0006382CCE74FECC44E307D01202DE9F04173
:10C3D0001F460B7882B00C46202B154603D114F86B
:10C3E000013F202BFBD02C60237863B32F2B2AD066
:10C3F0004FF00008294E211D204601AA00F080FFC1
:10C40000044670B1019BB3F5803F40D27F2B08F109
:10C41000010831D83C2BD9B229D8212905D81F29A8
:10C4200009D8002002B0BDE8F0812239C9B226FA4D
:10C4300001F1CA07F5D42E2B01D0202B1CD1237873
:10C440000BB12F2BD7D12B69013BFE2BE9D82378D9
:10C45000202B03D114F8013F202BFBD02F2BF9D038
:10C4600028463C6002B0BDE8F041FFF755BD5C29AD
:10C47000D7D005D97C29D4D0C5F81080AC60DEE7D0
:10C480003E390129F8D8002002B0BDE8F08108F15A
:10C490000208AC60C5F81080D1E700BF012100059B
:10C4A000F0B500238BB0019383789A0724D5016AF5
:10C4B000054619B1806800F02FFBE8B1012128463C
:10C4C000FEF7D0FCC0B1421E00F10A0C0024E301CB
:10C4D00012F8011F43EA5403944551FA83F3DCB286
:10C4E000F5D1E52600230670AF682B7007F1280010
:10C4F000AB7000F023FE10B900200BB0F0BD07F5C3
:10C500000E7000F01BFE0028F6D0386803681B6A26
:10C5100098470028F0D0EB78002BEED0294601A8F0
:10C52000FEF7C0FE0028E7D0EB78002BE4D001270F
:10C5300021E001A8FEF7EAFF7B1CF9B20028DBD05E
:10C54000C27A0F2AD8D102785FFA83FC9FB202F038
:10C550001F038B42D0D1437BA342CDD10670A96883
:10C5600091F8283043F0010381F8283053060DD4A8
:10C57000EB786345C0D3A98801A8C91B89B24901DA
:10C58000FFF724F900210028D3D1B5E7AC6804F106
:10C59000280000F0D3FD0028AED004F50E7000F0A6
:10C5A000CDFD0028A8D0206803681B6A9847A4E73F
:10C5B000042A04D801EB4202B2F8010070470A2AAB
:10C5C00003D801EB4202908870470C2A03D801EB94
:10C5D0004201C88870470020704700BFF8B5047852
:10C5E0000E467CB114F06004174607D0012A09D921
:10C5F0002F22002301200A704B70F8BD2146FEF760
:10C6000031FC18B9002318463370F8BD0346A44620
:10C61000082111E0027B114203D00EF1200E5FFAD7
:10C620008EFE651CBD42EDD20CF1010C06F804E053
:10C63000ECB2BCF10C0F10D0BCF1080F11D013F804
:10C6400001EBAEF14102192AE4D9BEF1200FE8D185
:10C650000CF1010CBCF10C0FEED100232046335538
:10C66000F8BD1A78202AF8D010214FF02E0ED8E706
:10C670002DE9F04F00248BB0037889460194002BFC
:10C6800055D0C3780646002B58D0014601A89046E5
:10C69000FEF708FE00284AD0F078002843D008F1C1
:10C6A000FF38CB464FF0010AC844B18801A8A1EB7E
:10C6B0000A0189B24901FFF789F8C0B3002101A836
:10C6C000FEF724FF98B3C37A0F2B30D103785FFABB
:10C6D0008AF103F01F038B4229D1471C0025042D4A
:10C6E000EBB23FD83B8874BB03F5205189B2B1F55A
:10C6F000006F3ED3A3B118465946424600F0AEFD46
:10C700008346A0B10024013502370D2DE7D10AF18F
:10C71000010AF1785FFA8AF31FFA8AFA9942C4D2C1
:10C72000ABEB0900D946002389F8003003E0002371
:10C73000184689F800300BB0BDE8F08FFFF74EFFC8
:10C740000BB0BDE8F08F03F5105189B2B1F5806FE1
:10C75000EDD20A4AC3F3090302EA8420184300F524
:10C760008030C9E70A2B94BFB7F80330B7F805301B
:10C77000B9E7B1F5806FDAD21C46C4E700FC0F00C0
:10C78000FFF776BF2DE9F843DDE90887C3B181469D
:10C790000C4615465E1802E0C047B44210D0D9F8E6
:10C7A000003021462A4648461B69984703463A46C8
:10C7B000204629460134002BEED11846BDE8F88307
:10C7C00001231846BDE8F88310B41468B4F5807FDF
:10C7D000A44628BF4FF4807C01EB4C00814207D275
:10C7E00031F8023B13B95368013353608842F7D8DC
:10C7F000A4EB0C0414605DF8044B704710B414688B
:10C80000802CA44628BF4FF0800C01EB8C008142A5
:10C8100007D251F8043B13B953680133536088427F
:10C82000F7D8A4EB0C0414605DF8044B704700BF0C
:10C830002DE9F843C37904460D461746202B59D0FD
:10C84000102B30D00C2B51D1027AC1F34E018369E9
:10C8500000F50E7911FA85F1A2F1020248468EB276
:10C86000B2FA82F2C1F34621520901EB03085200E9
:10C87000414600F08FFC002838D0C6F30806731C30
:10C88000865DB3F5007F23D018440378EA07E26998
:10C8900046EA03234CBF1B09C3F30B039A4240D261
:10C8A0000020BDE8F883027AC1F30721836900F50F
:10C8B0000E70A2F102021944B2FA82F25209520039
:10C8C00000F068FC90B16D0005F4FF75435B25E056
:10C8D000227A08F101014846A2F10202B2FA82F27C
:10C8E0005209520000F056FC0028CED14FF0FF3024
:10C8F000BDE8F883027A816900F50E70A2F10202A8
:10C9000001EBD511B2FA82F25209520000F042FC5A
:10C910000028EBD0AD0005F4FE754359E2699A4258
:10C92000BED301203B60BDE8F88300BF2DE9F8438A
:10C93000C37905460C461646202B48D0102B2DD027
:10C940000C2B41D1C1F34E01836900F50E7911FA28
:10C9500084F11FFA81F8C1F34621CF18037A4846C3
:10C96000022B394614BF0122032200F013FC58B3F6
:10C9700014F00104C8F308033FD0C25C02F00F02B8
:10C9800042EA0612C2540133B3F5007F3AD0C6F32F
:10C990000712034401201A70BDE8F883027AC1F33C
:10C9A0000721836900F50E70022A194414BF012281
:10C9B000032200F0EFFB034630B16400012004F4D1
:10C9C000FF741E53BDE8F8830020BDE8F883037AA6
:10C9D000816900F50E70022B01EBD41114BF012206
:10C9E000032200F0D7FB03460028EDD0A40001206D
:10C9F00004F4FE741E51BDE8F883C6540133B3F548
:10CA0000007F15D12B7A791C4846022B14BF0122D6
:10CA1000032200F0BFFB03460028D5D0C6F307125F
:10CA2000002CB7D1197821F00F0141EA1212B1E7B9
:10CA3000C6F307120344F5E72DE9F041C46882B05C
:10CA400005460E468C42904640D301270134EB69DF
:10CA500001AA2846A34205D29FBBEC6801273C44AB
:10CA6000A3422ED3A64218BF012C214629D9FFF795
:10CA7000DFFE002825DBE9D0019B002BE6D107B1C2
:10CA8000EC60EB69A3421CD36FF07042214628464C
:10CA9000FFF74CFF0746A0B13EB96B6A002B01DBE4
:10CAA000013B6B62C8F800400CE0012E09D0EB6935
:10CAB0009E4206D8314622462846FFF737FF002817
:10CAC000EBD10027384602B0BDE8F0810C460027C4
:10CAD000BCE700BF01290CD910B4C4698C4203D350
:10CAE0005DF8044BFFF7A4BE4FF0FF305DF8044B38
:10CAF00070474FF0FF30704701290BD910B4C4695B
:10CB00008C4203D35DF8044BFFF710BF00205DF8A3
:10CB1000044B70470020704770B5054682B00C4644
:10CB20001DE0EB699C421FD8FFF782FE06462146B6
:10CB30000022002E284617DBEB699C4214D8FFF731
:10CB4000F5FE621E80B16B6A002B03F10103A8BFE2
:10CB50006B62EB68A342019C88BFEA602EB1012C96
:10CB6000214601AA2846DCD8002002B070BD00BFD3
:10CB70002DE9F0470646406A84B000281BDAF279B6
:10CB80000C2A1BD1F7697B1C022B40F2CD800224BA
:10CB90000025214602AA3046FFF74AFE002804F18C
:10CBA000010306DB57D1A7421C465CD0F2699342D1
:10CBB000EFD94FF0FF3004B0BDE8F087F1690020F5
:10CBC00096F8383201313469DB07CDE9021000F103
:10CBD000858000214FF0FF33202A06F5127786F872
:10CBE0003812C6F8443242D0D6F800804F4BD8F8FD
:10CBF0000020D6F818A095699D4278D1002C00F04D
:10CC000082800AEB0409136951463A464046984728
:10CC10000028CED00299B1F5807F8E4628BF4FF410
:10CC2000807E07EB4E0CBC450BD9039D3B46002292
:10CC300033F8024B0CB9013502469C45F8D802B1D5
:10CC400003950AF1010AA1EB0E01D14502915AD0D8
:10CC5000D8F80020D7E7029A002AA4D1A74205F10C
:10CC600001051C46A2D1284604B0BDE8F087D6F8DD
:10CC700000A02E4BDAF80020D6F8189095699D4256
:10CC800046D1002C3FD009EB0408136949463A46C7
:10CC90005046984700288CD0DDF808C0BCF1800FC2
:10CCA000E64628BF4FF0800E07EB8E02BA420BD942
:10CCB000039D3B46002153F8044B0CB90135014656
:10CCC0009A42F8D801B1039509F10109ACEB0E03C2
:10CCD000C845029317D0DAF80020D6E706F50E70A3
:10CCE00000F02CFA00283FF464AFF27971E7234694
:10CCF00002AC3A465146019440460D4C0094A84778
:10CD000000283FF456AF0398706204B0BDE8F08786
:10CD1000234602AC3A46494601945046054C0094DD
:10CD2000A8470028EFD144E7002044E745920200DD
:10CD300089920200BD92020070B500230446154698
:10CD400001204FF0FF3204F128062160E371E0601A
:10CD5000E162C4F83C1284F8283084F83832626307
:10CD6000C4F84422CDB1042D01D9002070BD1A466B
:10CD70001946304600F00EFA6FF0704300F5DF728E
:10CD80002B441D0102EB03130028EED01979002972
:10CD9000EBD0525D5206E8D19D680022294630460C
:10CDA00000F0F8F90028E0D0B0F80B30B3F5007FC0
:10CDB000DBD1037C5A1E2372012AD6D8417B4B1E3D
:10CDC0000129217163714FF00003A37144D0012246
:10CDD00052000133D2B2DBB2914204D0082BF7D11A
:10CDE0000020A37170BD1E46A371C18A216109B9DB
:10CDF000416A2161C289B0F811302A4463815B0124
:10CE0000A26190F810C003F2FF1301FB0C2202EBA9
:10CE100053232262B0F81320636102B9026AED1A4B
:10CE2000AB18F3405A1CE2614FF0FF32626240F6E9
:10CE3000F47293420CD94FF6F47293420AD9C26A43
:10CE4000202322620120E3712163C4F8401270BDE7
:10CE50000C23F7E71023F5E71E46C6E7F8B50026D2
:10CE60008F6B0D460446C0E90E669FB10146242033
:10CE700000F0DCF8068086708446AD6BA0630FCDB1
:10CE8000ACE80F000FCDACE80F002B68CCF80030F9
:10CE90002046F8BDCB6B002BFAD00146382000F0BD
:10CEA000C5F880F8317047860246EB6BE06303F10A
:10CEB00030071E68103353F80C5C103253F8080C1E
:10CEC00053F8041CBB4242F8106C42F80C5C42F868
:10CED000080C42F8041CECD11B6820461360F8BD16
:10CEE00010B50446806B10B1FDF7CCFF30B9E06B94
:10CEF00010B1FCF715FA20B9002010BD0023A36380
:10CF000010BD0023E36310BD002952D02DE9F0418C
:10CF10000446806B0D4617461E4610B1FDF7B2FF62
:10CF2000A0BBE06B10B1FCF7FBF9B8BBD5F880846F
:10CF3000B8F1000F11D02146242000F077F83346D5
:10CF400000263A4606808670A063D5F88014FEF766
:10CF5000A1F958BBA063BDE8F081D5F8843493B142
:10CF60002146382000F062F8334680F831803A4696
:10CF7000A0F83280E063D5F88414FCF705FEA8B968
:10CF8000E063BDE8F0810020BDE8F0810023D5F822
:10CF90008084A363B8F1000FCDD1DEE70023D5F87C
:10CFA0008084E363B8F1000FC5D1D6E70120BDE866
:10CFB000F0810020704700BFF8B50446806B0D4635
:10CFC000174610B1FDF75EFF38BBE06B10B1FCF700
:10CFD000A7F938BBAE6B76B12146242000F026F8C5
:10CFE00000213A4601808170A063A96BFEF7B8FC6E
:10CFF00088B9A063F8BDE86B0028FBD02146382033
:10D0000000F014F83A4680F831604686E063E96B38
:10D01000FCF7C2FD20B10120F8BD0023A363D9E7CE
:10D02000E063F8BD0023E363D4E700BF0846704720
:10D030002DE9F041002604469846C0F88814C0F84F
:10D04000806401464FF490601746FFF7EFFF4246B9
:10D0500080F84464054680F87964A0F87A64C4F8DE
:10D060008404D4F88814FDF7D1FDA0BB0026214626
:10D0700040F26C40C4F88464FFF7D8FF0223C67105
:10D080004246A0F84864054680F84A640372C4F832
:10D090008004D4F88814FFF74FFE38B900231A4AE9
:10D0A00018461360C4F88034BDE8F08105F5896640
:10D0B0003046FDF7E7FE29463046FEF721F9002805
:10D0C000ECD0124B1A68AAB91D600F4BAFB101200A
:10D0D0001C60BDE8F08105F589663046FCF720F953
:10D0E00029463046FCF74AF90028BFD0084B1A6899
:10D0F000002AE9D0044B002FE9D11A68002AE6D0B3
:10D100000120BDE8F08100BF6C7D0120707D012011
:10D11000387D012070B500254FF47A7604464560CD
:10D1200005738660C0E91255034D40F8105BFFF7A8
:10D13000EBFE204670BD00BF4C32002030B50378B6
:10D1400083B0DC071DD50446406804F11002036873
:10D15000E16801925B6A9847019A0546A8B1237875
:10D16000990708D56068D4E90231194403685B6AFD
:10D17000984750B1237823F001032846237003B069
:10D1800030BD0125284603B030BD0025284603B038
:10D1900030BD00BFF8B543680BB3C36804460F4603
:10D1A00015468B4206D110F8103B05F003052B43C2
:10D1B0002370F8BDFFF7C2FF88B16B0705D504F1F6
:10D1C000100630460023E760EFE7606804F11006C0
:10D1D0003946036832461B6998470028F1D1002080
:10D1E000F8BD00BF4FF0000C024B82F800C01B6876
:10D1F000184700BF347D0120024A0349034B1160E8
:10D2000018607047307D0120A59C0200347D01200C
:10D2100010B50446808982B018B10023A38102B002
:10D2200010BDD4E901318B42F9D201AA184600F0B1
:10D2300067F880B1019B6060B3F5803F01D298B27E
:10D24000EDE7980AC3F30903A0F52150A3F51053A5
:10D2500080B2A381E3E74FF6FF70E0E77F28A2EBFF
:10D26000010205D812B10A4602F8010B10467047B8
:10D27000B0F5006F0FD2012A40D94FEA901C00F0A0
:10D280003F030A466CF03F0063F07F0302F8020B95
:10D2900010464B707047B0F5803F16D2022A2DD948
:10D2A000C0F3851C00F03F03CA1C63F07F0300B588
:10D2B0004FEA103E6CF07F008B706EF01F0E4870CE
:10D2C000104681F800E05DF804FB032A16D94FEA06
:10D2D000904CC0F30532C0F3851300F03F0062F0BC
:10D2E0007F026CF00F0C63F07F0360F07F004A70E8
:10D2F0000A1DC87081F800C08B70B7E70022B5E73F
:10D3000088423DD2034610B490F900001C780028F2
:10D310002DDA04F0E000C02834D004F0F000E0285A
:10D3200034D004F0F800F02826D104F007040420DB
:10D330001844884220D8013313F8011B01F0C00CB7
:10D3400001F03F01BCF1800F41EA841414D1834203
:10D35000F2D1A4F180010F4B99420DD8A4F55843A6
:10D36000B3F5006F08D314605DF8044B7047581C88
:10D3700014605DF8044B704700205DF8044B704763
:10D380000020704704F01F040220D1E704F00F04CE
:10D390000320CDE77FFF10007E283ED94FF0350CEB
:10D3A000002330B4284C04E034F82120824220D8F5
:10D3B0000B46ACEB0302012A03EB5201F4D89BB2FB
:10D3C00034F82320904216D24B2400231F4D04E052
:10D3D00035F8212082421ED80B46E21A012A03EBBF
:10D3E0005201F5D89BB235F8232082421FD030BCC1
:10D3F00070478C46DDE704EB8304821AE3789A4297
:10D40000E2DA94F90230012B16D0D3B19BB2034477
:10D4100030BC98B270470C46DFE7A0F16103192BCE
:10D420008CBF00230123A0EB431398B2704705EB98
:10D430008305688830BC704702F00102831A98B2F5
:10D44000D5E74EF2A033E2E7C02E0020882C002062
:10D45000704700BF30B583B005460C4602F0DCFAD9
:10D460001C4B984204D800232B80238003B030BD8E
:10D47000694601F089FB9DF805309DF806200133CF
:10D480009DF80410503ADBB292B21F2998BF0C2BC2
:10D4900001D87F2A18D900219DF802209DF801307B
:10D4A0002980172A98BF3B2B9DF8001001D83B29F3
:10D4B00003D90023238003B030BD5B0143EAC223BC
:10D4C00043EA51039BB2F5E741EA431141EA4221A5
:10D4D00089B2E1E7FFA5CE12012BF0B5054695B064
:10D4E0003DD0022B40F2022001F104010CBF0346A3
:10D4F00000236846FFF70EFE129B002B38D05C20FD
:10D50000002601F035FF214B04AF0446C0E9003688
:10D51000019B3946183040F80C3C1D4B40F8103C3C
:10D52000029B40F8083C9DF80C3000F8043CFFF7E3
:10D5300095FC184B4FF47A72A665A360164B6E608B
:10D540002B6063682E730133AA602C616360134BF8
:10D5500038460093FFF7C4FC284615B0F0BD44F2EE
:10D56000022304316846FFF7D5FD129B002BC6D17C
:10D57000139B002BC3D14FF47A71074A04AF2B736E
:10D580002A602B61C5E90131E1E700BF703200205C
:10D59000CC3200204C3200202032002034310020D8
:10D5A00010B5D0F884448EB00A4644B10023214619
:10D5B00068460093FDF76EFE80B90EB010BDD0F83E
:10D5C000881441B1234668460C94FCF7DDFA50B943
:10D5D00000200EB010BD08460EB010BD6846FEF724
:10D5E000ADF80EB010BD6846FCF78CFB0028EFD0FC
:10D5F000E3E700BF70B5D0F884548EB016465DB135
:10D6000005F5896500230A46684629460093FDF71B
:10D61000BFFD90B90EB070BDD0F888040028F9D0D5
:10D6200000F589640A462B46684621460C95FCF7AE
:10D630002FFA48B900200EB070BD32462946684620
:10D64000FDF786FF0EB070BD324621466846FCF7F6
:10D65000ADFC0028EED0DDE710B5D0F884448EB0E4
:10D660000A464CB100200123214600906846FDF790
:10D6700011FE80B90EB010BDD0F8881441B101235D
:10D6800068460C94FCF780FA50B900200EB010BD2B
:10D6900008460EB010BD6846FEF702FF0EB010BD82
:10D6A0006846FCF7D5FA0028EFD0E3E730B5D0F8AC
:10D6B00084448FB00A464CB10025012304F58961EA
:10D6C00068460095FDF7EEFC0FB030BDD0F8880439
:10D6D0000028F9D000F58961012368460C94FCF715
:10D6E000E7FC0FB030BD00BF10B5D0F884448EB059
:10D6F0000A463CB10023214668460093FDF7CAFD67
:10D700000EB010BDD0F8881431B1234668460C9491
:10D71000FCF73AFA0EB010BD08460EB010BD00BFBF
:10D72000F8B5054690F8D00408B90146F8BDD5F81B
:10D730008434002B4CD0DC69D5F89004013C0028DF
:10D7400054D00368DB6B9847E0B1D5F8900478B308
:10D7500003681B6C9847A8B9D5F8900440B30368D8
:10D7600001215B6C9847074610B3D5F8840458BB79
:10D77000D5F8886433466EB9D5F8900490B9002086
:10D780000146D3E7D5F88404E8B9D5F88834002BEE
:10D79000F5D007461846FDF703FA06463FB1D5F81F
:10D7A000900428B1036800215B6C984700B1A41B6A
:10D7B000D5F88434FBB19B794FF40071994089B25C
:10D7C000A1FB0401F8BD0027FFF7D2F90646E5E703
:10D7D000D5F88834D5F89004B3B1D3F83044002894
:10D7E000AFD11846FDF7DCF90646E0E71846FFF72B
:10D7F000BFF90646DBE7D5F88864002EBFD0D6F81F
:10D800003C14A1FB0401F8BD0028B8D01C4698E7E1
:10D8100090F8D03463B1D0F8843463B19A794FF47E
:10D820000070D9699040013980B2A0FB01017047B6
:10D83000184601467047D0F888040028F9D0D0F87F
:10D840003C14D0F83004A1FB000170472DE9F043EF
:10D85000D0F890548DB04DB198462B6804462846B8
:10D86000DB699847B0F5405F064604D8002630468D
:10D870000DB0BDE8F0834FF4007007F037FE0746A7
:10D880000028F3D00DF10409B6F1806F024643463B
:10D89000294648462ED904F035FA0646384607F0A0
:10D8A0002DFE002EE2D02B682846271D1B6A9847C4
:10D8B00094F8C034FF2B21D0D4F8C43404F5946517
:10D8C00002932846D4F8C8340393B4F8C034ADF8B2
:10D8D000043099E80E0005F047FE94F8B134C4F81E
:10D8E0009054002BC3D10123294638461A46FFF72E
:10D8F0009FFBBCE704F02CFF0646CFE704F29445FB
:10D9000094F8CC14284606F077FC2846C4F89054C6
:10D9100005F0D4FE0028AAD10123D4F8901438468B
:10D920001A46FFF785FBA2E7F0B5D0F8906485B002
:10D930000446002E42D090F8D05490F8D13485B1EE
:10D94000FE2B63D094F8D20436283DD9336869465B
:10D9500030469B6C98470546284684F8D05405B05D
:10D96000F0BDFE2B26D090F8D204362849D994F881
:10D97000C034271DFF2B2DD0D4F8C43404F5946691
:10D98000D4F8C82401933046B4F8C0340292ADF8FC
:10D9900000306B460ECB05F0E7FD94F8B134C4F8C7
:10D9A000906463B90123314638461A46FFF740FBBD
:10D9B000054604E01F4B9B689B03D8D400252846EE
:10D9C00084F8D05405B0F0BD01F0E6FB051E18BF89
:10D9D0000125F4E704F2944694F8CC14304606F09E
:10D9E0000BFC3046C4F8906405F068FE0028E6D1D0
:10D9F0000123D4F8901438461A46FFF719FB054660
:10DA0000DDE701F0C9FB0028B1D1D7E73368304624
:10DA10005B6D9847421C034694D00028CFD194F800
:10DA2000D124FE2ACAD103212E201D4601F0C6FBB7
:10DA3000C5E700BF00800042F0B50D46044685B042
:10DA40003048FFF7D9FBFE2D84F8D15426D0362D6F
:10DA500002D9002005B0F0BD00262B4B04F59467D9
:10DA60008DF80450C4F8C4348DF80560384684F845
:10DA7000C05484F8C164C4F8C864CDE9023604AB6C
:10DA800013E90E0005F070FD94F8B134C4F89074F9
:10DA900083B3304684F8D00405B0F0BD04F2944559
:10DAA0000023FF221946284684F8CC3484F8C02489
:10DAB00006F0A2FB2846C4F8905405F0FFFD70B9AB
:10DAC0000123D4F89014201D1A46FFF7B1FA30B1A3
:10DAD00001222E2384F8D02484F8D234BAE72E20F1
:10DAE0000025032184F8D20484F8D05401F066FBA9
:10DAF0002846AFE701233946201D1A46FFF798FA5A
:10DB0000C8E700BF159F020040787D0118484FF01C
:10DB1000290C184A0023184910B4C0F8942407228D
:10DB200080F8B1C44FF0FF0CC0F8A8144FF47F4147
:10DB3000124CC0F8AC24124AA0F8D014A0F89C34BF
:10DB400080F8B53480F8CC3480F8D2C40460C0F8D2
:10DB5000A0240C490C4A5DF8044BC0F88434C0F88A
:10DB60008834C0F8903480F8BC3403F045BA00BF64
:10DB7000FC0501205433002000093D000033002043
:10DB800058310020119F020098C4002038B5044687
:10DB90000A4B0B4A002104F1340500F0DBFA094B73
:10DBA0000121094A284600F0D5FA0223204684F8CC
:10DBB0006830C4E91B45C4E91D4538BD00400C4030
:10DBC0006430002000800C4090300020531C70B561
:10DBD00004460CD032B1012A2DD1006FBDE870404F
:10DBE00000F03CBBC06EBDE8704000F037BB0D4696
:10DBF000C06E00F027FB06462946206F00F022FB8E
:10DC000066B190B1D4E91B30597C427C91422946DF
:10DC1000E4D81846BDE8704000F020BB98B1294612
:10DC2000206FBDE8704000F019BB2946E06EBDE8EA
:10DC3000704000F013BBC26E0A48538A9BB243F097
:10DC40000103538270BDD4E91B1206484B8A9BB274
:10DC500043F004034B82538A9BB243F00403538284
:10DC600070BD00BF90EEFEFF72B60123826A43755D
:10DC700072B6936C23F08003936462B6826A72B6C4
:10DC8000D36C43F00203D36462B6826A72B6936CBB
:10DC900043F08003936462B662B67047837F8B4221
:10DCA00000F0E08070B4042900F20C81DFE811F08C
:10DCB000250073009000B5000500826A72B6536CAF
:10DCC00043F48063536462B6826A72B6936C43F025
:10DCD0000103936462B6826A72B6536C43F0030325
:10DCE000536462B6826A72B6536C23F06003536465
:10DCF00062B670BC8177FFF7B7BF826A72B6536CA9
:10DD000023F48063536462B6826A72B6536C43F044
:10DD10008003536462B66F4A6F4B14689C4280F074
:10DD200084806E4B9C4274D26D4B9C4280F09B80F1
:10DD30006C4B00229C42164634BF00240124856AA5
:10DD400072B6AB6C23F00103AB6462B6836A002A3F
:10DD500000F0818072B65A6C42F001025A6462B6D9
:10DD600072B65A6C22F002025A6462B6836A002CC0
:10DD70005FD072B65A6C42F020025A6462B6002E2E
:10DD80005FD072B65A6C42F040025A6462B670BC00
:10DD90008177FFF769BF826A72B6536C23F48063A0
:10DDA000536462B6826A72B6536C23F08003536484
:10DDB00062B6484A484B12689A4258D2474B9A4238
:10DDC00068D2474B9A4273D2002216461446B6E7F1
:10DDD000826A72B6536C43F48063536462B6826A9B
:10DDE00072B6536C23F08003536462B6394B3E4ADB
:10DDF0001B689342E8D93D4A934255D93C4A934225
:10DE000031D902F1186202F5162202F60402934299
:10DE10000BD801260022344691E7826A72B6536C11
:10DE200023F48063536462B64EE70122164614461B
:10DE300085E772B65A6C22F020025A6462B6002E50
:10DE40009FD172B65A6C22F040025A6462B670BC1E
:10DE50008177FFF709BF72B65A6C22F001025A644B
:10DE600062B67DE7704700220126144667E71F4B24
:10DE70009A4223D91E4B9A421ED903F118630126F8
:10DE800003F51623344603F604039A4294BF002296
:10DE9000012254E7144B9A420AD92024203400224C
:10DEA0000126C4F340144AE700220124164646E73F
:10DEB00000260124324642E74024EFE700240126F1
:10DEC00022463CE7438A9BB243F0010370BC438285
:10DED000704700BFBCB600200090D0030048E801A6
:10DEE0000024F40000127A00005A620201B4C40453
:10DEF0000368890938B5437D04460D46EBB9072D03
:10DF000019D8DFE805F01D33404D53595F04A26A6C
:10DF100072B6536C23F01003536462B6A36A72B6F0
:10DF20005A6C22F480725A6462B672B65A6C22F449
:10DF300000725A6462B6E57738BD00F049F8DEE752
:10DF4000A26A72B6536C43F01003536462B6A36ABC
:10DF500072B65A6C42F480725A6462B672B65A6CE7
:10DF600042F400725A6462B6E57738BDA26A72B6AE
:10DF7000536C43F01003536462B6A36A72B65A6CD2
:10DF800022F48072E8E7A26A72B6536C43F0100381
:10DF9000536462B6A36A72B65A6C42F48072C2E7E6
:10DFA000A26A72B6536C43F01003B5E7A26A72B668
:10DFB000536C23F01003C8E7A26A72B6536C23F0C7
:10DFC0001003D8E7A26A72B6536C23F01003DFE7A0
:10DFD00038B50021836A827D9D6CDB6C417502B986
:10DFE00038BD04460121FFF759FE0321FFF782FFE8
:10DFF000637D93B9A26A72B6936C43F02003936475
:10E0000062B6A26A72B6536C23F44043536462B69C
:10E01000042200232277A37538BD2046FFF7D8FFDE
:10E02000E8E700BF38B5C37D8B4219D0437D044675
:10E030000D4603BB092D14D90B2DA36A1ED872B649
:10E040005A6C42F004025A6462B672B65A6C22F0FC
:10E0500008025A6462B640F2FF320A23A261E375F5
:10E0600038BDA26A72B6536C23F00C03536462B6D7
:10E07000FF220823F2E7FFF7ABFFDBE772B65A6C2B
:10E0800022F004025A6462B672B65A6C42F0080278
:10E090005A6462B640F6FF720C23DFE710B5037DC9
:10E0A00004462B4A002B49D1D36E43F44033D36648
:10E0B00000234FF40072A16AE375A361A28384F880
:10E0C000243072B64A6C42F480324A6462B640F23E
:10E0D0000271627F63756382E183637452B1A26AE5
:10E0E000637772B6536C23F4C053536462B6204610
:10E0F000FFF7BAFD0A212046FFF794FF0122637D56
:10E10000A27503BBA26A72B6936C43F020039364BA
:10E1100062B6A26A72B6536C43F44043536462B66B
:10E120002023204600212377FFF7B8FD0121FFF7C8
:10E13000E1FE2046BDE81040FFF796BDD36E43F4E4
:10E140004073D366B4E72046FFF742FFDAE700BF2B
:10E1500000C00F40002910B583620CBF0B4603239B
:10E16000026214BF6B22672280F82E300CBF0B4670
:10E1700004230446017580F82F3014BF272324237D
:10E1800080F82D2080F82C3014BF4423432380F8DE
:10E190003030FFF783FF204610BD00BF38B5437D08
:10E1A00004460D46002B30D1012DA26A24D972B647
:10E1B000936C43F02003936462B6042D09D8A26ADD
:10E1C00072B6536C23F44043536462B6042323773E
:10E1D00038BD082D1CD9102D2AD8A36A72B65A6CE6
:10E1E00022F480425A6462B672B65A6C42F400421B
:10E1F0005A6462B61023EAE772B6936C23F02003E8
:10E20000936462B60023237738BDFFF7E1FECBE7C6
:10E21000A36A72B65A6C42F480425A6462B672B60D
:10E220005A6C22F400425A6462B60823237738BD40
:10E23000A26A72B6536C43F44043536462B620231F
:10E24000C5E700BF292907D8036A585C00F01F0002
:10E250001F3818BF012070470020704729292DE979
:10E26000F04704465CD8036A8A465B5C03F01F03F0
:10E270001F2B55D0437C427D01334374002A47D184
:10E28000A36ADD6C15F0010537D12E462F46A8464E
:10E29000A94672B69A6C22F040029A6462B6236A6A
:10E2A00013F80A3072B694F8242003F01F0303EB2E
:10E2B000C213A26A136062B6A36ADB6CD90705D5E4
:10E2C00002F044FDA36ADB6CDB07F9D472B6A36AE3
:10E2D0001A6AD2072CD5586A80B262B645B172B6B6
:10E2E000A36AC3F80090C3F844809F64DE6462B6FA
:10E2F000637C013B6374BDE8F08772B6A36AD3F810
:10E300000090D3F844809F6CDE6C62B6A36AC0E7CD
:10E31000FFF75EFEA36ADD6C15F00105B5D0ECE7F2
:10E32000638A07489BB243F004036382BDE8F08729
:10E33000638A03489BB243F080036382CDE700BF4A
:10E3400090EEFEFF01207047B0F84630B0F848204C
:10E350009BB292B2934202D2013AD01A7047416BFB
:10E3600001390A44D01A7047016972B6B0F84A20E0
:10E37000B0F84C3092B29BB29A423CBF806B1218FC
:10E38000C86AD31A62B6C0F302601844704700BF6F
:10E39000B0F84A100246B0F84C3089B29BB29942AC
:10E3A00010B4046914D00133906B116B984298BF7C
:10E3B0000023994206D85B1A526AD05CC0B25DF85D
:10E3C000044B7047126A5DF8044BD05CC0B27047D2
:10E3D00072B6B0F84A0080B2814201D062B6E2E77C
:10E3E000E36A13F0E06F03D14FF0FF3062B6E6E767
:10E3F000E36901200024116AA2F84A00C3F309006E
:10E40000DBB2A2F84C404B70F0E700BFB0F84A1006
:10E410000246B0F84C3089B29BB2994230B40469DC
:10E4200025D00133946B9C4216D9106B1FFA83FCE4
:10E43000984217D9106AC05CC0B2956DA2F84CC062
:10E4400045B199421CD3CB1AD16B994202D3D36DFB
:10E45000C5F8883030BC70474FF0000C106B634635
:10E460009842E7D8181A556A285CC0B2E5E7084612
:10E4700072B6B2F84A1089B2884204D062B6D0E7C8
:10E480000C44E31AE0E7E36A13F0E06F03D14FF0C6
:10E49000FF3062B6DEE7E069C0F30900F9E700BFCC
:10E4A00090F8443043B110B5044602F04FFC94F8A4
:10E4B0004430002BF9D110BD704700BF38B5D0E90A
:10E4C0000453D3E903120968114228D090F844207C
:10E4D000044632B102F03AFC94F84430002BF9D1F2
:10E4E000636900210E4AA961207E03EB0010007DC4
:10E4F00002EB0010456805202860657E03EB0513DC
:10E5000093F8343002EB0312A36D52681060A4F844
:10E510004A10A4F84C1013B1E26DC3F8842038BD42
:10E5200018A2002007EE901A9FED9A7A0421B6EE09
:10E53000005AF8EE677A9FED986A41F6FF7CC7EEC5
:10E54000275A2DE9F0478E460569012407EE901AF7
:10E55000F8EEE77A85EEA77A77EE057AFDEEE77AB0
:10E5600017EE903A6345A8BF6346012BB8BF01235D
:10E5700007EE903AF8EEE76A76EEC76AC6EE877A5B
:10E58000F5EEC07AF1EE10FA48BFF1EE677AF4EEDC
:10E59000C67AF1EE10FA03D8B0EE676A8E461C46D2
:10E5A00001312129D2D10021436902F40076A0F87B
:10E5B0004A10B3F85AC08E42A0F84C10B3F8586015
:10E5C000A0F84610A0F8481080F84410816BDF686E
:10E5D000A1EB0606A1EB0C01C0E90F6139681E69C9
:10E5E00041EA0601396014BF01210021817640F023
:10E5F000AC80017E694E03EB0118DFF8C09198F8FA
:10E600001470D8F81CA006EB0717B968C1F8009081
:10E610007968D8F818700F60BAF1000F03D0D8F8F5
:10E620002010CAF80010477ED92103EB071898F88C
:10E6300034C006EB0C1CDCF808703960DCF8041000
:10E64000D8F838700F60417E03EB0111CF6B0FB12A
:10E65000096C39600EF1FF31BEF1080F4FEA01611C
:10E66000CCBF4FF0000E4FF0010E01F0F85144EA1C
:10E670004E4421435C682961597801F1100300215F
:10E68000E960474941F8234041694FF0010E454C8C
:10E6900002F0030C4F7891F85610434B39554FF068
:10E6A00002174469617803EB511301F01F019B00CD
:10E6B0000EFA01F11960EF62AB6A43F08803AB62B6
:10E6C00053073ED44CF4701302F00F01042908BF25
:10E6D00043F0804397062ED5817E43F08053002976
:10E6E0003AD11607AB6103D52B6943F000532B6178
:10E6F0006B69D10623F0805348BF43F080536B61B0
:10E70000D30503D52B6943F400532B61A36883B170
:10E71000264E3478002C3AD0611E254DC9B22B1FED
:10E7200005EB810101E0994225D053F8042F904276
:10E73000F9D1BDE8F087817E0029D2D043F0A00353
:10E74000CFE71C4B4CEA0303BEE7477E4FF2D901EB
:10E75000124E03EB07186AE7417E43F0A00304EB77
:10E76000011191F8341006EB0116B668316821F4F6
:10E7700040413160B5E7631CDBB20F4A3370137858
:10E7800045F8240043F002031370BDE8F08701232D
:10E79000074DF2E7001BB74BEC78AD6018A20020E4
:10E7A00000D0002000E400E040380038EC86012072
:10E7B0004C7D012010003C000B87012038F0010047
:10E7C000EFF31380B8B9EFF310834BB9EFF3058281
:10E7D0003AB94FF48073EFF3118050B1984208D2E8
:10E7E00070470F2AF7D9054B9B5CEFF31180002887
:10E7F000F4D1184670474FF0FF30F1E7F0E300E046
:10E80000036D2DE9F04104460F46066913B1426DD0
:10E81000C3F88420A37E2BB172B6B36943F00053D2
:10E82000B36162B6B4F84650636BADB20135AB422A
:10E830004CD84FF000084546B4F848309BB29D4292
:10E8400019D028E073691B0210D5B4F84830626B08
:10E850009BB201339A4236D99AB2E16A99422DD9D4
:10E86000E169CB5CDBB2F361A4F84820B4F848302E
:10E870009BB2AB420FD1FFF7A3FF6369B3F85630E9
:10E880008342DFDAFF28F1DD02F060FAB4F84830A5
:10E890009BB2AB42EFD0E36AAB421AD9FFB2E36955
:10E8A0005F5572B6012084F84400A4F84680B3692D
:10E8B00043F40003B36162B6BDE8F0815B1AA16A5C
:10E8C000CB5CDBB2CFE700221346C6E71FFA85F820
:10E8D000B2E7ED1AFFB2A36A5F55E2E7FFF790BF18
:10E8E0000269536913F4401F70B543D0D36A13F023
:10E8F000E06FC3F3026E3AD0B0F84A50B0F84C6003
:10E90000ADB2B6B207E0016A01F803C00EF1FF3301
:10E9100013F0FF0E1DD0D1696B1C846BB0F84CC096
:10E92000C1F309019C4298BF00231FFA8CFC9C454F
:10E93000ECD0046B5FFA81FC1D469C42A3EB0404FF
:10E94000E1D8436A03F804C00EF1FF3313F0FF0E61
:10E95000E1D1ABB2A0F84A30836D43B1B54254D394
:10E96000AD1B016CA94202D8C16DC3F88410536974
:10E97000D90245D49669330228D553691D0225D59D
:10E98000B0F84650B0F84830ADB29BB206E0C1696D
:10E99000C95CC9B2D161D16A4C0512D4AB4238D03E
:10E9A000446B0133C16A9C4298BF00239942A3EB98
:10E9B0000104ECD8816A095DC9B2D161D16A4C0504
:10E9C000ECD599B2AB42A0F8481025D0710216D50B
:10E9D00053695B0213D50021036D80F8441013B115
:10E9E000416DC3F88810837E2BB172B6936923F012
:10E9F0000053936162B6936923F48003936170BD01
:10EA0000536943F480135361B4E7816B891B0D4450
:10EA1000A7E79BB2A0F84830936923F40003936101
:10EA2000936943F480039361D0E700BF0148FFF787
:10EA300057BF00BFE0BD0020084602F0F3B800BF9A
:10EA4000012A70B508BF0A228AB091B34FF0210E97
:10EA500001E05FFA86FE0EF1FF36B1FBF2F502FB34
:10EA600015145FFA84FC092C0CF137040CF1300CFE
:10EA700098BF5FFA8CF40EF1280C88BFE4B2914283
:10EA8000EC4429460CF8244CE3D24BB10EF1FF3E86
:10EA90002D225FFA8EFE0EF128036B4403F8242C1E
:10EAA000036801A9CEF122025B68714498470AB05D
:10EAB00070BD30224FF0210E8DF82520E5E700BF14
:10EAC0002DE9F0410C46D1B1EAB180468E180025FF
:10EAD0000E4F04E002F0A6F8B44205440CD0D8F87A
:10EAE000003014F8010B1B68BB42F3D001464046CE
:10EAF0009847B4420544F2D12846BDE8F0810D465E
:10EB00002846BDE8F0811546F6E700BFF9B40200DB
:10EB1000002903DB00230A22FFF792BF49422D237D
:10EB20000A22FFF78DBF00BF00B5036883B040F62F
:10EB30000D2C022201A95B68ADF804C0984703B010
:10EB40005DF804FB054B022888BF034610B41C681F
:10EB5000184663685DF8044B184700BFD0BD00201D
:10EB60005AB90368C9B2074A1B68934200B506D177
:10EB700008465DF804EB02F055B8FFF761BF5DF899
:10EB800004EB1847F9B402004D4A2DE9F047A2FB07
:10EB9000004340F26D1A4B4F5B09DFF83881DFF814
:10EBA0003891A2FB0342C3EB03145209A0EB84008B
:10EBB000454CC2EB02150870A3EB8503A4FB02547D
:10EBC00024094B70414B251D04EB4400A2EBC0020D
:10EBD000A3FB050300208A70EA1A03EB52030246E6
:10EBE0009B08C3EBC303ED1ACD705FFA80FE40F2C1
:10EBF0006D1C0EF2B27313F0030507FB03F608D188
:10EC0000B8EBB60F4FF4B77C03D3B9EB361F38BF60
:10EC1000D446624401309442E7D20EF1460E2C4EA7
:10EC200081F806E0A6FB030685B377094FF0640C74
:10EC30004FF4C870F6090CFB173700FB163640F28C
:10EC40006D10A41A00230122DFF890E020440AE0AE
:10EC500013F80E4084420ED80C2AA0EB04000BD00F
:10EC600001320133D2B2012B5FFA83FCF0D145B9F6
:10EC7000CFB11D2406E0624601304A710871BDE83B
:10EC8000F0871C24A04218D3001BE9E76420770911
:10EC9000F60900FB17374FF4C87000FB16363FB17A
:10ECA0004FF4B770CDE7002E14BF1C241D24E9E7F4
:10ECB000002EC4D14FF4B770C3E70122DCE700BFD8
:10ECC00089888888295C8FC2ABAAAAAA2549922480
:10ECD0001F85EB51285C8F020AD7A300942F0020D8
:10ECE00008B1014B18607047F87C012000B97047EB
:10ECF00014490A68EAB1D31730B4134C134D84FB9E
:10ED0000024C134C9444C3EB2C4304FB132244F2F7
:10ED1000A71405FB03F304FB0233002B10DA6FF09A
:10ED200000421A440A60B2FBF0F330BC00FB13202F
:10ED30007047084AB2FBF0F30A6000FB13207047EB
:10ED40001A46EFE7F87C01205F0B4E83ECF4FFFFDF
:10ED50001DF3010042CE0C1FA249A34B88422DE9AE
:10ED6000F047A24C5E699A69D4F80C801BD9A04B7D
:10ED7000984240F20281C31A9E491B0AA1FB031369
:10ED800040F22761DB0903EB830303EB830303F208
:10ED9000E2438B4228BF0B46A3F54877964BA3FB73
:10EDA0000737FF0804E0954FB8428CBF0E270627AF
:10EDB0008D4908F01F09D1F88030B94543F0C003F0
:10EDC000C1F880300CD228F01F08A1F5F82148EADC
:10EDD0000708C1F80C800B68002BFCDA08F01F094B
:10EDE00016F0007324D186490C698649A14300F0CE
:10EDF000EA8082F4805134464FF4805514F0605F0D
:10EE000004D026F060561E43774B5E6111F4405FDC
:10EE100007D022F4405274492A438A618B6C1A0746
:10EE2000FCD446F00076704A5661936C9B06FCD485
:10EE3000754CA04200F2CE804FF0010C01466346B3
:10EE400003FB011203F1010E0CF10105A24218D8D7
:10EE5000BEF1080F4FF0010340F08D80BCF1040FAC
:10EE600000F291800A18A24200F2A48005FB00F192
:10EE7000AC4603F1010E03FB01120CF10105A242A5
:10EE8000E6D90CF1FF318C0286EA81215F481044FB
:10EE90005F4A90427FD9DFF8A4A16C225D48584DAB
:10EEA000B0FBFEF0D5F800E0B0FBFCF0DFF890C15D
:10EEB0000EEA0C0CD44509D042F400524FF4805CA9
:10EEC000C5F800C02A602A68002AFCDA464A15699B
:10EED00005F007059D4203D01361936CDD03FCD45C
:10EEE00011F4E05F09D026F4E05604F4E0543E4A01
:10EEF00026435661936C9907FCD44749474A01441D
:10EF000091423CD8464BC909A3FB0131090B4B1E6A
:10EF10001B0286EA030212F4407F06D026F44076F4
:10EF200003F44073304A334353612F4A536923F04B
:10EF300000735361936C9B06FCD43A4B4F45A3FB83
:10EF400000234FF0FF324FEA9343B0FBF1F1B2FBE5
:10EF5000F3F3354A1060354A1160354A136008D220
:10EF600028F01F08214A48EA0707D7601368002BDA
:10EF7000FCDABDE8F087734662E7122718E74FF422
:10EF800040730421C5E70CF1FF31204807238C02B0
:10EF9000104486EA8121274ADFF8A8A0A2FB0020BE
:10EFA000020D2548362A38BF362202FB00F042EA1D
:10EFB0000A0A74E74FEA8C24002386EA8C214FF07A
:10EFC000010EAC4662E71D4686F0C05411464FF074
:10EFD000C05313E700244FF0010C0246314623468C
:10EFE000E64653E700A4781F00C00F400000084029
:10EFF0000046C32323B24C001F85EB5100366E013F
:10F0000000800D4040300080FFB19F26808D5B0066
:10F01000FF7EF64D00643F4D7FD1F0087F17B42C82
:10F020009F10E50083DE1B43C0B60020BCB6002065
:10F03000DC850120819F5E16001BB7006C200080DC
:10F040007F3001800020008000B970472DE9F84F23
:10F0500001218146214C224D224E54E8003F2A686E
:10F06000306844E80013002BF7D11F494B684FF478
:10F070007A7BDFF878A01B1A01270BFB02F8DAF87D
:10F080000020A3FB02325A4594BF9044D84454E870
:10F09000003F2A68306844E80073002BF7D14B68C2
:10F0A000DAF800C01B1A0BFB02F2A3FB0C3CBCF508
:10F0B0007A7F94BF624402F57A72A2EB0802B2F53D
:10F0C0007A7F06D3B9F1010908F57A78DFD1BDE876
:10F0D000F88F01F03BFE0449D9E700BFE885012025
:10F0E000E4850120E0850120001000E0DC8501209E
:10F0F00030B40F4B4FF0010C0E4D0F4C53E8002F66
:10F100002868216843E800C2002AF7D10B4B5B68EE
:10F110000B4A5B1A4FF47A71126801FB00F0A3FBF3
:10F12000023230BC8A4294BF80184018704700BF3A
:10F13000E8850120E4850120E0850120001000E041
:10F14000DC850120362816D80201104B03EB001095
:10F150009B5810B4C2685C68144205D061B95DF870
:10F16000044BC3F888207047836851B1084A5DF8A2
:10F17000044B1A60704770475DF8044BC3F8842055
:10F180007047044A5DF8044B1A60704718A20020CB
:10F1900038F001003830010036280BD8064B020148
:10F1A00003EB00109A58C36892681A4214BF0120FA
:10F1B000002070470020704718A20020362829D868
:10F1C000164B0201012903EB00109A5810B4536842
:10F1D000C4680ED004290CD023EA0403536083686A
:10F1E000A9B1022917D003290CBF0D4A0D4A1A6094
:10F1F00007E0234301295360836808D040F63802B2
:10F200001A60436815225DF8044B1A607047382273
:10F210001A60F6E77047044A1A60F2E718A2002065
:10F22000383001003800010038F0010008B510F056
:10F23000B7FEDAF7AFFB01F089FDFAE7844641EA51
:10F24000000313F003036DD1403A41D351F8043B5E
:10F2500040F8043B51F8043B40F8043B51F8043BB0
:10F2600040F8043B51F8043B40F8043B51F8043BA0
:10F2700040F8043B51F8043B40F8043B51F8043B90
:10F2800040F8043B51F8043B40F8043B51F8043B80
:10F2900040F8043B51F8043B40F8043B51F8043B70
:10F2A00040F8043B51F8043B40F8043B51F8043B60
:10F2B00040F8043B51F8043B40F8043B51F8043B50
:10F2C00040F8043B51F8043B40F8043B403ABDD2BF
:10F2D000303211D351F8043B40F8043B51F8043B61
:10F2E00040F8043B51F8043B40F8043B51F8043B20
:10F2F00040F8043B103AEDD20C3205D351F8043BF0
:10F3000040F8043B043AF9D2043208D0D2071CBFBB
:10F3100011F8013B00F8013B01D30B8803806046E4
:10F32000704700BF082A13D38B078DD010F003035A
:10F330008AD0C3F10403D21ADB071CBF11F8013BCA
:10F3400000F8013B80D331F8023B20F8023B7BE719
:10F35000043AD9D3013A11F8013B00F8013BF9D244
:10F360000B7803704B7843708B78837060467047DE
:10F3700006F0BCB806F0C2B801F1FF3C70B56646B5
:10F38000002400E00134B0FBF2F502FB1503092B69
:10F3900003F1370E03F130035FFA8EFE98BF5FFA78
:10F3A00083FE9042284606F801EFEBD2631C002250
:10F3B000C818CA547CB162461CF8015F10F8016D90
:10F3C000A1EB0C0302328CF80060013B521A05706D
:10F3D00023449A42EFDB084670BD00BFB4EE400AFA
:10F3E0002DE9F04FF1EE10FA164680EAE07207467A
:10F3F0002DED028BA2EBE072B0EE408A85B080F179
:10F400004881F0EEC07A9FEDC57AF4EE477AF1EECE
:10F4100010FA29DDB5EEC00AF1EE10FA00F1ED8028
:10F42000032A40F391800323002FA2EB0302C0F2D2
:10F430008580B5EEC08AF1EE10FA00F16A814921AB
:10F440004E234620F41C3170B070737022B12046F8
:10F450002021144407F078FF00232046237005B0D4
:10F46000BDEC028BBDE8F08F89460D4602AA01A9CA
:10F47000484608F0C1F8DDF804A0044659EA0A033A
:10F4800072D101230278A64C9A460193A54BD0462F
:10F49000342A88BF1C46029B002B7DD008F101084E
:10F4A000A7EB080B06EB0805BBF1000F40F3A180AA
:10F4B0005A46202130465D4407F046FF06EB0B0319
:10F4C0002D2203F8012BBAF1000F77D1B9F1000F0B
:10F4D00006D01A46302102F8021B2E21597013461D
:10F4E000AB421FD2A44619461CF8012B01F8012B90
:10F4F000A94218D0019C2E20013C0BE05870023329
:10F50000013CAB4219460DD21CF8012B01F8012B2E
:10F51000A94208D00194002CF0D00B46013CAB422C
:10F520001946F1D31D46002F6BDB344600232046DD
:10F530002B7005B0BDEC028BBDE8F08F22B13046D8
:10F540002021164407F000FFB5EEC08AF1EE10FA54
:10F5500040F1BD802D2149224E234620341D3170BB
:10F56000F0707270B37077E7CAF10003994557DA0B
:10F570004FF00108C9F1000A694CC2454046CDF878
:10F5800004A0B8BF08F10108BAF1000F52D1029BE4
:10F5900008F10108002B81D1A7EB080B06EB080549
:10F5A000BBF1000F27DD5A46202130465D4407F0AD
:10F5B000CBFE06EB0B03BAF1000F87D0BAF1000FB8
:10F5C0008EDAB9F1000F8BD018462E22302100F8C8
:10F5D000021B5A7002465346013302F8011BFBD14D
:10F5E000BAF1000F0193CAF10003A8BF012303443D
:10F5F00076E7334664E7334665E7042AAADD042349
:10F6000012E7B844B8F1000F6FEA08028DDA22EA77
:10F61000E272202128460132154407F095FE84E766
:10F6200008F02EFA8046C245B8BF08F10108BAF1C9
:10F63000000FACD0BAF1000FBFF62DAFB9F1000F3B
:10F640003FF429AF0AEB090309F102088342BFF432
:10F6500022AFB9F1000F05DDF2EE047A013D28EE8C
:10F66000278AFBD102AAB0EE480A284603A907F070
:10F67000C3FFDDF804A0039B09F101020446A3EBDC
:10F680000A0393427FF407AF0AF1010ACDF804A000
:10F6900001E7B5EEC00AF1EE10FA4CBF04230323D4
:10F6A000934222DA0028A2EB030218DB10EE103A94
:10F6B000002B02DA2D2306F8013B4E234121F41CD6
:10F6C00033707170B370002A7FF4C1AEC4E6492173
:10F6D0004E224623F41C31707270B370BCE622B126
:10F6E00030462021164407F02FFE18EE103A002B6A
:10F6F0004FF04E0305DB4122F41C33707270B3707F
:10F70000AAE62D214122341D73703170B270F3705E
:10F71000A2E62D2306F8013B91E600BFFFFF7F7FA5
:10F72000C028002054B100204FF0010C0CFA01FC5D
:10F7300001EB410100EB411170B5B1F80EE01FFA89
:10F740008CF5254C1FFA8EFE24782E010EFB033318
:10F7500006F0F006E340B0F888417345A4B228BF34
:10F7600073463443012AA0F888410DD0022A28D0DC
:10F77000C2B10CF00F02B0F888C11FFA8CFC4CEA41
:10F78000020CA0F888C170BD9BB20CF00F022D02D4
:10F79000CB82B0F8803105F470659BB22B43A0F8A2
:10F7A0008031E8E7AEEB030E0CF00F021FFA8EFE7D
:10F7B000A1F80AE0B0F880319BB21343A0F8803181
:10F7C000D9E79BB20CF00F02CB83B0F880319BB22B
:10F7D0001E43A0F88061CEE718CD002036284BD814
:10F7E000F8B52A4D044615F8202005EB8005012ABE
:10F7F0002DD0022A3FD16B78C3F3011003283ED0ED
:10F80000234A02EB803203F0030C224889B263469C
:10F8100002EB4C1C0678BCF806E05801BCF810302E
:10F820001FFA8EFECEF1011E1EFA83F303F1FF3E96
:10F830000EFB01F1F1408E4523D95B1AC3F10103A0
:10F840009BB289B20244ACF8063011820DE06A78AE
:10F85000C2F30113032B10D00F4800EB83308BB29F
:10F8600002F00301AA78FFF75FFF0C4BEA7803EB85
:10F8700004135B681A60F8BD70470948EFE7094A4E
:10F88000C1E7991E4FF6FF73DBE700BFBCA5002060
:10F8900000C01D4018CD002000C03D4018A200202F
:10F8A00000803E4000801E4000230F2248F2B82C0A
:10F8B000194610B54FF470444FF4806EA0F88C4197
:10F8C0004FF46044A0F88E210A46A0F89031B0F8B9
:10F8D00088319BB243F0F003A0F8883101EB41037B
:10F8E000013100EB431304299C80A3F806E05A84FD
:10F8F0001A865A805A81A3F80EC05A82DA825A8335
:10F90000DA83EBD1B0F888319BB243F00F03A0F853
:10F910008831B0F888319BB243F47063A0F8883125
:10F9200010BD00BF374B384A996F384841F47F010A
:10F9300070B5996741F20106D3F8801045F6C055BD
:10F9400043F226040A43C3F88020FFF7ADFF00F519
:10F950008040FFF7A9FF00F58040FFF7A5FF00F505
:10F960008040FFF7A1FF0022A0F503104FF00F0E1B
:10F97000114600EB42134FEA421C01329981042ADE
:10F980005981A3F80EE09E82DD8020F80C101982C8
:10F990009C81EED100221E484FF00F0E41F201066D
:10F9A000114645F6C05543F2260400EB42134FEAD8
:10F9B000421C01329981042A5981A3F80EE09E82EB
:10F9C000DD8020F80C1019829C81EED100221148B4
:10F9D0000F2641F20105114645F6C05443F2260EAA
:10F9E00000EB42134FEA421C01329981042A5981EB
:10F9F000DE819D82DC8020F80C101982A3F80CE0D7
:10FA0000EED170BD00C00F40000003FC00C03D40BF
:10FA100000001E4000401E40074A506A936A194683
:10FA20008446506A936A9942F9D18445F7D1DB0B39
:10FA300043EA4040704700BF00400D4072B6EFF30C
:10FA40000583524CC4F884301EF0040F0CBFEFF352
:10FA50000882EFF309824FF0E0234D4E4D4DD3F86D
:10FA6000280DD3F82C1DC4E92201D3F8341DD3F896
:10FA7000383DC4E924139369C4F89830D369C4F8B5
:10FA80009C3000F0D3F884ED280AFFF7C5FF0B2166
:10FA90004FF0FF32C4F8A4000B46C4F880103E4972
:10FAA000301D5A40202402F00103013C01FB03F306
:10FAB00083EA5202F7D1A84202D073680646EFE704
:10FAC000324BC3F8A820BFF34F8F4FF0E0233049EB
:10FAD000324AC3F8701FC3F8702FBFF34F8FBFF3C4
:10FAE0006F8F2F4A02252F48D36E2F4943F440537E
:10FAF000D3660560D3692D4823F07F0343F04003AC
:10FB0000D3610B6883423DD8264D00214FF0E0239E
:10FB10004FF0FF3229600126C5F808112449C5F8C5
:10FB20000011C5F80861C3F88021C3F88421C3F827
:10FB30008821C3F88C21C3F8902101E000F068F916
:10FB4000D5F80C31002BF9D00134C5F80C614F2CDD
:10FB5000F4D9184B022018494FF00042C1F8400177
:10FB60005A63D5F80C313BB9144815490D4A016365
:10FB7000D2F80C31002BFAD04FF0E023114AC3F831
:10FB80000C2DFEE7FFF7E8F8BEE700BF00FF2720D7
:10FB900080FF2720A8FF27202083B8EDA0FF272083
:10FBA00000C00F4000400840C0B60020803DCD0B93
:10FBB000009F240000900D4000002E4000800F4068
:10FBC000F100AD0B0400FA050A490A6838B108B51E
:10FBD00013180948834204D810460B6008BD10462C
:10FBE000704707F037FD0C234FF0FF3203601046DB
:10FBF00008BD00BF94C400200000282000207047EA
:10FC00004FF0FF30704700BF4FF4005300204B60AF
:10FC1000704700BF012070474FF0FF30704700BFB2
:10FC200030BFFDE730BFFDE7FFF708BF124AD2F84B
:10FC300080305B07FBD5D2F880301048C3F30B232C
:10FC40000F4990ED007A07EE903A91ED006AB8EE18
:10FC5000477A0C4AF8EEE77A0B4BD2ED006A77EE62
:10FC6000C77A93ED007AB8EE477A67EE867A87EE28
:10FC7000A60A37EE400A704700810D40CC8501206E
:10FC8000D4850120D8850120D0850120836BF0B474
:10FC90001BB1536843F40043536072B6446B3CB3EA
:10FCA0001A4B2260D3F8B0410C421DD1184E776830
:10FCB00004E07468E41BB4F5166F0BD2D3F840412E
:10FCC00044F48044C3F84041D3F8B851D3F84041DC
:10FCD0006404EED50D4007D10C4CC0E90225D4F8E0
:10FCE000B0310B43C4F8B031426362B6F0BC704728
:10FCF000064DC0E90224D5F8B0310B43C5F8B03148
:10FD00000263426362B6F0BC704700BF00002E4041
:10FD1000001000E070B5056B9DB106462A46002430
:10FD200003E012680134012A0CD0536813F08003F9
:10FD3000F7D032632CB12846B36B2D689847013C4D
:10FD4000F9D170BDC6E90C33F4E700BF30B4D9B9BE
:10FD50001F4C204B0021204A01254FF001109960D3
:10FD60001D60C4E9023180245C60C2F8BC01D2F895
:10FD7000B0311A482B43C2F8B0310160D2F8B0312B
:10FD8000002BFBD130BC70470904154B104C0125EA
:10FD900041F080019860104A596000F580511D6063
:10FDA000D96000F50051A364196100F5405100F5D8
:10FDB0008040596100219861E164D2F8B03143F488
:10FDC0008033C2F8B031D2F8B031002BFBD1C0E79C
:10FDD00000000020C0D2002000002E4048850120F5
:10FDE000E0D20020084901220B7802FA00F023EA51
:10FDF0000000087030B9054AD2F8483123F080037A
:10FE0000C2F84831704700BF0387012000002E4030
:10FE10002DE9F04F974C83B0D4F84471FB07C4F838
:10FE2000447153D5D4F8AC21002A4AD0924EDFF861
:10FE300060A2DFF87492DFF874B2DFF87482C4F85D
:10FE4000AC21D6E90A20D4F8403143F40053C4F879
:10FE50004031D4F840319D04F5D5D4F8403123F435
:10FE60000053C4F840314FF00113C4F8B431D4F852
:10FE7000B45115F00115FAD193B28446CAF8005076
:10FE8000B3F5086F00F0CF8100F2DB8040F2023161
:10FE90008B4200F0E78100F29A80822B00F0CB8148
:10FEA000B3F5817F40F08A8010F0780F83B200F0C4
:10FEB00003824FF00113C4F8C031D4F8AC21002AFA
:10FEC000BDD16C4AD2F8BC31002B42D17E0616D58A
:10FED000684BD3F8AC21C3F8AC21D3F8BC21C3F8EC
:10FEE000BC21D3F8B041002CFBD14FF0FF32C3F856
:10FEF000B421D3F8843100F02DFD604B1C60FC016F
:10FF000003D55F4B1B6803B19847B80103D55D4B20
:10FF10001B6803B19847790708D5564BD3F884314D
:10FF200013F4007347D0584B01221A70514BD3F889
:10FF300048311A060AD53B0608D5544A13782BB126
:10FF4000013BDBB21370002B00F0728203B0BDE8FE
:10FF5000F08F4F49C2F8BC310868034240F0D181AC
:10FF6000464A14681C40B1D05FEA144810D0424E93
:10FF70004FF0010998FAA8F5B5FA85F506EBC5101A
:10FF800009FA05F54030FFF7C5FE38EA0508F1D15A
:10FF9000A4B2002C9AD0384E4FF0010894FAA4F580
:10FFA000B5FA85F506EBC51008FA05F5FFF7B2FEC0
:10FFB000AC43F3D18AE7344A1370B7E7802B7FF460
:10FFC00078AF344802210580FFF7C0FE75E7B3F52E
:10FFD000A06F00F00B81A3F5D063012B3FF669AF52
:10FFE0002D4B5D68002D3FF464AF1FFA8CFC4FEA87
:10FFF000124E04E01D690C33002D3FF45AAF1A88ED
:02000004600397
:100000007245F7D15A886245F4D14FEA1E22032A7D
:1000100000F0A5811A89000C824228BF0246BEF575
:10002000007F40F0A181184B1C4918781C4B0192AD
:10003000002818BF19461B48FFF700F9194D019A0F
:10004000E1E142F221218B427CD033D942F22131CD
:100050008B4200F081804FF6C0018B427FF429AFC4
:1000600010F47F4F83B27FF424AF43F46E4363F305
:100070000F0CB5E700002E40000000204C85012049
:100080000086012004860120098701200A870120BB
:100090004885012094850120E4B100206C34006083
:1000A000D034006000002020408501205DCFC6B81C
:1000B000C0012E40B3F5106F66D042F221018B4291
:1000C0007FF4F7AE030C072B7FF4F3AEB24BB349CA
:1000D000F560D960B249B360C3F80890C1E9002067
:1000E00001221A60AF4A5A60AF4A1A61D4F8B011BF
:1000F00041F00101C4F8B01102F5805102F500523F
:1001000059619A61D4F8B031002BFBD1A74AF3644E
:1001100093600123B264136048F2800353604FF090
:100120000113C4F8BC31D4F8B03143F48033C4F8BF
:10013000B0314FF48033CAF80030D4F8B031002B1E
:10014000FBD1BAE680B238B9994BC2F307421968BD
:10015000984B1960984B1A70944B00229A60F26485
:100160000122B3641A6080225A604FF00113C4F870
:10017000BC31D4F8B03143F48033C4F8B031D4F892
:10018000B031002BFBD198E6C2F307428B4B1A70BB
:100190008B4BC4F8C8318B4BC4F8CC318A4BC4F8B4
:1001A000D03100F0D9FB80222946884807F0CCF8EE
:1001B000874B8022C6F8A0B0C6F8E0307B4BF564D0
:1001C0005A600122B3649D601A604FF00113C4F8B5
:1001D000BC31D4F8B03143F48033C4F8B031CAF83C
:1001E0000050D4F8B031002BFBD166E66F4B0121F3
:1001F000F564196080219D60B36459604FF001136C
:10020000C4F8BC31D4F8B03143F48033C4F8B03111
:10021000D4F8B031002BFBD1130C5B0643F0807394
:10022000C4F8543149E6654B01216A481B780370D4
:10023000FFF78CFD41E683B210F078007FF439AE11
:1002400003F07F0258F82210624A1080180600F16D
:100250009E80CB0701D50123137002215D48FFF773
:1002600075FD2AE610F0780F83B27FF422AE03F01A
:100270007F0213F0800F58F8223014BF43F480330C
:1002800043F0010348F822300022484BF2649A60A0
:100290000122B3641A6080225A604FF00113C4F83F
:1002A000BC31D4F8B03143F48033C4F8B031D4F861
:1002B000B031002BFBD100E603F07F0213F0800F7A
:1002C00058F8223014BF23F4803323F0010348F898
:1002D00022300022354BF2649A600122B3641A6026
:1002E00080225A604FF00113C4F8BC31D4F8B03109
:1002F00043F48033C4F8B031D4F8B031002BFBD1D3
:10030000DBE50020086026490C88486842F221019C
:100310008C427FF425AE80B200287FF421AE2E49B6
:100320002E4C03C9A18086284FEA11412060A1719B
:100330007FF416AE72B62A48017841F008010170C8
:10034000D2F848110D0605D480200143C2F84401BB
:10035000C2F8481162B6234A5021117000E6000C21
:100360002A78824228BF0246BEF5E06F44D11E4B78
:100370001E4D18781E491F4B0192002818BF1946C0
:100380002846FEF75BFF07236B70019A3BE0C90329
:100390003FF561AF61E700BFE0D20020409501204A
:1003A000C0D400208000070040A50120C0D200205A
:1003B000E4850120FC8501200787012008870120B2
:1003C0000200CC00C80002000200C800800000202B
:1003D0001993D5749485012040850120F48501206E
:1003E000038701200A8701200987012000002020BF
:1003F000D03400606C3400602946104D01922846CC
:10040000FEF71CFF019A25F01F031544BFF34F8F21
:100410004FF0E021C1F8703F20339D42FAD8BFF37E
:100420004F8FBFF36F8F05481146FFF78FFC44E5F0
:100430000320FFF7D7FC0FF09FFD00BF0000202036
:100440002DE9F0471F46831E022B01D9BDE8F08736
:10045000DFF84C9015460C463C2209EBC0180646C6
:100460004FEAC01A002108F10400240406F06CFFD2
:10047000B5FA85F20123520944EA427449F80A4068
:10048000C8F83870C8F80830002FDFD0034AB340EE
:1004900011680B431360BDE8F08700BF4C85012055
:1004A000000000202DE9F0470D46811E022901D9E8
:1004B000BDE8F087C701DFF84C909246044640370C
:1004C0003C2200211E4609EB07082D0408F1040018
:1004D00006F03AFFBAFA8AF2520945EA427249F83E
:1004E00007200122C8F83860C8F80820002EDFD0A5
:1004F000034B10341968A2400A431A60BDE8F08724
:100500004C8501200000002012048160C36101F5C8
:10051000405342F0800210B40124426001F50052C1
:10052000046001F5805401F58041C46081615DF88B
:10053000044BC0E904237047831E0A46022B00D9EE
:100540007047064B00F110014FF0010C03EBC01097
:100550000CFA01F14030FFF799BB00BF000000200A
:10056000831E0A46022B00D970470121024B8140AD
:1005700003EBC010FFF78ABB000000204068704703
:10058000124A134BD2F8200220F07F40984210B557
:1005900084B002D200EB800040000E4C01A90A2278
:1005A000FEF7EAFE01A90023204611F8012B0133D2
:1005B0003AB10A2B20F8022FF7D11623237004B08A
:1005C00010BD5B00DBB2237004B010BD00441F40BF
:1005D000809698009CCC002000F0DCBA00F0ACBA09
:1005E00000F010BB00F0CABA00F066BB00F03CBBE4
:1005F0000846114600F02CBBF8B5144C4FF0E0252E
:10060000134E4FF4003204EB4024124F06EB401619
:100610000346C5F88C2121463A883046FFF774FF1F
:100620003B882344BFF34F8FC5F85C4F2034A3426F
:10063000FAD8BFF34F8FBFF36F8F03203146FFF718
:100640008FFF4FF40033C5F80C31F8BD8000202037
:1006500000D300206A860120244B2DE9F0411C883C
:100660004368C569C3F30E43E41A002C24DD204916
:1006700020480A780078D3B21F4E82421F4807D024
:1006800010F8038036F81870C7F50072944218D934
:100690000133002226F81540082B194E88BF134657
:1006A00026F8152098BFDAB2C554164B0A701A689E
:1006B00014441C60BDE8F0812846BDE8F041FFF716
:1006C0009BBF07EB4820104922462744084401EB12
:1006D0004521FEF7B3FD0B4A284626F8187013682B
:1006E0002344BDE8F0411360FFF786BF6A8601200E
:1006F0000187012002870120A0850120C0850120FB
:10070000B08501209C850120800020201D4B1A7897
:10071000002A36D102F0FF031B4A12788AB32DE972
:10072000F0411A4D2A8852B3194EC2F50068194F8C
:100730003278194C07EB421704EBC2244246384684
:100740002146FFF7E1FE04EB0802BFF34F8F4FF0A5
:10075000E023C3F8704F2034A242FAD8BFF34F8F82
:10076000BFF36F8F04203946FFF7E6FE337801337D
:10077000DBB2032B88BF0023337000232B80BDE83E
:10078000F081704706870120088701206C860120D0
:100790000587012000D40020801020202DE9F04F93
:1007A00085B0CDE90110002900F0BF800023604C26
:1007B000DFF89881DFF898A15E4F009301235E4A2D
:1007C00023705E4B1978B8F8003002EB4119002B0A
:1007D00040F0A7801E461D469B464846FFF7CEFECA
:1007E00010F0800000F08C80BFF34F8F9AF800303B
:1007F00084F800B005B93E68002B7DD13B689B1B97
:10080000782B00F287804E4B1B78002B74D000F0C1
:100810009DFA0122B8F8003015462270002BDCD07A
:10082000464AC3F5006011781A4600EBC120454DD9
:10083000C9022844019D954217D20393DDE9015175
:100840002A46FEF7FBFC039B4FF040425B1BA8F8D7
:1008500000303D4BC3F88420BFF34F8F0098002336
:100860002844237005B0BDE8F08F364BCD180299AF
:10087000FEF7E4FC00234FF4006229464846FFF7E8
:1008800043FEBFF34F8F05F1200205F5006393424D
:1008900034BF012340234FF0E02205EB4313C2F89D
:1008A000705F2035AB42FAD1BFF34F8FBFF36F8F2C
:1008B00004204946FFF740FE204A13780133DBB29B
:1008C000032B84BF00231D4A1370B8F80030019A2F
:1008D000D11A009A1A4401910092029A1A440023F4
:1008E0000292194AA8F80030C2F88430BFF34F8F43
:1008F000237000297FF462AF009805B0BDE8F08F47
:100900004FF400620D4B8AF8000019781346A8F8DE
:1009100000208AE7012300988AF8003005B0BDE87E
:10092000F08F1A46C3F500607FE70198E5E700BF46
:1009300006870120E485012000D4002005870120DE
:10094000088701208010202000002E406C860120A6
:1009500004870120704700BF2D4B002180222D48C5
:1009600070B51B7800242C4D8B422C4E0CBF4023BD
:100970004FF400732B80338006F0E6FC284A2146B2
:10098000284B14704FF4807227481C8006F0DCFC62
:10099000264A1021264B0220C2E90044C2E9024443
:1009A000244AC3E900441470234AC3E90244234B98
:1009B0001C70234614602246FFF774FD22463188DE
:1009C00003201F4BFFF73CFD23460122298804200A
:1009D000FFF768FD20460134FFF70EFE082CF9D121
:1009E000184B00214A221848184C0460C3F88410A0
:1009F000C3F88020D3F84821154942F08072C3F82B
:100A0000482121B1134A137843F00103137070BDDC
:100A10000987012000D400206E8601206A8601200B
:100A2000058701206C86012000D30020A0850120CD
:100A3000B0850120018701209C85012002870120CB
:100A400019D1020000002E4000860120CDD1020005
:100A5000000000000B8701202DE9F04F4FF0E0234C
:100A60004FF40032DFF8C8A083B0C3F88C218B4666
:100A70009AF8004000294FD08046E4B20027DFF802
:100A8000B490264BABEB070225491B78A34204F137
:100A900001043FD0092C234B404628BF00241E5D93
:100AA00039F816C00CEB462319441F4B33F8165087
:100AB000A5EB0C05AA421CD20CEB462C18491B4C8A
:100AC00061440192FEF7BAFB216839F81650584686
:100AD000019AA1EB0B012A44394429F81620216020
:100AE0004FF0E0234FF40032C3F80C2103B0BDE80F
:100AF000F08F2A462F44FEF7A1FB0C49E3B23046A3
:100B00000A68A844521B0A608AF80030FFF774FD97
:100B1000BB45B6D83846E3E70846E1E70187012040
:100B200080002020C0850120A08501209C85012017
:100B300002870120B08501200B4B0C4A12781978EE
:100B4000D3B28A420DD0013309480A4A092B0A4917
:100B500028BF0023C35C31F8131002EB4323585C19
:100B600070474FF0FF307047018701200287012056
:100B7000C085012080002020B0850120044B10B5E5
:100B80001C680CB1204610BD00F0E0F8204610BDF6
:100B90009C8501202DE9F84F144E154D33782A78A5
:100BA000934221D0DCB2DFF85090DFF850B0DFF88C
:100BB0005080104F0134082C5FFA84FA01D90024C8
:100BC000A24619F80400DBF8003038F8102037F896
:100BD0001010521A9B1ACBF80030FFF70DFD86F863
:100BE00000A02B78A342E5D1BDE8F88F0287012051
:100BF00001870120B0850120C08501209C8501204E
:100C0000A085012000B583B001210DF10700FFF799
:100C100023FF20B19DF8070003B05DF804FB4FF0FF
:100C2000FF30F9E7094B00B583B01B788DF807005A
:100C30003BB101210DF10700FFF7B0FD03B05DF8F6
:100C400004FB03F0FF0003B05DF804FB08870120FC
:100C5000044B1B7803F0FF020BB1FFF79FBD10465A
:100C6000704700BF088701202DE9F0410024DFF81C
:100C7000448001230D4D27460D4E88F8003033780F
:100C800028462035A34204F1010405D0FFF776FC85
:100C9000030658BF07F50067042CF0D1BFF34F8F50
:100CA0000023384688F80030BDE8F08100D40020E9
:100CB00005870120068701202DE9F8431D4B1B788D
:100CC00013B11D4D2A880AB9BDE8F8831B4EC2F541
:100CD00000691B4933784A461A4C01EB43181A4FF6
:100CE00004EBC324012340463B7021460023FFF759
:100CF0000BFC04EB0902BFF34F8F4FF0E023C3F866
:100D0000704F2034A242FAD8BFF34F8FBFF36F8FDA
:100D100004204146FFF710FC33780133DBB2032B8C
:100D200088BF0023337000232B80BFF34F8F3B70AD
:100D3000BDE8F883088701206C8601200587012023
:100D400000D4002080102020068701202DE9F843E0
:100D50002D4B1E7866B12D4F3B784BB90123F1071F
:100D60003B7043D4B20726D400233B70730701D4F1
:100D7000BDE8F883264B1A68002AF9D0EFF3058204
:100D8000002AF5D1EFF3108572B61868002834D028
:100D9000204C2178002930D10122227042691A604A
:100DA000002A2ED0916105B962B600258368457787
:100DB00098472570DCE7DFF8648098F80030002B56
:100DC000D2D00025DFF858902B4659F82340013542
:100DD000236820461B69984710B163699B68984750
:100DE00098F80020EBB29A42EFD8BDE7FFF7C6FEB5
:100DF0000028B7D0AFF30080B4E7002DB8D162B6B9
:100E0000B6E7054B1A60CEE70B870120FD8601206F
:100E10003C7D0120EB860120487D0120EC860120ED
:100E20004C7D0120EFF3108272B6437F5BB9017FE6
:100E3000012930B40BD0032913D00123437702B921
:100E400062B630BC70470AB962B670477047124C40
:100E50002168B1B1114943610B6808608361586131
:100E6000EBE70F4D0F492C688CB143610B68836130
:100E700058614FF0E0234FF080540860C3F8044DF0
:100E8000DBE7064B20601860C0E90511D5E7C0E933
:100E900005442860EDE700BF3C7D0120487D01202E
:100EA000447D0120407D012090F81CC04160BCF1D0
:100EB000020FC26001D183681847FFF7B3BF00BFBC
:100EC00070B5EFF3108272B60C4C206880B10C4EF6
:100ED00000254369236073B19D6102B962B68368DE
:100EE00045779847EFF3108272B620680028F0D15A
:100EF00002B962B670BD3360EFE700BF447D0120E8
:100F0000407D0120FFF7DCBF0449054A4968054BD5
:100F10001960136801331360704700BF001000E0D0
:100F2000E4850120E085012008B5D0E900325BB1FD
:100F3000BAB10F4BA3FB0213DB0803EB4303B2EB85
:100F400083030AD1012008BD094BA3FB0213DB0870
:100F500003EB4303B2EB830301D0D21A4260F02AC1
:100F6000F0D806F077FB1C22034600201A6008BD6B
:100F7000ABAAAAAA70B5044638B319B1B2FA82F680
:100F80007609A2B9206800B36268F2B1184B19491A
:100F900002FB03F3B1EBB30F17D3A368E3B900224D
:100FA000012322606260A260E260184670BD1D46A7
:100FB000049BC0E90012C360FFF7B6FF0346002898
:100FC000F3D06DB90123184670BD06F043FB16221D
:100FD00000230260184670BD002106F0B5F9DEE777
:100FE000626831462068A56006F0AEF90123DCE7AF
:100FF000ABAAAAAA5555551503460846194606F048
:10100000DFBA00BFF0B4046840F201251E46256136
:10101000A3B121B311F8015B013B6566256FAF07F2
:1010200007D41546013E676F1AB105F8017B2A46C1
:1010300004686569ED07F1D5002BEAD16EB103684C
:10104000196F8907FAD41146013E5B6F002AF5D06B
:1010500001F8013B0A46002EF1D1F0BC704790F830
:101060003C50D9E7324B334930B5D3E9115420799C
:10107000C8771A6C95F804C081F81CC0087752B183
:10108000B2F5004F23D32C4911442A4A1964D07673
:1010900082F81BC030BD19680F24D86C8C6540F2F3
:1010A0000134CA610C614FF47C544C610321046823
:1010B000246883F83D10214B9C4226D1037F426077
:1010C000022BC26026D18368BDE8304018472D68E6
:1010D000E98B090422D492B2EA832168EC8BA4B292
:1010E000EC82CC8B240405D5CC8BC2F3080204F42B
:1010F0007E442243CA83CA8B92B2CA8200210D4A1F
:101100001964D07682F81BC030BD23461146BDE875
:1011100030401847BDE83040FFF784BEE98BC2F38A
:10112000080E92B201F47E4141EA0E01E983D4E750
:101130007CBD002000800E400180FFFF69D90200C5
:1011400043682DE9F04FD3E90041814D4FF0B80AD3
:1011500022684FF0020822EA01027E492260AA6951
:1011600011407D4A0A43AA6190F810E07B4A03EBE4
:101170000E0603EB8E0E317C02EB01118968C1F87B
:1011800000A090F811C003EB0C050CF10A0C95F8C7
:10119000241002EB01118968C1F800A0817C03EBE7
:1011A000010903EB810199F838B002EB0B1BDBF866
:1011B00008B0CBF800A0D4F800A05F684AEA070A9C
:1011C000C4F800A0347CDEF814E002EB0414646878
:1011D000C4F800E095F8244053F82CC002EB041446
:1011E0006468C4F800C0C96B99F8384002EB041277
:1011F000526811609A6C99F8441011601A6A317F34
:101200005B6B116095F830201A600F220368C3F8F9
:1012100010809A65C27C002A31D072B6C37CDC078C
:1012200008D54FF0E0214469D1F880212240826244
:10123000C1F88021990708D54FF0E0218469D1F8E1
:1012400084212240C262C1F884215A0708D54FF098
:10125000E021C469D1F8882122400263C1F88821C5
:101260001F0708D54FF0E021046AD1F88C212240F5
:101270004263C1F88C21DE0655D462B60368384C4F
:101280008268A24259D0324A846092693549C2F3D9
:101290000116C2F38262344D51F826100132B1FBBF
:1012A000F2F2AA4231D80022C260002403211C615C
:1012B0000724596201211A641C661961C37C13B3A7
:1012C000DD0704D5816A4FF0E022C2F800119C07C7
:1012D00004D5C16A4FF0E022C2F80411590704D5C1
:1012E000016B4FF0E022C2F808111A0704D5416BD8
:1012F0004FF0E022C2F80C11DB0604D5826B4FF0F0
:10130000E023C3F81021BDE8F08F1849A1FB02517A
:10131000090DB2FBF1F2A24288BF0131B1F5817F24
:101320000DD3134AC0E74FF0E022416AD2F8903162
:101330000B408363C2F890319FE7C268B5E702298A
:10134000B1D902394C08220242EA04420A43ABE70F
:1013500000C00F40CFFFFFE31000000818A20020DC
:1013600000093D00C8330020FF083D0083DE1B4319
:10137000FF7F7F000BB1FFF745BE70474368D3E99D
:1013800000120968114200D1704710B50268044686
:10139000002005211061227C1344187CFDF70EFF0C
:1013A000627C63680521134493F82400FDF706FF6F
:1013B0006368A27C05211344BDE8104093F838000F
:1013C000FDF7FCBE03740023C28183619DF80020F9
:1013D00043609DF80430016082744374704700BF1D
:1013E00070B58446B0F80EE084B00068ADF80CE04B
:1013F00048B103AB9CF81140CDE90034012300F063
:1014000031F904B070BDDCF804000D461446D8B1C3
:101410009CF80C605FFA8EF3032E2CD07EB1022E66
:101420001ED163F07F038DF80C309CF8116003AB84
:1014300022462946009600F0DFFA04B070BD03F0A2
:101440007F038DF80C30F0E7DCF808000028D8D0D6
:101450000B469CF8112003A9009400F0CDF8D0E7CA
:10146000012EE2D19DF80C3003F07F0343F04003DE
:101470008DF80C30D9E79CF811404FEA1E2E8DF8FC
:101480000D3003AB01342EF0010E00948DF80CE00A
:1014900000F0B2FAB5E700BF30B562B9047C042CA5
:1014A00024D881615CB900F1130E22467146BDE873
:1014B0003040FFF795BF042A144617D8816100F128
:1014C000130E04F11203857C00F1120250FA83F32B
:1014D000F4464DB98CF80010013B090A0CF1010CDF
:1014E0009342E2D0002DF5D01970F5E7002030BD11
:1014F00010B5844684B0C08914460B46C2B2ADF81C
:101500000C004FEA102EDCF8000048B100219CF8D6
:1015100011200094019103A900F010F904B010BD4E
:10152000DCF80400C8B19CF80C10032929D079B16B
:1015300002291DD102F07F028DF80C20FF219CF8BA
:1015400011200094019103A900F0B2FA04B010BD7B
:1015500062F07F028DF80C20F0E7DCF8080000282C
:10156000DCD09CF8112003A9009400F035F8D5E7F1
:101570000129E3D19DF80C2062F03F028DF80C2088
:10158000DCE7FF2100948DF80D204EF0010E9CF851
:101590001120019103A901328DF80CE000F088FAC6
:1015A000BCE700BF38B502220D4600F11301044626
:1015B000FFF79EFF38B1A37C33B9237D1B022B803C
:1015C000E27C13432B8038BDE37C1B022B80227D01
:1015D00013432B8038BD00BF30B4047CBDF80850E5
:1015E00034B1846824B10295A446406930BC604798
:1015F000002030BC704700BF30B4047CBDF80850F8
:1016000034B1C46824B10295A446406930BC604737
:10161000002030BC704700BF4FF0000C4260202219
:10162000017080F808C0C260704700BF38B504463A
:1016300040680D460EF0A4FC012121720DB9084648
:1016400038BD20786268884082F8301182F82F1106
:1016500082F8A5006068F6F7FDF9B0FA80F040095D
:1016600038BD00BF2DE9F041079F15469846C36875
:101670003A449A4216D80278044643680E4652000D
:1016800083F8A520012283F8302183F82F2167B148
:10169000069B53B140683A46069903685B689847D1
:1016A000874202D00020BDE8F081606831462A46BA
:1016B00003685B6898478542F4D141466068F6F755
:1016C000C9F9B0FA80F04009BDE8F0812DE9F8438E
:1016D000154606460F46D2B201784068F6F73AFA48
:1016E000854224D105B30024DFF84C90A04613E0D6
:1016F00090F8A2C090F8A32062450CF10102844446
:1017000018D980F8A2209CF81A30013407F8083064
:10171000A4B2A542A04607D97068026852694A453A
:10172000E6D09047C3B2F0E70120BDE8F88300207F
:10173000BDE8F883FF23E8E7294302002DE9F041E3
:10174000002482B01F4606469DF82430089DCDE94E
:101750000044FFF787FF28B94FF00008404602B069
:10176000BDE8F081804615B9F8E7A542F6D92A1BF5
:10177000F368391930469A4228BF1A46AB1AA34279
:1017800014448CBF00230123FFF7A0FF0028ECD1F5
:10179000E2E700BF2DE9F04F8146007B0E7885B06F
:1017A0000028784DD9F808000CBF012380231E4281
:1017B0000293B5FBF0F50CBF4FF001084FF00008A5
:1017C000002A00F0DC800B46013AEDB2DFF8BCB134
:1017D0001344DFF8BCA101910393029C0027002D64
:1017E00063D199F80D3013F0F70F3CD1264299F9E7
:1017F000100014BF01210021414505D0421C03D037
:10180000C0B28846FDF79EFC012199F80F00FDF754
:1018100099FC002D6FD199F91100431C04D0C0B27E
:10182000FDF7BAFC00B12743002199F80F00FDF73E
:1018300089FC99F80C3093B96400E4B2002CCED145
:1018400099F91130013301D0019B1F70039A019B5C
:101850009A4200F0948013F8016F0193BDE7640889
:10186000002CBCD1ECE70C2B2FD199F91000411CB6
:1018700004D0C0B206EA0401FDF764FC002199F827
:101880000F00FDF75FFC002D45D1012199F80F00F5
:10189000FDF758FC99F91100431CCAD0C0B2FDF7FE
:1018A0007BFC0028C5D02743C3E7DBF80410364B88
:1018B000DAF80020A3FB0232920C05FB02F2DBF8FF
:1018C00004305B1A9A42FAD88BE7012199F80F008D
:1018D000FDF738FC002D42D199F91000421C04D0CC
:1018E000C0B206EA0401FDF72DFC002199F80F00B3
:1018F000FDF728FCCEE7DBF80410234BDAF80020D4
:10190000A3FB0232920C05FB02F2DBF804305B1AF7
:101910009A42FAD87FE7DBF804101B4BDAF8002074
:10192000A3FB0232920C05FB02F2DBF804305B1AD7
:101930009A42FAD8012199F80F00FDF703FCDBF871
:101940000410114BDAF80020A3FB0232920C05FBC5
:1019500002F2DBF804305B1A9A42FAD89AE7DBF815
:101960000410094BDAF80020A3FB0232920C05FBAD
:1019700002F2DBF804305B1A9A42FAD8ACE705B001
:10198000BDE8F08F20A1070083DE1B43001000E0BC
:10199000C0B6002010B5044690F90E00431C03D0D9
:1019A0000121C0B2FDF7CEFB236823B3DA7C12B36A
:1019B000D10704D5986A4FF0E021C1F800019407DF
:1019C00004D5D86A4FF0E021C1F80401500704D5CE
:1019D000186B4FF0E021C1F80801110704D5586BCE
:1019E0004FF0E021C1F80C01D20604D59A6B4FF0FC
:1019F000E023C3F8102110BD2DE9F047044682B062
:101A000000688A4690461E460A9D20B1636893E8A6
:101A10000600F6F75DFB94F90E00431C42D1D5B1E8
:101A2000013E06EB05090DF1070503E0FFF7B2FEE5
:101A30004E4510D016F8013F01222768294620465E
:101A40008DF80730002FF1D0134638462A46FFF7AD
:101A500091FC4E45EED1B8F1000F1CD0D0440AF1F4
:101A6000FF360DF1070508F1FF3803E0FFF792FE9E
:101A7000B04510D016F8013F0122276829462046BC
:101A80008DF80730002FF1D0134638462A46FFF76D
:101A900071FCB045EED12046FFF77CFF012002B07B
:101AA000BDE8F087C0B20021FDF74CFBB7E700BFEF
:101AB0002DE9F04F044683B000680F4615469B465B
:101AC000DDF830A09DF8348020B1636893E806000B
:101AD000F6F7FEFA94F90E00431C48D1D5B1013F48
:101AE00007EB05090DF1070503E0FFF753FE4F452E
:101AF00010D017F8013F01222668294620468DF8AC
:101B00000730002EF1D0134630462A46FFF732FC4C
:101B10004F45EED1BAF1000F22D0DA440BF1FF3677
:101B20000DF107050AF1FF3A07E0FFF733FE9DF8D4
:101B3000073006F8013FB24512D027680122294636
:101B400020468DF80780002FEFD0134638462A46EE
:101B5000FFF710FC9DF8073006F8013FB245ECD1C5
:101B60002046FFF717FF012003B0BDE8F08FC0B299
:101B70000021FDF7E7FAB1E769B170B505460846FF
:101B80000C4605F07DFF2B680246214628465B681F
:101B9000BDE87040184770478368C3F3080383B1FA
:101BA000002110B40269D1540133B3F5007FF9D19B
:101BB0000168D0E903321C681846636A5DF8044B7B
:101BC00018470120704700BF82680346006940F251
:101BD000FF1CC2F3080281546245586801EB700192
:101BE000986800F10100C3E9011001D0012070479D
:101BF000D868196810B404684A1C646A1A601A69C3
:101C000023465DF8044B184738B58368CAB20D46C1
:101C10000169C3F3080340F2FF1C0446CA5463453C
:101C2000416802EB71024260826802F10102826047
:101C300005D0290A2046BDE83840FFF7C5BF016836
:101C4000C0684A1C03685B6A2260226998470028C2
:101C5000EFD138BDF8B50023064601601D46C0E946
:101C60000133A8B2FBF798FBA842044607D0C1B2E3
:101C70003046FFF7A9FF00283BD10020F8BD6C1CBF
:101C8000B4F5803F04D12AE00134B4F5803F04D09C
:101C9000A0B2FBF781FBA042F6D0671BB7F5007F2F
:101CA0001DD34FF6FF713046FFF7AEFF0028E4D09A
:101CB000B9B23046FFF7A8FF0028DED02546B5F5BB
:101CC000803FCED13046BDE8F840FFF765BFC5F391
:101CD000072130460135FFF777FF0028CDD0A54218
:101CE000E9B23046EBD2FFF76FFF0028EFD10020BA
:101CF000F8BDC4F307213046FFF766FF0028BCD0CB
:101D00000135DCE72DE9F04F1F4689B00B680D4621
:101D100004901446C16002610846DB699847B0F53B
:101D2000801F0090C0F0D88000230122009E013364
:101D30005200DBB201D09642F9D81C2B009640F23B
:101D4000B780A3F10B08012248FA02F1C8F3470853
:101D50008A4002910792013301225B109A40069259
:101D600004229A400392022202FA03F30193009A9A
:101D70000021039B2046029E4FF0010AD31A4FF424
:101D800000724AF6552BF34003FA06F90593019EBB
:101D900005F0DAFAFF2384F8BFA184F8C0A1B144AA
:101DA00084F8C431224684F8C5310723002128462F
:101DB00084F8C231FE23C4F8C66184F8C3312B68AD
:101DC000C4F8CA915B6AA4F8FEB19847002863D0B2
:101DD0004FF400720021204605F0B6FA009B84F80B
:101DE0006D804FF000086366F421059B04F17800D4
:101DF000069AE3652023266423726372A372EB23A1
:101E0000A665464623707623C4F8489063709023F5
:101E100084F86EA0A3704523E370582323714623F2
:101E200063714123A3715423E371042323664FF4A8
:101E30008073A4F86830092384F86C308023C4E9E7
:101E4000142284F86F304FF4C37205F07DFAA4F8C1
:101E5000FEB1A8F16A03012B06D9B8F1700F03D0C7
:101E600014F8083003EB760608F10108B8F5007F96
:101E7000EFD12B682246DDF8049028465B6A49467C
:101E8000984748B12B684946224628465B6A0C3180
:101E9000CDF80490984740BB2FB13B680F22B8495A
:101EA00038465B6898470026304609B0BDE8F08F99
:101EB0001A2B4FF0080800F2A6814FF48043CDF8AA
:101EC000088001934FF4004303934FF4807307930A
:101ED0004FF4005306934AE7002FE4D03B681522E5
:101EE000A84938465B689847D7E742460021204614
:101EF00009F1010A05F028FA4AF6552309F1090209
:101F000004F2FF19A4F8FE3100239346A04601E035
:101F100018F8013FC14503EB7606F9D12B6822463C
:101F2000514628465B6A98470028B5D02B68224660
:101F30000AF10C0128465B6A98470028ACD00AF1E8
:101F400001039B4502D09A462378DFE74FF40072E5
:101F5000002120469B4605F0F7F900220AF1030A0A
:101F60001146234601E013F8011F984501EB760660
:101F7000F9D12B682246594628465B6A98470028C3
:101F80008AD02B6822460BF10C0128465B6A9847E1
:101F9000002881D00BF101018A456AD1231F04F585
:101FA000FE7243F8046F9A42FBD12B682246284602
:101FB0005B6A984700283FF46FAF2B680BF10D0167
:101FC000224628465B6A984700283FF465AF2FB148
:101FD0003B680C226C4938465B689847069A00219A
:101FE000019B2046002613444FF400729946059B3E
:101FF0004FEA830805F0A8F923464FF0FF3208F2B4
:102000000728F821B7F1000B4FEA582A03F8011B03
:102010004FEA9838C4F8012018BF4FF0010BDA607E
:102020005A609A60C3F80F2002E00136B24523D00F
:10203000B6FBF8F308FB136343B9BBF1000F05D0FF
:102040003B680122514938465B6898472B6809EB89
:102050000601224628465B6A984700283FF41CAFD9
:10206000002EE2D131464FF40072204605F06CF9A3
:10207000DBE78B46217874E7002F34D03B680222DF
:10208000434938465B689847059E079A0736F60825
:1020900006F2FF13B2EB532F4FEA5329FFF4FDAEC4
:1020A0004FF400720021204605F04EF907232370FB
:1020B000B9F1000F00F08A804FF0000808E0B8F195
:1020C000000F01D184F8008008F10108C1457BD9D7
:1020D000039A28462B6802EB080122465B6A984760
:1020E0000028ECD1D8E6059E079A0736F60806F2D6
:1020F000FF13B2EB532F4FEA5329FFF4D4AE4FF442
:1021000000723946204605F01FF907232370B9F104
:10211000000FD1D1039B079A04989918FFF79AFDF5
:1021200000283FF4C0AE029A4FF400739340049A23
:1021300092689A423FF6B7AE4FF00208029B4FF406
:102140000072002108FA03F9039B2046994405F028
:10215000FBF881220323049909F1FF3984F8202038
:102160008222237084F84020C4E90D864A684FF02B
:102170000108636562648B68A3650023E3650EE074
:102180004C300020EC2F002004300020DC1E00200A
:1021900028300020079B98453BD208F101082B68A6
:1021A00009EB0801224628465B6A98470646002844
:1021B0003FF472AEB8F1010FECD14FF40072002180
:1021C000204605F0C1F8E8E7002FA3D03B681622AF
:1021D000144938465B689847039B079A04989918F6
:1021E000FFF738FD00283FF458AE029A4FF4007311
:1021F0009340049A92689A423FF64FAE0A49384695
:10220000FFF7BAFC98E74FF48072CDF80880079288
:10221000A1E5002F3FF448AE04493846FFF7ACFC77
:1022200042E600BF143000202C3000203C3000205B
:102230002DE9F843DDF82090A2B105460C469846FA
:10224000571801E0BC420DD02B68204649465E6A13
:10225000C0472146024628460134B0470028F1D144
:10226000BDE8F8830120BDE8F88300BF486810B5D9
:102270000C4630B10B894A8901339BB29A420B81DB
:1022800001D9206810BD0368012203495B689847A3
:1022900000232068238110BDDC1E00202DE9F04FB3
:1022A000054687B08846924600214FF40072406A86
:1022B00005F04AF8286A28B103680C223A495B689D
:1022C0009847286A6B6A4FF00009EE690AF1FF32FD
:1022D000DFF8E0C0E968ADF814904C1CCDE903309C
:1022E0004FEA5A13ADF816303368DF6A674526D1D6
:1022F0006AB301EB0A07DFF8C0A00AE02146039A9F
:1023000030460134D84700283FD0A7421ED033685A
:102310000498D3F824B00028F0D0BDF81430BDF8EC
:10232000162001339BB29A42ADF81430E6D8036808
:10233000514601225B689847ADF81490DEE703AB85
:10234000214630460093194BB847F0B1286A20B1B6
:102350000368022216495B689847B8F1100F4FF0E6
:10236000F8016A6A4FF001030CBF04200C201170C1
:10237000FF216A6AD15401339842FAD1E8696A6A46
:102380000368E9685B6A984718B9002007B0BDE8A0
:10239000F08FD5E90231E86919446A6A03685B6A1B
:1023A000984707B0BDE8F08F043000202DED020003
:1023B00028300020F1EC0200DC1E002038B5436A12
:1023C0004FF40075044600212A46184604F0BCFF6D
:1023D0004FF02031EB22A0F80B50C0F80310034659
:1023E000C0F8071090210270762099700222587070
:1023F00094F82B1059734AF65521208D1A74F8223F
:10240000D8815A752269DA61A269A3F8FE111A62AD
:1024100038BD00BF70B504464FF400720021406A19
:1024200004F092FF656A2269216805F2BF1002F08C
:102430003DFBA369226905F2C31021681A44013AE1
:1024400002F034FB94F82A204AF6552385F8C2217D
:102450002269E069C5F8C621626AA169A5F8FE3162
:102460000368C5F8CA1100215B6ABDE870401847CF
:1024700070B546694FF4807390F82BE00446A6F5DA
:102480008072456A4360B2FBFEF202F2011C4FEA21
:102490001C214FEA410C81600CF1A10098420ED939
:1024A0008033F21AB2FBFEF202F20111090A4FEA7E
:1024B000410C0CF1A1008342F2D3C4E901311B1A93
:1024C000A2F6F57103F18000B1F5704F20614FD293
:1024D0000CF1210C8133204602FB0EC2E360B2F501
:1024E000803FA26134BF0423062384F82A300123ED
:1024F0002385FFF78FFF08B9002070BD2046FFF746
:102500005DFF2922A1684FF0203385F8262046225E
:10251000C5F82F30802085F836205422C5F82B309E
:10252000C5F83230312385F838203622E98241213E
:1025300085F8393085F837104FF4007185F824009C
:1025400085F83A200F4BE069C5F827300368A5F8F5
:102550001110626A21695B6A98470028CCD06268D2
:102560002046E3681021D21ABDE87040FFF796BEFE
:10257000206A0028C0D00368132203495B6898478B
:10258000002070BD87D61200D82F0020F8B546690C
:102590004FF4005390F82BC04FF48042A6F58041D1
:1025A000036142F2090E0446456A4260B1FBFCF148
:1025B00001F18103DB0983600EEB4300904240F29E
:1025C000B68002F50052B11AB1FBFCF101F18103B2
:1025D000DB090EEB43005F008242F2D3C4E9012322
:1025E0004FF6F473994240F2978001FB0C2CA2F550
:1025F00000522046D21B92B202F5005322854D4A6A
:10260000E360ACF50053944594BF4FF00B0C4FF0D2
:102610000C0CA36184F82AC0FFF7FCFE08B9002067
:10262000F8BD2046FFF7CAFEA16829224FF02033EB
:102630008020696285F8422054214622C5F84B303B
:1026400085F840004120C5F84730C5F84E300223D8
:1026500085F85220332285F85410322185F8552010
:1026600085F8530085F85610EB62E069324B334A27
:102670002B630368C5F843205B6A626A2169984747
:102680000028CCD0E069216903680631626A5B6A80
:1026900098470028C3D04FF400720021606A04F00C
:1026A00053FEE069264A0368C5F8FC2121695B6A8C
:1026B0000231626A98470028B1D0E0692169036855
:1026C0000831626A5B6A98470028A8D04FF0FF3350
:1026D000E0691C4AC5E97A331B4B2A60C5F8E4312E
:1026E00003682169626A5B6A01319847002896D0C5
:1026F000E06921690368626A07315B6A98470028CC
:102700008DD0A268204694F82B30202103EB4202A2
:10271000BDE8F840FFF7C2BD206A00283FF47FAF54
:102720000368132209495B6898470020F8BD5F00E1
:1027300056E700BF0004FB000100060087D6120028
:10274000000055AA5252614172724161D82F002097
:1027500038B504460D68C16108466262EA692362C1
:10276000904700F2FF736061DB0A062B236024D9D7
:10277000102B13D80223B0F5800F84F82B3020469D
:102780002ED2FFF775FE0546206A05B320B1036817
:102790000D2219495B689847284638BD202B23D95C
:1027A000402B23D9802B23D9B3F5806F22D9B3F5E1
:1027B000004F8CBF80234023DDE7206A20B10368EF
:1027C00014220E495B6898470025284638BD00282A
:1027D000FAD003680F220A495B689847284638BD3B
:1027E000FFF7D4FE0546CFE70423C4E70823C2E77A
:1027F0001023C0E72023BEE7B82F0020A02F002021
:10280000C82F00204FF0FF30704700BF407C70475A
:10281000007D7047407D704701207047007F704702
:102820002DE9F0471E46C37C05460C46022B914617
:10283000089F28D02B68214628461B6E984798B1E0
:10284000AC61B9F1000F12D004EB090801E0A0451A
:102850000DD039462046B0472B6801462846DB6D2F
:10286000013498470028F2D10020BDE8F087AB6919
:10287000287F4B44AB610028F7D12B6828465B6E5C
:10288000BDE8F047184783698B42D3D1D9E700BF31
:10289000704700BF043002F0B5B800BF10B5044661
:1028A0002021FCF767FD204610BD00BF2DE9F04157
:1028B0001F46C37C05460E46022B144624D02B68C7
:1028C000314628461B6E984778B1AE6187B1002625
:1028D00001E0B7420CD02A68214628460136D26D65
:1028E00004F5007490470028F3D10020BDE8F08182
:1028F000AB69287F3B44AB610028F7D12B682846A1
:102900005B6EBDE8F041184783698B42D7D1DDE7A4
:102910002DE9F041204E074600F10408356805F521
:102920001675ADB203E03368EB1A1B0410D44046B1
:1029300002F06CF8FF280446F5D1FD21404602F074
:1029400083F8BB7CCBB900230120FB74BDE8F08188
:102950001E23B87C7B740028F8D0387C012102F05B
:1029600009F8FF21404602F06FF8404602F022F8D5
:1029700000231846BB74BDE8F0810121387C01F0CA
:10298000F9FF2146404602F05FF8404602F012F897
:102990000023BB74D7E700BFE48501202DE9F04197
:1029A000C37C012B35D0867C04464EB1043002F046
:1029B0002DF8B0F1FF0518BF01252846BDE8F081CC
:1029C000071D4FF00108384601F0D6FF3146207C44
:1029D00001F0D0FFFF21384602F036F8384684F87F
:1029E000128002F013F8A37CB0F1FF0518BF012597
:1029F000002BE2D04146207C01F0BCFFFF2138468D
:102A000002F022F8384601F0D5FF2846A674BDE84A
:102A1000F08100252846BDE8F08100BF2DE9F8438C
:102A2000204F0446884691463D68061D05F596757B
:102A3000ADB203E03B68EB1A1B040DD4304601F045
:102A4000E5FFFF282075F5D0FE281AD01823A07CBA
:102A5000637430B9BDE8F8831D23A07C637400283B
:102A6000F8D0207C012101F085FFFF21304601F0E4
:102A7000EBFF304601F09EFF00231846A374BDE82B
:102A8000F8834A464146304601F0CCFF207538B9FC
:102A9000304601F0BBFF304601F0B8FF0120D9E716
:102AA0002523D4E7E4850120F0B5002783B00C216D
:102AB00004463A46C77400F05BF8B0B9A67C1EB96C
:102AC0000126304603B0F0BD05460121207C01F00F
:102AD00051FF201DFF21019001F0B6FF019801F088
:102AE00069FF3046A57403B0F0BD0923A67C63746A
:102AF000002EE6D0251D207C01213E4601F03AFF44
:102B0000FF21284601F0A0FF284601F053FF304680
:102B1000A77403B0F0BD00BFC27C022A03D0012A13
:102B200004D00120704703685B6E1847FFF7BCBFF5
:102B300038B503680D460D4904461A6A8A420CD11D
:102B4000C27C022A04D0012A0BD00120257738BD8F
:102B50005B6E98470028F8D138BD90470028FBD01D
:102B6000F3E7FFF7A1FF0028F6D0EEE7D9F5020062
:102B70002DE9F041036882B00F46354901920646BF
:102B80001A6A8A425ED1C27C022A41D0012A5BD0F5
:102B9000B47C002C47D0351D0C2F11D0DFF8B48049
:102BA000D8F8004004F59674A4B204E0D8F80030D8
:102BB000E31A1A0434D4284601F028FFFF28F5D17F
:102BC0000DF1040802AC47F04001284601F03CFF3B
:102BD00014F8011D284601F037FFA045F8D1002F59
:102BE00028464FF00A040CBF9521872101F02CFFE5
:102BF000284601F00BFF2846013C01F007FF0306C1
:102C0000A4B2307501D5002CF5D102B0BDE8F08139
:102C10005B6E98470028BBD1FF2002B0BDE8F08171
:102C2000002FCDD0F8E7351D284601F0A5FE21463E
:102C3000307C01F09FFEFF21284601F005FF0123B3
:102C4000B374A9E79047E5E7FFF72EFFE2E700BF7F
:102C5000D9F50200E48501202DE9F04788B005464A
:102C60004FF00008174601AC2E1D85F8128085F83C
:102C7000118085F8158084E80E009DF80400287402
:102C800001F074FE0121287C01F074FE6C490723D9
:102C9000C5E9021394E8070005AB83E80700304656
:102CA0000ECB01F073FEAC7C85F81380002C67D04E
:102CB0000A240121287C01F05DFEFF21304601F04D
:102CC000C3FE611E11F0FF04F7D121460A24287CBF
:102CD00001F050FE002228461146FFF749FF012867
:102CE00004F1FF3304460AD013F0FF04F2D10123AC
:102CF000A87C6B74002851D108B0BDE8F0874FF470
:102D0000D57208212846FFF733FF420757D56C7567
:102D10002B68DFF830A19B6D534561D1687DA0F130
:102D20000204DFF82491B4FA84F4D9F8003064097D
:102D300003F5FA68A4071FFA88F805E0D9F800300F
:102D4000A8EB03031B0449D4372100222846FFF7D0
:102D50000FFF224629212846FFF70AFF0028EDD160
:102D60002B689B6D534565D1687D022849D0AB7CAB
:102D7000CBBB07230120C5E9027308B0BDE8F0878B
:102D8000304601F0F9FD2146287C01F0F3FDFF21DA
:102D9000304601F059FE0123AB7489E7287C0121FC
:102DA00001F0E8FDFF21304601F04EFE304601F013
:102DB00001FE00231846AB7408B0BDE8F08702237B
:102DC00004246B75304601F021FE631E287513F054
:102DD000FF04F7D1AA289BD0062389E7172387E7AA
:102DE000284698479BE70121287C01F0C3FDFF217D
:102DF000304601F029FE304601F0DCFD0023AB74C3
:102E0000B7E700223A212846FFF7B2FEA8B93046BC
:102E100001F0FCFD00F0C000C02801D103236B7558
:102E2000304601F0F3FD304601F0F0FD304601F090
:102E3000EDFD9CE72846984797E7122358E700BF27
:102E4000801A0600D5F20200E4850120F8B50022C0
:102E50000D463A210646FFF78BFEE0B9371D2C1DC3
:102E6000384601F0D3FD04F8010DA542F8D1B47C39
:102E700014B901242046F8BD307C012101F07AFD0F
:102E8000FF21384601F0E0FD384601F093FD0023B4
:102E90002046B374F8BD1223B47C7374002CE9D0BF
:102EA000341D307C012101F065FDFF21204601F039
:102EB000CBFD204601F07EFD00231C46B374204666
:102EC000F8BD00BF70B5164682B000220446FFF779
:102ED0004FFEB0B11B236374A07C08B902B070BD73
:102EE000251D207C012101F045FDFF21284601F030
:102EF000ABFD284601F05EFD00231846A37402B026
:102F000070BD0546102231462046FFF787FD002898
:102F1000E2D0A67C002EE1D0207C012101F02AFD28
:102F2000201DFF21019001F08FFD019801F042FD6D
:102F30003046A57402B070BD0368254ADB6C93422D
:102F400000B585B00FD16A460921FFF7BBFF38B144
:102F50009DF8003013F0C00308D0402B27D000208C
:102F600005B05DF804FB69469847F0E79DF8093025
:102F70009DF80A2003F003039DF806109DF8070052
:102F80005B0001F0030180009DF808C043EAD21302
:102F90009DF8052040EA812002F00F0240EA9C10D3
:102FA00013440130073B984005B05DF804FB9DF8E1
:102FB00009009DF8073001309DF8082003F03F0319
:102FC00000EB034000EB0220800205B05DF804FB3B
:102FD000B5FD020003680A4630B59B6D83B0164DFF
:102FE0000446AB4224D1407D03284FF01201204615
:102FF00018BF5202FFF7BCFD20B901231846E37445
:1030000003B030BD0C23A07C63740028F8D0251DCC
:10301000207C012101F0AEFCFF21284601F014FDC7
:10302000284601F0C7FC00231846A37403B030BD46
:1030300001919847019AD7E7D5F20200F8B51446F6
:10304000C27C06460D46012A1F4602D183698B4287
:1030500005D029463046FFF7BDFF80B1B56187B185
:10306000002501E0AF420CD021464FF400723046FB
:10307000013504F50074FFF7D1FC0028F2D10020DF
:10308000F8BDB369307F3B44B3610028F8D13046C6
:10309000BDE8F840FFF708BD2DE9F84F9B46C37C1B
:1030A00006460C46012B1546DDF82890DDF82C80ED
:1030B00002D183698B4205D021463046FFF78AFF53
:1030C000B0B1B461BBF1000F15D004EB0B0A02E004
:1030D000C847A2450FD04FF4007229463046FFF78B
:1030E0009DFC07464246204629460134002FEFD179
:1030F0000020BDE8F88FB369307F5B44B3610028DE
:10310000F7D13046BDE8F84FFFF7CEBC03682DE994
:10311000F0415F69164B9F421FD1C37C04460D46A8
:103120001646012B02D18369994205D029462046D3
:10313000FFF750FF70B1A5614FF400723146204691
:10314000FFF76CFC30B1A369207F0133A36148B164
:10315000BDE8F0810020BDE8F081BC460123BDE858
:10316000F04160472046BDE8F041FFF79DBC00BF3D
:10317000FDFA020003680A4630B59B6D83B0164D18
:103180000446AB4224D1407D03284FF0190120466C
:1031900018BF5202FFF7ECFC20B902230120E374B0
:1031A00003B030BD0E23A07C63740028F8D0251D29
:1031B000207C012101F0DEFBFF21284601F044FCC8
:1031C000284601F0F7FB00231846A37403B030BD76
:1031D00001919847019AD7E7D5F2020003682DE9DB
:1031E000F043DB6C1746414A85B004460E469342D5
:1031F00045D16A460921FFF765FE0546B5B19DF840
:103200000A305A0618D5637D032B01D076027F025F
:10321000324620212046FFF7ABFC28B93A4621214F
:103220002046FFF7A5FC70B326236374A57C9DB9E7
:10323000284605B0BDE8F08303F03F039DF80B205E
:103240005B0043EAD2137A1C32431342DBD02723BC
:10325000A57C6374002DEBD0251D207C012101F09D
:1032600089FBFF21284601F0EFFB284601F0A2FB75
:1032700000231D46A374284605B0BDE8F0836946C7
:1032800098470546BAE7024626212046FFF770FC1C
:103290000028C9D1DFF8588042F2107704F1040900
:1032A000D8F800301F44BFB204E0D8F80030FB1A51
:1032B0001B0417D4484601F0A9FBFF280646F4D1A9
:1032C000A37C002BB4D00121207C1D4601F052FBD1
:1032D0003146484601F0B8FB484601F06BFB00233D
:1032E000A374A5E728236374A0E700BFB5FD02001F
:1032F000E485012070B5002282B00E460921044603
:10330000FFF736FCB0B11B236374A07C08B902B090
:1033100070BD251D207C012101F02CFBFF212846DA
:1033200001F092FB284601F045FB00231846A374E8
:1033300002B070BD0546102231462046FFF76EFBF5
:103340000028E2D0A67C002EE1D0207C012101F0F3
:1033500011FB201DFF21019001F076FB019801F087
:1033600029FB3046A57402B070BD00BF70B50022C5
:1033700082B00E460A210446FFF7FAFBB0B11B23C8
:103380006374A07C08B902B070BD251D207C0121AA
:1033900001F0F0FAFF21284601F056FB284601F023
:1033A00009FB00231846A37402B070BD0546102225
:1033B00031462046FFF732FB0028E2D0A67C002EE3
:1033C000E1D0207C012101F0D5FA201DFF210190E0
:1033D00001F03AFB019801F0EDFA3046A57402B015
:1033E00070BD00BF70B5051D16460446284601F0A5
:1033F0002BFB4FF400723146284601F02FFBFF21D2
:10340000284601F021FBFF21284601F01DFB28463C
:1034100001F0FCFA00F01F032075052B04D02023D7
:10342000A07C637410B970BD012070BD207C0121A7
:1034300001F0A0FAFF21284601F006FB284601F022
:10344000B9FA00231846A37470BD00BF2DE9F041FE
:10345000174D06460F4600F104082C6804F5167453
:10346000A4B203E02B68E31A1B040CD4404601F01D
:10347000CDFAFF28F6D13A46FC213046FFF7B2FFDD
:1034800018B1BDE8F08124237374B07C0028F8D013
:10349000307C012101F06EFAFF21404601F0D4FAA0
:1034A000404601F087FA00231846B374BDE8F08166
:1034B000E4850120036870B59B6D1646224A82B0F0
:1034C00004460D4693423CD1407D03284FF018013D
:1034D000204618BF6D022A46FFF74AFB0546B0B1E9
:1034E0000D236374A07C08B902B070BD251D207C3B
:1034F000012101F03FFAFF21284601F0A5FA2846F4
:1035000001F058FA00231846A37402B070BD324689
:10351000FE212046FFF766FF0028E3D0A67C002EA0
:10352000E2D0207C012101F025FA201DFF2101902D
:1035300001F08AFA019801F03DFA3046A57402B014
:1035400070BD9847C1E700BFD5F2020010B4047FF8
:1035500034B104680123A46AA4465DF8044B6047B3
:103560005DF8044BFFF7A6BF10B584B004460DF11B
:10357000040C8CE80E009CE80E00FFF76DFB20B1F8
:103580009DF8053003F00103237704B010BD00BFA0
:10359000002070470020704700207047704700BF30
:1035A000084B0021084A094810B499631C6B146049
:1035B00012685DF8044B1A639A6C22F081029A64D7
:1035C0000170704700002C402C7D0120EA8601200C
:1035D000034B586A80F08070C0F30060704700BFF2
:1035E00000002C40014B1878704700BFEA8601208C
:1035F0002B4A2C4B526AD3F800312B49C2F3C2221A
:1036000003F03F03013270B5284C4FF47A75A4FBE8
:10361000034305FB00F09B08B1FBF3FEBEFBF2FE8B
:10362000B0EB1E1F35D201231E465B001A01BEFB04
:10363000F2F2824201D9FF2BF6D9BEFBF3F2360239
:1036400090422AD24FEA430C012200E0A4461546DC
:1036500003EB0C040132BEFBFCF1814217D9102AA6
:10366000F4D1F0254FF47A731149124A03FB0CFC94
:10367000BEFBFCF30B60104BD16A0B402B43334372
:1036800043F46023D362536A1B07FCD570BD2D0140
:10369000E8E7724600260123D2E79C460025E1E7D1
:1036A00000C00F4000800D4000EC695EABAAAAAAE2
:1036B000707C012000002C400F00F0FF014B1878B7
:1036C000704700BF0ECD0020014B1868704700BF47
:1036D0002C7D012010B4074C8C460FCCCCF8000098
:1036E0000120CCF80410CCF80820CCF80C305DF8A0
:1036F000044B7047007D012010B4074C8C460FCC62
:10370000CCF800000120CCF80410CCF80820CCF84C
:103710000C305DF8044B7047107D0120024B0120F6
:103720001B680B60704700BF207D0120704700BF01
:1037300010B504460C21FBF71DFE204610BD00BF4E
:10374000044B1B7823B1044B18780230C0B2704789
:1037500001207047E7860120E8860120184B1A787F
:1037600012F0C0020FD0402A01D000207047587AD2
:10377000DA79197A013002F03F0300EB034000EBE5
:103780000120800270475A7A9979D87902F00302B1
:1037900093F808C001F003018000520040EA812044
:1037A00000B593F80AE040EA9C105B7942EADE1229
:1037B000013003F00F031344073B98405DF804FB0E
:1037C000107D0120404A0520404938B5D2F800411B
:1037D0003F4B44F080043F4DC2F80041D2F8004115
:1037E00024F03F04C2F80041D2F8004144F018042C
:1037F000C2F80041D2F8004124F08004C2F8004130
:10380000D3F8802042F00C02C3F880205A6A22F4D8
:1038100060525A62DA6942F48032DA615A6A42F4DA
:1038200000625A62C1F8CC01C1F8D001C1F8BC01F4
:10383000C1F8C001C1F8C401C1F8C801AA6C264B87
:1038400042F00042AA64EA6A1343EB62EC6A14F0A5
:103850008074FBD14FF4C870FFF7CAFE1B4B47F2D0
:10386000B80241F2B801C3F8CC411C48C3F8D041BA
:10387000C3F8BC41C3F8C041C3F8C441C3F8C84150
:10388000C3F8BC23C3F8C023C3F8AC23C3F8B013F8
:10389000C3F8B4231249C3F8B823124B6863C1F8C4
:1038A000F8314FF0E0234FF480420F49602081F857
:1038B0006E00C3F80C21EB6A064A43F00063EB622A
:1038C000D36A1B01FCD438BD00800D4000801F402E
:1038D00000C00F4000002C40008000010B007F1151
:1038E00000D000206100030000E400E02DE9F04179
:1038F000FBF7FEFB174E184D0746DFF8748004E017
:10390000FBF7F6FBC01B40451BD8346B2C40F7D0AF
:10391000124A0021124B1170326B1A601968114A59
:1039200031631B68134209D00F491F240F4B40F22B
:103930007A2200200C701A60BDE8F0810120BDE8F9
:10394000F081064A064B1470326B1A601B683363B1
:10395000EAE700BF00002C4002007F11E986012049
:103960002C7D012000007F110ECD0020F47C012071
:1039700040420F002DE9F843264C0F462378002BD8
:1039800038D1254B5A6AD2052BD5234DDFF89480C8
:10399000AB6A43F48033AB62FBF7AAFB064604E054
:1039A000FBF7A6FB801B40452AD86B6A13F480699D
:1039B000F6D007F13C0C184807F50F77436A5B0512
:1039C000FCD5ACF1400353F8042F9C450262FAD1B8
:1039D0000CF1400CBC45F1D1012318462370BDE821
:1039E000F8839A6A22F480329A629A6A42F4003228
:1039F0009A62CAE7FFF77AFF0028C2D1BDE8F883D0
:103A000006492124064B4FF47E7248460C701A601A
:103A1000BDE8F883E986012000002C400ECD00208F
:103A2000F47C012040420F002DE9F0410746884612
:103A30001F4CFBF75DFB1F4E054604E0FBF758FBF0
:103A4000431BB34224D8636AD907F7D4BB02C4F836
:103A5000088020D427F0FF03154C174EE360FBF7D6
:103A600047FB144F054604E0FBF742FB401BB842FE
:103A70000ED8236B3342F7D0226B104B1A601A68B2
:103A800022631A68D20703D51B6813F4702F0BD07A
:103A90000020BDE8F081A26CFBB222F0FF02A2641C
:103AA000A26C1343A364D5E70120BDE8F08100BFF9
:103AB00000002C4040420F0001000F002C7D01202F
:103AC000154B30B50D4685B01968FFF7ADFF08B34B
:103AD000124B05F10F041A69009259690191996915
:103AE0000291DB690393002301E05EF8102C03F0E0
:103AF000030C01334FEACC0C23F0030E0F2B22FAF8
:103B00000CF20EF1100104F8012D0DEB010EECD1B9
:103B10000023EB7305B030BD247D012000002C4054
:103B200010B5037ADB0705D5154B1B68B3B1BDE8AB
:103B300010401847134B1B783BB9134B5C6A84F059
:103B40008074C4F30064204610BD0F4B0F4C1B6BF8
:103B50001C40B4FA84F46409204610BD0C4B1C7858
:103B6000002CF0D00B4B0C481968FFF75DFF0028C4
:103B7000E9D0054B1C6984F48074C4F30024E2E7A7
:103B8000287D0120E986012000002C4002007F11E1
:103B9000E6860120247D012000001A0D08B5044BA3
:103BA00004481968FFF740FF08B1034B186908BDC6
:103BB000247D012000001A0D00002C4008B5074BA1
:103BC00007481968FFF730FF30B1064B186980F4D9
:103BD0008070C0F3002008BD012008BD247D0120B5
:103BE00000001A0D00002C402DE9F047294B8946B2
:103BF000DFF8C0A0284ECAF80030FBF779FA274D4D
:103C00000446DFF8B480264F06E0FBF771FA001B8C
:103C1000B84229D8FDF79AF831682846FFF704FF23
:103C20000028F2D0D8F81030DB05EED500234FF491
:103C30000072CAF80030D8F8283023F48033C8F86E
:103C40002830184BC8F804201B78CBB149461648D9
:103C5000FFF7EAFE30B915490E24154B40F25742E2
:103C60000C701A60BDE8F087104A0A210020104B42
:103C7000117040F24B42CAF800001A60BDE8F087AC
:103C80004FEA492908484946FFF7CEFE0028E9D106
:103C9000E1E700BF7D060300247D012000001A0D2E
:103CA00040420F00E886012020003A190ECD002086
:103CB000F47C0120287D012000002C402DE9F041FA
:103CC000254C00212548A36A23F48033A362FFF723
:103CD000ABFE054648B922490920224B40F23D225D
:103CE00008701A602846BDE8F0811F4BDFF880801D
:103CF000C8F80030FBF7FCF9636A0646D80118D40F
:103D00001A4F04E0FDF722F8636AD90111D4FBF7DA
:103D1000EFF9831BBB42F5D9114A0A210025114B4B
:103D200011704FF410722846C8F800501A60BDE8B0
:103D3000F0810022084BC8F800205A6A9207D1D5BA
:103D4000586B9A6AD96A22F4803241F08061D96254
:103D500058639A62C6E700BF00002C400000DB0CED
:103D60000ECD0020F47C01209100030040420F00A2
:103D7000287D01202DE9F04782468946364EFBF723
:103D8000B7F9364D0446DFF80081354F04E0FBF704
:103D9000AFF9031BBB4227D831682846FFF744FE22
:103DA0000028F4D0D8F81030DA05F0D501232D4DD5
:103DB0002D4F51462B7000232C483B602C4BC8F8EC
:103DC0000090C8F804302B4BC8F83830FFF72CFEB1
:103DD0000446A0B928490420284B40F29F120870DD
:103DE00020461A60BDE8F08723490A20234B4FF490
:103DF000CC72002408701A602046BDE8F087204B82
:103E0000DFF88890C9F80030FBF772F92B78064686
:103E1000BBB1DFF84C8003E0FCF798FF2B7883B14F
:103E2000FBF766F9831B4345F6D90023C9F8003038
:103E300011492520114B4FF4D172002408701A60EB
:103E4000DAE73B6800229B07C9F80020F0D53A6802
:103E50000C4B1A42D0D0EBE7247D012000001A0D54
:103E600040420F00EA8601202C7D012011003A0615
:103E70004000010002007F110ECD0020F47C0120E3
:103E8000A500030000007F1100002C40287D0120C8
:103E90002DE9F041324D1446AB7A13F0400012D1B7
:103EA00003F03F03EA7A5B0043EAD213621C0A4341
:103EB000134208D02B4927242B4B40F202320C70BE
:103EC0001A60BDE8F081294B1B780BB949026402E6
:103ED0002748FFF7A9FD40B922490F24224B40F2A1
:103EE0000A320C701A60BDE8F08121462148FFF7C4
:103EF0009BFD40B91B4910241B4B40F20D320C7046
:103F00001A60BDE8F08100211B48FFF78DFD38B92C
:103F100014491124144B4FF444720C701A60E2E7F8
:103F2000FBF7E6F8154E164D0446DFF85C80154F9A
:103F300031682846FFF778FD18B1D8F81030DB0556
:103F4000D1D4FBF7D5F8001BB842F1D90549282494
:103F5000054B40F2133200200C701A60C3E700BF1B
:103F6000107D01200ECD0020F47C0120E886012088
:103F700000001A2000001A2100001B26247D0120C9
:103F800000001A0D40420F0000002C402DE9F04FB8
:103F900012F0030483B018BF012401900093002B9A
:103FA00008BF44F001045CB140492520404B40F279
:103FB000F512002408701A60204603B0BDE8F08FA7
:103FC0003C4B15463C4A0E46DFF80C911360FBF75C
:103FD0008FF8DFF808810746DFF804B1DFF8F0A0BA
:103FE00006E0FBF785F8C01B504544D8FCF7AEFE51
:103FF000D9F800104046FFF717FD0028F1D0DBF894
:104000001030DA05EDD5009A2C4B2B4903EA024318
:1040100000222B4F0A6043F400730121DFF8C480B3
:104020003970C8F80020CBF80050CBF80430254B8D
:10403000CBF83830244B1B7843B331460198FFF757
:10404000F3FC81460028B7D0204B1B4A1360FBF7D6
:104050004FF83B780546DBB11D4E03E0FCF776FEDA
:104060003B78ABB1FBF744F8401BB042F6D90023D4
:10407000114A1360A0E70D4B0A2200210E481A7066
:104080004FF4FC720A4B01601A6095E77602D4E7A0
:104090000023094A1360D8F800309B078CD5D8F864
:1040A00000200C4B1A4208BF4C4685E70ECD00207D
:1040B000F47C01207D060300287D01200000FF1F05
:1040C000EA86012002007F11E8860120A500030096
:1040D00040420F0000007F11247D012000001A0DD6
:1040E00000002C402C7D0120F8B50646007A0C46D5
:1040F0001546C0071F4613D483B10F4401E0BC42EC
:104100000CD033682A46214630461B69013405F538
:10411000007598470028F2D10020F8BD0120F8BDB5
:10412000900712D0002BF9D00F4401E0BC42F5D02B
:1041300033682A46214630461B69013405F500756F
:1041400098470028F2D10020E7E70648FFF71EFF56
:104150000028E3D104490C24044B40F2A1320C7036
:104160001A60F8BD37003A120ECD0020F47C012011
:10417000F8B50646007A0C461546C0071F4613D40C
:1041800083B10F4401E0BC420CD033682A4621467B
:1041900030465B6A013405F5007598470028F2D176
:1041A0000020F8BD0120F8BD900712D0002BF9D0F7
:1041B0000F4401E0BC42F5D033682A462146304620
:1041C0005B6A013405F5007598470028F2D100209C
:1041D000E7E70648FFF7DAFE0028E3D104490E249A
:1041E000044B40F23D420C701A60F8BD27003A19AA
:1041F0000ECD0020F47C01202DE9F04F0025DFF8E2
:10420000C0929B4C91B0DFF8BC829A4E017245720D
:1042100089F80050257088F800503570FFF7D2FA01
:1042200029462846FFF700FC50B90121924B40F285
:104230008E22054621701A60284611B0BDE8F08F25
:1042400003258E4F4FF4D5713846FFF7EDFB00285C
:104250004ED1013DF6D13378002B3DD0DFF868B266
:10426000FAF746FF864E0546DFF860A2854F00212B
:104270003046FFF7D9FB50B9002517217E4B4FF48C
:104280002A72284621701A6011B0BDE8F08F594695
:104290005046FFF7C9FB0028EED0FAF729FF401B74
:1042A000794BB842E8D81A69002AE0DA1969774AE6
:1042B00011601B695A0002D5012388F800300021E3
:1042C0007348FFF7B1FB054610BB02216A4B40F271
:1042D000B12221701A60AFE7FFF774FA2946284629
:1042E000FFF7A2FB3378002BB8D14FF4401BB7E7A0
:1042F000654B1B69B3F5D57F07D006215E4B4FF4A4
:104300002572002521701A6096E701233370A5E716
:1043100000216048FFF788FB054630B90321564B62
:104320004FF42D7221701A6086E7574E5A4B32694E
:104330005A4F13405A495B483B60FFF7C1FB0546A3
:1043400030B907214C4B40F2B92221701A6073E753
:1043500055495648FFF7B4FB054630B90821464B8E
:104360004FF42F7221701A6066E739685048FFF7E2
:104370005BFB054630B905213F4B40F2BF2221705F
:104380001A6059E739683E48FFF74EFB38B91421E7
:10439000394B40F2C322002521701A604CE70221FC
:1043A0004448FFF741FB05460028F0D0B36A694650
:1043B0006FF07F4023F00603B362B36A43F0020359
:1043C000B3624FF010137364FFF7D4FC9DF80D3007
:1043D0009B0743D5002841D0274E6946364894F8BC
:1043E00000803768FFF7C6FC9DF8103003F00F031C
:1043F000012B36D1A8B34CF25030304C0523C4F811
:10440000CC31C4F8D031C4F8BC31C4F8C031C4F8E0
:10441000C431C4F8C831FFF7EBF8002347F2B80203
:10442000C4F8CC31C4F8D031C4F8BC31C4F8C031C0
:10443000C4F8C431C4F8C83141F2B803C4F8BC238D
:10444000C4F8C023C4F8AC23C4F8B0330123C4F8C3
:10445000B423C4F8B82389F80030EDE646F2A8107A
:10446000CBE746F2A81084F800803760C5E700BFAC
:104470000ECD0020E7860120F47C012000001A0800
:1044800000001A3740420F0000002C40207D012020
:104490000000090200001A030000FFFF247D012034
:1044A000107D012000000909007D01200000090A9B
:1044B00000001B0700001A06F1FFFF8000801F406C
:1044C000E6860120E8860120000030400000022935
:1044D000374B5A6A92052DE9F0410F460DD49A6A7E
:1044E00022F480329A6272B69A6A42F400329A6278
:1044F0009A6A42F480329A6262B6FAF7F9FD2C4E5B
:10450000DFF8C480054604E0FAF7F2FD431B43459B
:1045100037D8746A14F40064F6D007F13C0C2448D0
:1045200007F50F77436A1B05FCD5ACF14003026A1F
:1045300043F8042F9C45FAD10CF1400C6745F1D1AA
:10454000FAF7D6FD1A4F1B4D0646DFF87C8004E0D3
:10455000FAF7CEFD831B43451DD83C6B2C40F7D0AA
:104560003B6B154A136013683B63136813F0020337
:104570001BD01268114B1A420CBF01200020BDE86D
:10458000F0810F491A250F4B40F2563220460D702C
:104590001A60BDE8F0810A491D250A4B40F26132DC
:1045A00020460D701A60BDE8F0811846BDE8F08124
:1045B00000002C4002007F112C7D012000007F11A3
:1045C0000ECD0020F47C012040420F002DE9F04781
:1045D000294B8946DFF8C0A0284ECAF80030FAF708
:1045E00087FD274D0446DFF8B480264F06E0FAF732
:1045F0007FFD001BB84229D8FCF7A8FB316828468C
:10460000FFF712FA0028F2D0D8F81030DB05EED50B
:1046100000234FF40072CAF80030D8F8283043F471
:104620008033C8F82830184BC8F804201B78CBB169
:1046300049461648FFF7F8F930B915490C24154BCF
:1046400040F2BD320C701A60BDE8F087104A0A21B2
:104650000020104B117040F2B132CAF800001A600D
:10466000BDE8F0874FEA492908484946FFF7DCF9D9
:104670000028E9D1E1E700BF7D060300247D012089
:1046800000001A0D40420F00E886012030003A1267
:104690000ECD0020F47C0120287D012000002C405C
:1046A0002DE9F04100221D4C0D4642721146A36ACD
:1046B0001B4823F48033A362FFF7B6F940B91949C8
:1046C0000924194B40F2D3320C701A60BDE8F08116
:1046D000002DFBD0154B164E3360FAF709FD636AC7
:1046E0000746DA0116D4DFF84C8004E0FCF72EFB15
:1046F000636ADB010ED4FAF7FBFCC01B4045F5D919
:10470000084A0A210020084B117040F2D73230606D
:104710001A60DBE7002328463360D7E700002C400F
:104720000000DB0C0ECD0020F47C01209100030082
:10473000287D012040420F000A4B1B7810B504462B
:104740001BB9637A43B9012010BDFFF7CFF80028E9
:10475000FAD0637A002BF6D020460121BDE8104044
:10476000FFF79EBFE98601202DE9F0410446007A5B
:10477000ADF5007D164610F0010513D093073CD02F
:10478000012338486A46FFF701FC00283AD04FF46D
:10479000007269463046FAF751FD28460DF5007D56
:1047A000BDE8F081DFF8CC800F4698F80030002B90
:1047B00035D1637A012B39D022682B49126A8A429B
:1047C0004AD198F80020002A34D1002B39D139463B
:1047D0002046FFF7FBFEE8B10123676063723146B4
:1047E0002046FFF775FEA8B16368054601332846E9
:1047F00063600DF5007DBDE8F08101231948FFF7E6
:10480000C5FB38B919490B20194B4FF45D720025CF
:1048100008701A6028460DF5007DBDE8F081FFF7AD
:1048200065F80028F6D0637A012BC5D16268BA42D8
:10483000C2D1D4E7FFF75AF80028EBD0637A002BF7
:10484000C5D001212046FFF72BFF0028BFD1284605
:104850000DF5007DBDE8F081204690470028F6D098
:10486000B5E700BF11003A11F91103000ECD002089
:10487000F47C0120E98601202DE9F041047AADF5B0
:10488000007D0F46904614F001041DD012F0030F76
:1048900006D0684611464FF400728046FAF7CEFC07
:1048A0000123424639462C48FFF770FB044630B9D5
:1048B0002A490D202A4B40F2114208701A60204606
:1048C0000DF5007DBDE8F081264D06462B782BBB0B
:1048D000737A022B29D032682349126A8A4236D170
:1048E0002A7832BB002B2BD13368394630461B6EF9
:1048F00098470028E3D002237760737233684146FB
:104900003046DB6D98470028D9D0736804460133E0
:10491000204673600DF5007DBDE8F081FEF7E6FFEF
:104920000028CCD0737A022BD5D17268BA42D2D18A
:10493000E4E7FEF7DBFF0028C1D0737A002BD3D069
:1049400001213046FFF7ACFE0028B8D0CCE7304656
:1049500090470028B3D0C7E701003A180ECD0020D9
:10496000F47C0120E9860120F91103000121FAF706
:1049700025BC00BFFAF7E6BB08B5034653F8040BA5
:1049800093E80600F3F7A4FB08BD00BF84B00DF167
:10499000100C0CE90E00024623B11846136004B057
:1049A000FCF7CEBB024B1846136004B0FCF7C8BB43
:1049B0007CBD00200268D37C13B3D80704D5906A6D
:1049C0004FF0E021C1F80001990704D5D06A4FF0FB
:1049D000E021C1F80401580704D5106B4FF0E02125
:1049E000C1F80801190704D5506B4FF0E021C1F858
:1049F0000C01DB0604D5926B4FF0E023C3F81021C5
:104A0000704700BF0068FCF7B9BC00BF0268FF2315
:104A100012685366D36D13F4F81FFBD0506FC0B209
:104A2000704700BF30B50C4683B00546FF212046D5
:104A3000019202F089FC2868019B22462146FCF77E
:104A400099FC002003B030BD03681A685166D36D2D
:104A500013F4F81FFBD0536F704700BF531EB3F51C
:104A6000007F30B51446ADF5017D054611D36AB11E
:104A70000368481E1968821810F8013F4B66CB6D19
:104A800013F4F81FFBD090424B6FF5D10DF5017D6B
:104A900030BD6846FAF7D2FB6A46234628681146BD
:104AA000FCF768FC0DF5017D30BD00BFB1F5807FDE
:104AB00021D810292ED840234FF0200CB2FBF3F15F
:104AC000B1F5806F20D203FB112300B5B2FBFCFED1
:104AD000B3FBFCF30CFB1E224FEA910CDBB201325C
:104AE0002CF03F0CC9B2037042EA0C028170D2B2C2
:104AF00042705DF804FB3F239C46802910D9B1F534
:104B0000FC7F0FD81B01D9E7FF21FE234170037002
:104B100081707047202916D880234FF0200CCDE7F4
:104B2000DB00CBE7B1F57C7F04D9B1F5FC6F03D88E
:104B30009B01C3E75B01C1E7B1F57C6F94BFDB016B
:104B4000C3EB0323BAE720239C46D6E7000000000E
:104B500030B410EE103A2DED028BA3F5000110EEEB
:104B6000902AB1F1FE4F10EE104A82B04FEA420196
:104B70007CD201F1FF3C6FF08070844580F0F780BB
:104B8000002004F1404303F54D03C3F3C342DB0DA2
:104B9000DB05E11ADB1507EE903AB14B03EB02128D
:104BA00092ED003B04EE101AB7EEE06AB7EEC44A8D
:104BB000BFEE000BA3EE040B93ED443B20EE001B75
:104BC00093ED464B93ED402BA0EE034B93ED425BF0
:104BD00093ED483BA0EE025B21EE012B92ED028BA0
:104BE000B8EEE77B37EE087BA0EE037BA1EE047BFB
:104BF000A5EE027B26EE077B17EE903A48F2BF0146
:104C0000C3F3CF338B4250D2B7EE000B954B93EDED
:104C1000402B37EE023B13EE102A33EE423B02F0FC
:104C20001F01821803EBC10093ED424B37EE437B2B
:104C300053F83140456893ED446B93ED465BA7EE26
:104C4000046B27EE074B0023181905EBC231A7EEC2
:104C5000050B41EC170BA6EE040B20EE070BB7EE8D
:104C6000C00B02B0BDEC028B30BC70474D1E6FF024
:104C70008070854280F0CE8059004D1E854280F0C4
:104C80009280002B55DB0020B4F5000FBFF479AF04
:104C9000DFED757A07EE103A67EE277A17EE904A45
:104CA00024F00044A4F138646BE79FED656BB4EE2B
:104CB000C67BF1EE10FA15DC9FED636BB4EEC67B9C
:104CC000F1EE10FA20DD4FF04C5388B10193DDED89
:104CD000016ABFEE006A76EE666AF4EE466AF1EEAD
:104CE00010FA11D002B0BDEC028B30BC00F0E8B875
:104CF0000093DDED006AB7EE006A76EE866AF4EEA8
:104D0000466AF1EE10FAEDD19FED516BB4EEC67B21
:104D1000F1EE10FA57D99FED506BB4EEC67BF1EE71
:104D200010FA7FF571AF02B0BDEC028B30BC00F021
:104D3000C1B8C2F3C7517E2911DD962954DC012088
:104D4000C1F1960100FA01F1481E104207D111424B
:104D500014BF01200020000424F0004494E700EE7A
:104D6000103A02B0BDEC028B30BC00F0C1B8002993
:104D700052D0B3F17E5F2CD06400B4F17F4F2ED8B7
:104D8000B1F17F4F2BD1B4F1FE4F4BD0B4F1FE4FB8
:104D90006FEA020234BF00240124D20F94424CD0A7
:104DA0009FED320A5DE7002B20EE000A1EDB00209B
:104DB00000293AD1002ABFF654AF02B0BDEC028BF5
:104DC00030BC00F083B802B0BDEC028B30BC00F008
:104DD0006BB882F48002520012F5000F22D907EE60
:104DE000903A37EEA00A3CE70020B5E7C2F3C7537C
:104DF000A3F17F001728DAD8C3F19600012303FA44
:104E000000F0441E1442D2D11040D1D0B1EE400A7D
:104E10001846CDE70029AFD184F48002520012F584
:104E2000000FDCD8B7EE000A1BE7002ABFF619AF67
:104E3000F7EE007A87EE800A13E720EEA00A10E76B
:104E400071D5D1FFFFFF5F40E2AAA3FFFFFF5F40E4
:104E50000000000000C062C00000000000A062C0AE
:104E6000B8040020800200200000004B0000000079
:104E700010B582B08DED010A044602F0EBFB9DED0A
:104E8000010A046002B010BD30B1F1EE407A27EEA5
:104E9000800A2220FFF7ECBFF0EE407A27EE800A6E
:104EA0002220FFF7E5BF00BF9FED010AFFF7ECBF2F
:104EB000000000109FED010AFFF7E6BF0000201A76
:104EC0009FED010AFFF7E0BF000000709FED070AA9
:104ED000FFEE007AB7EE007A00284FF0220047FE7E
:104EE000277A87EE800AFFF7C3BF00BF00000000EB
:104EF00070EE407AB4EE400A87EEA77AF1EE10FA2F
:104F0000B0EE470A02D62120FFF7B2BF704700BFBC
:104F100080F0004002E000BF81F0004142001FBF6E
:104F20005FEA410392EA030F7FEA226C7FEA236C77
:104F30006AD04FEA1262D2EB1363C1BFD21841406C
:104F400048404140B8BF5B42192B88BF704710F002
:104F5000004F40F4000020F07F4018BF404211F0A5
:104F6000004F41F4000121F07F4118BF494292EA0D
:104F7000030F3FD0A2F1010241FA03FC10EB0C0039
:104F8000C3F1200301FA03F100F0004302D54942C6
:104F900060EB4000B0F5000F13D3B0F1807F06D373
:104FA00040084FEA310102F10102FE2A51D2B1F16B
:104FB000004F40EBC25008BF20F0010040EA030060
:104FC0007047490040EB0000013A28BFB0F5000FE0
:104FD000EDD2B0FA80FCACF1080CB2EB0C0200FA96
:104FE0000CF0AABF00EBC25052421843BCBFD040E5
:104FF0001843704792F0000F81F4000106BF80F45F
:1050000000000132013BB5E74FEA41037FEA226C21
:1050100018BF7FEA236C21D092EA030F04D092F0EC
:10502000000F08BF0846704790EA010F1CBF002020
:10503000704712F07F4F04D1400028BF40F000407D
:10504000704712F100723CBF00F50000704700F09D
:10505000004343F0FE4040F4000070477FEA2262C4
:1050600016BF08467FEA23630146420206BF5FEA95
:10507000412390EA010F40F4800070474FF0000395
:1050800004E000BF10F0004348BF40425FEA000C5C
:1050900008BF704743F0964301464FF000001CE004
:1050A00050EA010208BF70474FF000030AE000BF5A
:1050B00050EA010208BF704711F0004302D5404298
:1050C00061EB41015FEA010C02BF8446014600200A
:1050D00043F0B64308BFA3F18053A3F50003BCFA25
:1050E0008CF2083AA3EBC25310DB01FA02FC6344D2
:1050F00000FA02FCC2F12002BCF1004F20FA02F2D9
:1051000043EB020008BF20F00100704702F12002CB
:1051100001FA02FCC2F1200250EA4C0021FA02F22C
:1051200043EB020008BF20EADC7070477BB972B91C
:105130000029BEBF00204FF0004106E008BF002854
:105140001CBF6FF000414FF0FF3000F0BBB9ADF174
:10515000080C6DE904CE002909DB002B1ADB00F0F6
:105160004DF8DDF804E0DDE9022304B07047404269
:1051700061EB4101002B1BDB00F040F8DDF804E09F
:10518000DDE9022304B0404261EB4101524263EB8E
:1051900043037047524263EB430300F02FF8DDF8FE
:1051A00004E0DDE9022304B0404261EB41017047B5
:1051B000524263EB430300F021F8DDF804E0DDE93F
:1051C000022304B0524263EB4303704753B94AB918
:1051D000002908BF00281CBF4FF0FF314FF0FF30FF
:1051E00000F070B9ADF1080C6DE904CE00F006F8DE
:1051F000DDF804E0DDE9022304B070472DE9F04753
:10520000089E0D4604460F46002B4AD18A4294461A
:1052100065D9B2FA82F343B102FA03FCC3F120026A
:105220009F4020FA02F217439C404FEA1C4E1FFA9F
:105230008CF5B7FBFEF1220C0EFB117742EA074218
:1052400001FB05F090420AD91CEB020201F1FF3785
:1052500080F01C81904240F2198102396244121A96
:10526000A4B2B2FBFEF00EFB102244EA024400FBA3
:1052700005F5A5420AD91CEB040400F1FF3280F0C9
:105280000781A54240F204816444023840EA0140AB
:10529000641B00211EB1DC400023C6E90043BDE8C9
:1052A000F0878B4208D9002E00F0ED800021C6E97E
:1052B00000050846BDE8F087B3FA83F1002949D11B
:1052C000AB4202D3824200F2F880841A65EB0302FB
:1052D00001201746002EE2D0C6E90047DFE702B9F9
:1052E000FFDEB2FA82F3002B40F090808A1A4FEA78
:1052F0001C471FFA8CFE0121B2FBF7F507FB1520B6
:10530000220C42EA00420EFB05F0904208D91CEB49
:10531000020205F1FF3802D2904200F2CB804546EE
:10532000121AA4B2B2FBF7F007FB102244EA0244BF
:105330000EFB00FEA64508D91CEB040400F1FF3269
:1053400002D2A64500F2BB801046A4EB0E0440EA50
:1053500005409FE7C1F120078B4022FA07FC4CEA89
:10536000030C05FA01F420FA07F3FD404FEA1C494B
:105370002343B5FBF9F81FFA8CFE09FB18551C0CEA
:1053800044EA054408FB0EF5A54202FA01F200FAD0
:1053900001F00BD91CEB040408F1FF3A80F088807F
:1053A000A54240F28580A8F102086444641B9DB2C6
:1053B000B4FBF9F309FB134445EA044403FB0EFE76
:1053C000A64508D91CEB040403F1FF356CD2A645B1
:1053D0006AD9023B644443EA0843A3FB0295A4EB69
:1053E0000E04AC42C846AE4656D353D056B1B0EBCD
:1053F000080264EB0E0404FA07F7CA40CC401743D6
:10540000C6E9007418460021BDE8F087C3F1200109
:1054100002FA03FC20FA01F225FA01F19D402A4329
:105420004FEA1C471FFA8CFEB1FBF7F007FB101583
:10543000110C41EA054100FB0EF58D4204FA03F41C
:1054400008D91CEB010100F1FF382FD28D422DD974
:1054500002386144491B92B2B1FBF7F507FB151105
:1054600042EA014205FB0EF1914208D91CEB02020F
:1054700005F1FF3816D2914214D9023D6244521A06
:1054800045EA004138E73146304608E73946E6E666
:105490001046FBE64845A9D2B9EB020865EB0C0EB5
:1054A000013BA3E74546EAE72B4694E74046D1E7B0
:1054B000D0467BE7023D624432E708460AE764448F
:1054C000023842E7704700BF002101F057BC00BF1F
:1054D0000A22002101F006BD034B1B5C03F003030D
:1054E000022B08BF2038704705360020024B0146CA
:1054F000186800F00BB800BF24CA0020024B014618
:10550000186802F0CFBB00BF24CA00202DE9F04F7D
:1055100001F10B06162E83B0044624D8102900F2A0
:10552000BA8000F0A3FA102618220220B54F3A44A0
:10553000A2F1080153688B4200F0BA805A68D9681A
:1055400022F003021A449D68E9608D60516841F0C1
:1055500001012046516003F1080500F08DFA28464C
:1055600003B0BDE8F08F36F0070600F19480B14239
:1055700000F2918000F07AFAB6F5FC7FC0F09A81D3
:10558000730A00F08F80042B00F26F81B30903F1DE
:10559000390003F1380CC3009A4F3B44A3F10805CE
:1055A0005B689D4206D10CE0002980F22781DB6810
:1055B0009D4206D05A6822F00302911B0F29F3DDA9
:1055C00060463D69DFF850C265457CD06A6822F0CC
:1055D0000302931B0F2B00F37B81002BC7E904CC44
:1055E00080F26C81B2F5007F80F01A81D30879686F
:1055F00001334FEA521E012202FA0EF20A4357F813
:1056000033E0C5F808E007EBC3010839E9607A60C8
:1056100047F83350CEF80C50831001219940914245
:1056200057D8114206D120F003004900114200F181
:105630000400FAD007EBC0094D468646D5F80C8029
:10564000454508D11DE1002B80F22481D8F80C805B
:10565000454500F01681D8F8042022F00302931B80
:105660000F2BF0DD2046D8E9025408EB060146F086
:105670000106C8F80460EC60A56043F00104C7E9C6
:105680000411C1E902CC4C6048F8023000F0F4F992
:1056900008F1080502E00C2323600025284603B02A
:1056A000BDE8F08F4FF4007340204FF03F0C73E7DC
:1056B000D3689A4208BF02307FF440AF3D69DFF8FB
:1056C00058C1654582D17A68831001219940914281
:1056D000A7D9BD686B6823F003094E4503D8A9EB31
:1056E00006030F2B7ADCDFF834B1474BDBF80020E0
:1056F0001B680132334405EB090A00F0338103F5DE
:1057000080530F3323F47F6828F00F08414620466A
:1057100001F078FF411C024600F0F380824500F260
:10572000EE803A4B196841441960084600F04E81FA
:10573000DBF80010019301311BBFA2EB0A0109182D
:10574000CBF80020196012F0070B00F01781CBF1A5
:1057500008010A44CBF5805190440831A1EB0801BF
:10576000C1F30B0A51462046009201F04BFF421C48
:10577000DDE9002300F04F81801A00EB0A08196868
:10578000BA6048F001005144BD425060196000F019
:105790002981B9F10F0F40F227816868A9F10C0C3B
:1057A0002CF0070C00F0010040EA0C0068604FF09C
:1057B000050E05EB0C00BCF10F0FC0E901EE00F285
:1057C000328150681546124B1A688A4238BF1960F8
:1057D000104B1A688A4238BF196094E0AA1943F046
:1057E000010346F001066E602046BA60536000F087
:1057F00043F90835284603B0BDE8F08FD9681A444C
:10580000A1E600BF08C60020FC830120CC83012054
:10581000F4830120F883012010C6002010CA002064
:10582000B2F5206F4FEA522363D3142B00F2B780F6
:1058300003F15C01C9005B3307EB010E7958AEF14F
:10584000080E8E4500F091804B6823F003039342CD
:1058500002D989688E45F7D1D1F80CE07A68C5E99C
:10586000021ECEF80850CD60D6E6142B59D9542B21
:1058700000F29D80330B03F16F0003F16E0CC30047
:105880008AE60EF1010E1EF0030F05F108057FF404
:10589000D5AE51E0424445465368D8F80C1043F069
:1058A0000103536055F8083F2046D9608B6000F033
:1058B000E3F8F3E6F00806F1080237E62A4420464A
:1058C000536843F001035360083500F0D5F8E5E66E
:1058D000A919204646F0010643F001046E60C7E9AD
:1058E0000411C1E902CC4C60AB5000F0C5F808359A
:1058F000D4E6930903F13901C90038339CE7BD426E
:105900005FD0BD68686820F003084645A8EB060331
:1059100002D80F2B3FF762AF204600F0ADF800250C
:10592000BCE603F15C0003F15B0CC30034E659F8FC
:1059300008394B4540F0968010F0030F00F1FF301E
:10594000F5D17B6823EA01037B60490099423FF669
:10595000C0AE19B9BDE649000EF1040E1942FAD0E5
:10596000704667E603F11008D0E69A104FF0010880
:105970007B6808FA02F21A437A6070E702EB0801CA
:105980004942C1F30B0A51462046009201F03AFE0B
:10599000431CDDE900237FF4EFAEDA46EFE6542B3B
:1059A00025D8130B03F16F01C9006E3344E7B3F53B
:1059B000AA7F25D8F30B03F1780003F1770CC3001D
:1059C000EAE5294B186840441860B1E6CAF30B0CAD
:1059D000BCF1000F7FF4ACAEBD68C84448F00100D4
:1059E0006860F0E61546EEE60123536094E7B3F5F0
:1059F000AA7F23D8D30B03F17801C90077331BE7C3
:105A000040F25452934223D8B30C03F17D0003F1CA
:105A10007C0CC300C0E5ABF1080BD844A8EB02082E
:105A20004FF0000AABE605F108012046009302F0B2
:105A300039F9BD68009B68681968C4E640F25451A2
:105A40008B420BD8930C03F17D01C9007C33F3E644
:105A50004FF47E737F204FF07E0C9DE54FF47E71F6
:105A60007E23E9E67B6870E7CC830120014801F0E2
:105A7000EBBF00BFC4830120014801F0E7BF00BFB6
:105A8000C483012010B4044C03460A4620685DF824
:105A9000044B194600F002B824CA00202DE9F84F43
:105AA0001746002900F098800C4607F10B05804648
:105AB000FFF7DCFF162D54F8041C5BD810252A468E
:105AC000AF425CD821F003069642A4F1080962DADD
:105AD000BC4BD3F808C009EB0600844500F0978062
:105AE000D0F804C02CF0010303445B68DB0768D4E2
:105AF0002CF0030C06EB0C03934247DACB0710D4CF
:105B000054F8083CA9EB030ADAF8043023F0030147
:105B10008C44B444944580F211817318934280F20E
:105B2000E88039464046FFF7F1FC0746E0B154F8FB
:105B3000043C23F001034B44A0F10802934200F01F
:105B4000D280321F242A00F2F580132A00F2AC80A2
:105B500003462246116819605168596092689A603C
:105B60002146404602F09EF84046FFF785FF384642
:105B7000BDE8F88F25F00705002D2A46A0DA0C2392
:105B8000C8F8003000273846BDE8F88F1E46D0E937
:105B90000223D3609A60731B0F2B22D8D9F80430EC
:105BA00003F0010333434E44C9F80430736843F0F3
:105BB0000103736040462746FFF75EFF3846BDE8A5
:105BC000F88FC907ADD454F8083CA9EB030ADAF8FA
:105BD000041021F00301A0E7BDE8F84F1146FFF7DC
:105BE00095BCD9F8042009EB050102F001024E44EE
:105BF00043F001032A43C9F804204B60736843F063
:105C0000010308317360404602F04CF8D2E7DCF83B
:105C1000040020F0030B06EB0B0C05F1100084458B
:105C20004DDAC9073FF57DAF54F8081CA9EB010A0E
:105C3000DAF8041021F003018B44B34458453FF7D0
:105C40006CAF5746DAF80C1057F8080F321F242AA9
:105C5000C160886000F2DB80132A40F2D6802168A0
:105C6000CAF808106168CAF80C101B2A00F2DF801D
:105C700008340AF110022168116061685160A1685E
:105C800091600AEB0501ABEB050242F0010299605D
:105C90004A60DAF8043003F001032B434046CAF8A7
:105CA0000430FFF7E9FE6EE7236803606368436032
:105CB0001B2A68D804F1080200F108034AE709EB3F
:105CC00005029A60ACEB050343F00103536054F8FE
:105CD000043C03F001032B43404644F8043CFFF727
:105CE000CBFE27464FE750F8043C23F003031E4445
:105CF00051E75746DAF80C1057F8080F321F242ADC
:105D0000C16088604CD8132A48D92168CAF80810A5
:105D10006168CAF80C101B2A56D808340AF1100220
:105D20001E462368136063685360A3689360D1467E
:105D30003C4630E7214601F08BFA11E7D0E9021327
:105D40005746CB60996057F8081FDAF80C30CB60E3
:105D5000321F242A99602DD8132A29D92368CAF81A
:105D600008306368CAF80C301B2A42D808340AF19C
:105D7000100322681A6062685A60A2689A606646D8
:105D8000D1463C4607E7A3688360E368C360242AE2
:105D900026D004F1100200F11003DBE63A46BFE71B
:105DA000214638461E46D14601F052FA3C46F2E6FC
:105DB0003B46DEE7214638466646D14601F048FAC2
:105DC0003C46E8E608C60020A168CAF81010E16861
:105DD000CAF81410242A20D010340AF118029FE7C0
:105DE000236903616169416104F1180200F118033C
:105DF000B0E6A368CAF81030E368CAF81430242A61
:105E000021D010340AF11803B3E73A4633E72146AC
:105E1000384601F01DFA164B33E72269CAF81820FC
:105E20006269CAF81C2018340AF1200278E7A168D8
:105E3000CAF81010E168CAF81410242A0DD01034E2
:105E40000AF1180217E72369CAF818306369CAF81B
:105E50001C3018340AF120038BE72269CAF8182095
:105E60006269CAF81C2018340AF1200203E700BF57
:105E700008C600200CB410B51F4B00291C689CB04C
:105E800035DB4FF40273ADF81430029006901FAB6F
:105E900018D001394FF6FF7204910791ADF8162022
:105EA00002A91E9A0193204602F02AFC421C01DA44
:105EB0008B232360029B00221A701CB0BDE81040A7
:105EC00002B070474FF6FF7204910791ADF81620AB
:105ED00002A91E9A0193204602F012FC431C01DA2B
:105EE0008B2323601CB0BDE8104002B070478B23A9
:105EF00023604FF0FF30F5E724CA002000000000C7
:105F00002DE9F04F2DED108B97B08A4600210792B6
:105F1000129100220021CDE90412804651461191D0
:105F20000F4611F8012B2D2A5ED801A050F822F05F
:105F3000912B0300A92A0300A92A0300A92A030020
:105F4000A92A0300A92A0300A92A0300A92A0300F9
:105F5000A92A0300DF290300DF290300DF2903004A
:105F6000DF290300DF290300A92A0300A92A03006F
:105F7000A92A0300A92A0300A92A0300A92A0300C9
:105F8000A92A0300A92A0300A92A0300A92A0300B9
:105F9000A92A0300A92A0300A92A0300A92A0300A9
:105FA000A92A0300A92A0300A92A0300A92A030099
:105FB000DF290300A92A0300A92A0300A92A030054
:105FC000A92A0300A92A0300A92A0300A92A030079
:105FD000A92A0300A92A0300A92A0300CB31030040
:105FE000A92A0300B731030000210991302A7DD08E
:105FF000002308932F2A144640F2CD844FF0000965
:1060000038464E464D4612E00130082D1190C8BF6B
:1060100009EB89090478C6BF02EB4902A2F13009F5
:10602000A3F130062F2C05F1010522466FDD06EBAA
:106030008603392C02EB4303E6DD9F49012201F080
:10604000F5F9002837D1119B1A4601331193547882
:10605000002D40F04385302C40F02485C3F101022F
:106060009818013311931C78302CF9D0A4F1310326
:10607000082B00F20183119F431CA4F1300B0B93FA
:106080000125BC464FF0000E06EB86060BEB4606DC
:1060900000200CF1010311939CF80140A4F13001A0
:1060A000092900F2BB8201308B46002940F04F8461
:1060B000DDF844C0EDE70020652CAE460B90844629
:1060C00001D0452C30D1002D6BD1089B034367D103
:1060D000079B9FED778B13B1079BC3F800A0B0EE31
:1060E000480B17B0BDEC108BBDE8F08F7A7802F04A
:1060F000DF02582A00F00C84013711973A78302AD1
:10610000FAD0002A00F0B7800123089372E76A49A9
:10611000012201F08BF9002800F0C080AE464FF05C
:10612000000CCDF82CC060464FF0000B002D7ED047
:1061300007EE906A0B9BB8EE677BABEB0303BEF1F7
:10614000000F08BFAE46102D0A932B46A8BF1023A0
:10615000092D8DED047B0CDD584A02EBC30212EDD4
:10616000125B06EE909AB8EE666BA7EE056B8DEDAE
:10617000046B0F2D00F3A8800A9A002A00F0E48334
:106180000A9A40F33C83162A40F398840A99C5F191
:1061900025028A4280F2A6840A9AEB1A134499E0F7
:1061A0000025DDF844A00AF1010311939AF801409B
:1061B0002B2C00F05E822D2C00F0F78100230A9337
:1061C000A4F13003092B00F2EB81302C05D1119B97
:1061D000013311931C78302CFAD0A4F13103082B31
:1061E000A2D8119A0C92531C1193A4F1300B54783D
:1061F0002F2C07DCDEE3013311934C782F2CA2F116
:10620000300B06DD0BEB8B02392C194604EB4202F6
:10621000F1DD0C9A9B1A082B40F3CC8344F61F6BDC
:106220000A9B002B82D0CBF1000B002D80D1089B64
:10623000034320D1BCF1000F7FF44AAF692C00F07A
:10624000CF8300F3F382492C00F0CA834E2C7FF4F5
:106250003FAF1B4911A802F047F900283FF438AFBF
:10626000119B1B78282B00F0F284164801F0BCFC2F
:10627000B0EE408B01E09FED0E8B079A0AB1119BA7
:106280001360099B002B3FF42AAFB1EE488BB0EEB0
:10629000480B17B0BDEC108BBDE8F08F119B0B9035
:1062A0005A1C11925C78AE46F8E600BFAFF300804E
:1062B0000000000000000000DC1E0020F0030020B1
:1062C00014AA0020B42F00200A9AEB1A1344002BC2
:1062D00040F3B08213F00F010AD0C34A02EBC102AF
:1062E0009DED046B92ED007B27EE067B8DED047B2C
:1062F00033F00F0240F038820023089300962B46BB
:1063000072463946404605F047FC8146002800F0B9
:10631000E1820B9BA3EB0B0B0A9B9FEDA9EB002BE0
:106320009FEDA9CB9FEDAADB9FEDABBBB4BF5A4657
:1063300000224FF0000A23EAE3730B920C935446B9
:10634000D9F80410404605F0A5FB0646002800F0E9
:106350000E81D9F810209DED048B0232920009F1D4
:106360000C010C30F8F76AFFB0EE480B14AA13A921
:10637000404605F0CDFF1290002800F0E480012196
:10638000404605F0B1FC0446002800F0F080139A66
:10639000002AC0F2DE800B9B0C9F02EB030B089BD4
:1063A000149DD21A2A44914B013A9A42C5F13605FE
:1063B00080F29880991A1F29A5EB010500F3E3806C
:1063C000012202FA01F30D9300230E932F44089B40
:1063D0005D44AB455A461F44A8BF2A46BA42A8BFEF
:1063E0003A46002A03DDAD1ABF1AABEB020B0B9B3A
:1063F000002B00F38880002D00F39C800A9B002B6B
:1064000000F3B780002F00F3A980BBF1000F08DD77
:1064100021465A46404605F0A3FD0446002800F0F8
:10642000A68012993246404605F034FE8246002886
:1064300000F09D800023C568C360214605F008FE7A
:106440000028C0F2C78300F061832146504605F062
:10645000C9FFB0EE007BB4EEC70BF1EE10FA46D8E0
:10646000002D00F0CB80B7EE009B0598604B00221A
:106470006049DFF884C100EA0107674500F0D48075
:10648000089959B1B7F1D46F08D8B4EECB9BF1EEAF
:1064900010FA40F2568103F1D661CB1BB0EE480BE7
:1064A00043EC1A2B05F0A0FEAAEE008B8DED048BB9
:1064B00018EE903A089A22B94E4A1A40974200F0D4
:1064C000E4801299404605F00BFB3146404605F04A
:1064D00007FB2146404605F003FB5146404605F0C8
:1064E000FFFA2DE701230021CDE90D316EE7B6EE6D
:1064F000009B20EE099B002D5FD1B1EE497B0598F2
:1065000053EC172BB4E721461A46404605F0C8FC69
:10651000044660B30146129A404605F013FC30B3BE
:106520000F901299404605F0DBFA0F9A1292002D57
:106530007FF764AF12992A46404605F011FD12908C
:1065400000287FF45BAF22239FED258BC8F8003035
:10655000BCE00C9BDDF82CB09F1A20E731463A4690
:10656000404605F0FDFC064600287FF44EAF129829
:10657000E9E731460C9A404605F092FC06460028B1
:106580007FF440AFF3E7C2F17F4202F57F0202F5EC
:106590007B420121E23201FA02F3CDE90D1315E746
:1065A000CDF844A04FF0000BC0E501230A930AF197
:1065B000020311939AF8024002E6B0EE497B9EE78F
:1065C0009535A094FFFFCF3F9535A094FFFFDF3FA7
:1065D00035E5AF350000E03F0000C0FFFFFFDF41C1
:1065E000000000000000F07FF003002002FCFFFF2D
:1065F0000000F03F0000F07F0000E07FDDE90412C2
:10660000002900F08580DDE90412012900F0D8811D
:106610001046B74BB7EE009B002229E7652C4FF0E0
:10662000010C3FF4BEAD4CE543EC1A2BA0F15473C2
:1066300005939DED04FBB0EE4F0B05F0D5FDAD4984
:10664000AAEE00FB1FEE903AAB4A194091428DED45
:1066500004FB72D9A94B18EE902A9A4203D118EE86
:10666000103A013383D0A54A4FF0FF33CDE904320D
:1066700027E700230A939AE7652C00F0D080452C89
:1066800000F0CD804FF0010CD1E551EC190B0D93CA
:1066900009F03AFC09F00AFC049B1D430D9B41ECF8
:1066A000170BC3F313031D4339EE479B00F0A08083
:1066B000B4EECC9BF1EE10FA05D4B4EECD9BF1EE26
:1066C00010FA7FF7FEAE9DED048B1298014640460E
:1066D00005F006FA3146404605F002FA21464046EA
:1066E00005F0FEF94946404605F0FAF951464046A4
:1066F00005F0F6F9C1E501220992791C11917A7829
:10670000002A3FF4E5AC0F4670E400220992F4E75A
:10671000C2F313031046002B7FF47BAFB7EE007B70
:10672000B4EEC70BF1EE10FA00F1D381B6EE009B88
:1067300020EE099BB1EE497BE2E603F15473059329
:10674000B8E6BCEEC99B19EE103A012B38BF012305
:1067500009EE103AB8EE499B002D40F03E81B1EEB3
:10676000497B53EC172B96E6B2F59A7F00F3B28083
:10677000102A4FEA221340F38682614C9DED047B80
:1067800000202246014613F0010F01F101014FEAFA
:10679000630304D092ED006B012027EE067B012BF2
:1067A00002F10802EFD108B18DED047B059BA3F146
:1067B0005473059304EBC1049DED046B94ED007BD1
:1067C0004C4B27EE067B17EE902A4E4913408B4226
:1067D0008DED047B7ED8A1F580118B4240F2D681ED
:1067E000464C4FF0FF33CDE904340023089385E590
:1067F000B4EECE9BF1EE10FA7FF563AE63E716328E
:10680000FFF662AD0B9BA3EB0B0B3F4B03EBCB03F4
:1068100093ED007B9DED046B86EE078B2DE54FF02D
:10682000000ECDF82CE04FF0010C4EE46E2C3FF43E
:1068300010AD4DE43FF460AD5B4213F00F010AD0A0
:10684000314A02EBC1029DED046B92ED007B86EEB6
:10685000077B8DED047B1B113FF44EAD1F2B33DC0A
:1068600013F0100218BF6A229DED047B0892274A9C
:106870000021D80704D592ED006B012127EE067B9D
:106880005B1002F10802F4D109B18DED047B089B85
:1068900093B1DDE90401C1F30A52C2F16B03002B8D
:1068A0000ADD1F2B40F32F820020342B049040F38D
:1068B00040824FF05C7305939DED047BB5EE407B09
:1068C000F1EE10FA7FF41AAD22239FED058BC8F884
:1068D0000030D2E422239FED048BC8F80030CCE4D2
:1068E0000000000000000000000000000000F07F39
:1068F0000000F0BF0000F07FFFFF9F7CFFFFEF7FF5
:10690000C80300200000A07CF0030020E005002068
:106910000293099B019312AB0093A74A13AB11A9F1
:10692000404601F017FB10F00F0504463FF4A3ACFE
:10693000062D74D1079B9FED9A8B0137002B3FF4F6
:10694000CEAB1F60FFF7CBBB9DED048B95E40B9B9B
:10695000DDF844C003440B93012805F101031A46F6
:1069600014D02844441E03E046009C420DD001335D
:106970002A46082A1D4606EB8600F5D9102BDCBFF7
:1069800009EB89094FEA4909EFE70232082D3CDC9F
:106990001546FFF779BB89490122384600F046FDCC
:1069A000002800F082804FF0000EF14676467546D2
:1069B000FFF7B5BB44F61F639B45A8BF9B462FE47A
:1069C000DDE904231846002B7FF423AE22239FED3C
:1069D000748B1298C8F8003078E6B0EE497BC0E6B8
:1069E000774911A801F080FD00283FF471AB119B9D
:1069F0007449013B11A8119301F076FD10B9119B68
:106A0000013311939FED688B37E4102ADCBF09EB4B
:106A1000890901EB490915460020FFF73ABB129A94
:106A20003AB1352114A805F00FFD1299404605F042
:106A300057F8013D139B042D00F28F81DFE805F02C
:106A4000032D2A1F0300149A049203F23342159B6C
:106A500023F4801343EA02530593E50502D543F07E
:106A600000430593584A1A409DED048B002A7FF499
:106A700004AC00F0EFFD22230360FFF7FEBB4FF0F4
:106A8000FF336FF00046CDE90436E3057FF55CAFD8
:106A9000059BE4E74C4B0593F7E7149B0493159B88
:106AA0000593DAE70020FFF7E1BA119B1A4601339C
:106AB0001193547806468146FFF7CDBA434B03EB5A
:106AC000C20393ED008B9DED047B28EE078BFFF74F
:106AD000D4BBBEEE007BB6EE009B11E5AE460B903C
:106AE000FFF7DCBA394BC5F10F054A1B03EBC505AF
:106AF00003EBC20395ED008B93ED007B9DED046BE2
:106B000028EE068B28EE078BFFF7B7BB002D00F0B1
:106B10009580DDE904BC2E4BCCF31301994262460B
:106B200000F0D2800E9B002B00F0A580DDE904125E
:106B3000134217461AD0B0EE480B002D00F0A68085
:106B400005F052FB089B7BB1C7F30A53C3F16B03FB
:106B5000002B09DD1B0503F17F51002001F54011D9
:106B600041EC170B20EE070B38EE008B089B5BB156
:106B70009FED0F7B144B28EE078B18EE902A1340E5
:106B800013B92223C8F8003012989FE502F154731C
:106B9000059300230893FFF7B1BB00BFAFF300805C
:106BA0000000000000000000000000000000F07F76
:106BB000000000000000503988A50020DC1E0020E5
:106BC00090370020943700200000F07FF003002071
:106BD000FFFF0F00DDE904120D43C7D1C2F3130319
:106BE0001746002BC2D122F000431B0D1B05B3F149
:106BF000D66FBBD9DAF814301BB9DAF81030012B94
:106C0000B4DD51460122404605F0AAF921468246EC
:106C100005F01EFA0028A9DD089B002B7ED1504B01
:106C20003B40A3F580136FEA13536FEA03530593B8
:106C30004FF0FF3304939DED048B97E7DDE90412D9
:106C4000C2F313030B4317467FF46CAFE4E74549E7
:106C500011A814AA01F064FC05287FF406AB159B6B
:106C600043F0FF4343F4E0030593149B04939DED2D
:106C7000048BFFF702BBDDE904010D9B03423FF4E7
:106C800075AF0F4657E7384C00218FE505F0ACFA99
:106C9000089B002B55D0C7F30A53C3F16B03002B9D
:106CA00009DD1B0503F17F5101F54011284641EC38
:106CB000170B20EE070B38EE408BB5EE408BF1EE54
:106CC00010FA7FF455AF81E6089B04991BB3244B5F
:106CD0001340B3F1D46F1ED81B0DC3F16B034FF0FB
:106CE000FF3000FA03F399427FF41CAF1F4B9A4226
:106CF00030D01B4B134003F58013059300230493FE
:106D00009DED048B32E74FF0FF3202FA03F3049A51
:106D10001A400492D0E54FF0FF33E4E7104B3B40BC
:106D2000B3F1D66F3FF77DAFB3F15C7F3FF720AF94
:106D30004CE6C2F14B024FF0FF3393400B400593FA
:106D4000BAE538EE408BB5EE408BF1EE10FA7FF4E9
:106D50001BAF3BE60131CCD109E400237DE600BF47
:106D60000000F07F9CA50020C8030020FFFFEF7FFC
:106D7000014BFFF7C5B800BF9CC4002010B4054C00
:106D8000054B84460A4620685DF8044B6146FFF7D0
:106D9000B7B800BF24CA00209CC40020012B2DE9F5
:106DA000F84F40D0242B98463DD84C4D8E46764621
:106DB0001EF801BB15F80B4014F00804F7D1BBF125
:106DC0002D0F72D0BBF12B0F08BF9EF800B06FF0F3
:106DD000004908BF06F1020E002B42D0102B57D0FD
:106DE000B9FBF8F700252E4608FB179A05E033D0CB
:106DF00008FB06C601251EF801BBABF1300CBCF147
:106E0000090F06D9ABF1410CBCF1190F12D8ABF147
:106E1000370C634517DDB5F1FF3FECD0B742E6D242
:106E20004FF0FF35E7E700F015FC16230360002064
:106E3000BDE8F88FABF1610CBCF1190F03D8ABF1D1
:106E4000570C6345E7DC6B1C27D08CB90AB1A5BB96
:106E500011603046BDE8F88FE245C9DA4FF0FF35E2
:106E6000C9E7BBF1300F05D04FF00A084346B7E73A
:106E70007642EBE79EF8003003F0DF03582B21D178
:106E80004FF010089EF801B043460EF1020EA7E73E
:106E9000BBF1300F1AD09846A2E72223036072B1EB
:106EA0000EF1FF314E461160D3E79EF800B04FF06F
:106EB000004906F1020E01248EE7B146F0E74E4686
:106EC0003046C7E74FF00808434689E79EF8005070
:106ED00005F0DF05582DD3D0984681E70536002010
:106EE000FFF75CBF10B4054C8446134620685DF87C
:106EF000044B0A466146FFF751BF00BF24CA002079
:106F00000EB410B59DB06FF000411FABCDE9060186
:106F10000491094953F8042B0290084C0868019326
:106F200002A9059401F0ECFB029B00221A701DB02F
:106F3000BDE8104003B0704724CA00200802FFFFDC
:106F40000EB410B59FB021AC4FF4017154F8042B6E
:106F50000192ADF81C100490089000F091FD05908E
:106F600009900B480B490C9100234FF6FF7C1093BE
:106F70001593019A0068ADF81EC0234604A9039436
:106F800003F060F91FB0BDE8104003B0704700BFC8
:106F900024CA00207D3A030010B50C46B1F90E104A
:106FA00000F014FB002803DB236D0344236510BDB0
:106FB000A38923F48053A38110BD00BF0020704734
:106FC0002DE9F0410C46B1F90C101F46CB050546E2
:106FD00016460BD421F48051A1813B46B4F90E1022
:106FE00032462846BDE8F04100F01EBBB4F90E1051
:106FF0000223002200F0CEFAB4F90C10EAE700BF39
:1070000010B50C46B1F90E1000F0C4FAA389421C69
:107010000EBF23F4805343F480532065A38110BD39
:10702000B1F90E1000F0A4BA024A0349034800F077
:10703000BBB800BF18CA0020C98F0300D0B200201F
:107040000C4B4168994210B5044601D005F05CFA3A
:10705000A168094B994202D0204605F055FAE16833
:10706000064B994204D02046BDE8104005F04CBACA
:1070700010BD00BF0084012068840120D08401205D
:107080002DE9F8432A4C2B4B2B48DFF8C090DFF852
:10709000C0802A4F1860002504230822294604F1E5
:1070A0005C00274E6566C4E90253C4E90055C4E993
:1070B0000455A56100F048F9224B63670822294670
:1070C00004F1C400C4E90749C4E90987C4E91A55B1
:1070D000C4E91E55C4F8CC502567C4F88050E66258
:1070E00000F032F9184BC4F8DC30294604F168038B
:1070F000082204F59670C4F88430C4E92298C4E9E3
:107100002476C4E93455C4E93855C4F83451C4F878
:10711000D850C4F8E85000F017F904F1D003C4E9DE
:107120003C98C4E93E76C4F8EC30BDE8F88300BF73
:107130000084012038850120E93A0300C13A0300A8
:10714000E13A03000900010012000200593A03006D
:10715000813A030010B504460A4800F075FC636BE1
:1071600023B9094B094A1B68626323B1BDE810408B
:10717000044800F06BBCFFF783FFBDE810400148F6
:1071800000F064BCC883012038850120013B030066
:10719000014800F059BC00BFC8830120014800F03D
:1071A00055BC00BFC88301202DE9F84380460F4637
:1071B00016464FF00009D6E90154013D11D4A389C8
:1071C000012B05F1FF3508D9B4F90E300133214602
:1071D00003D04046B84749EA00096B1C04F1680433
:1071E000EDD13668002EE6D14846BDE8F88300BFF1
:1071F000032A70B514D940EA01039B0722D1044643
:107200000B46194620460E680568B54204F1040491
:1072100003F1040316D1043A032A20461946F0D894
:10722000541E9AB1421E013901E0C3180CD012F865
:1072300001EF11F801CFE645A4EB0203F5D0AEEB68
:107240000C0070BD541EEDE7184670BD104670BDB1
:1072500088420DD98B1883420AD900EB020CBAB1CF
:10726000624613F801CD02F801CD9942F9D1704779
:107270000F2A0ED8034602F1FF3C4AB10CF1010C73
:10728000013B8C4411F8012B03F8012F6145F9D122
:10729000704740EA01039B0750D1A2F1100370B57B
:1072A00001F1200C23F00F0501F1100E00F1100484
:1072B000AC441B095EF8105C44F8105C5EF80C5C92
:1072C00044F80C5C5EF8085C44F8085C5EF8045C0A
:1072D00044F8045C0EF1100EE64504F11004E9D107
:1072E000013312F00C0F01EB031102F00F0400EB5D
:1072F000031327D0043C24F003064FEA940C1E44E9
:107300001C1F8E465EF8045B44F8045FB442F9D15A
:107310000CF1010402F0030203EB840301EB84018E
:1073200002F1FF3C4AB10CF1010C013B8C4411F815
:10733000012B03F8012F6145F9D170BD02F1FF3C2B
:1073400003469BE72246EBE7830730B548D0541E3F
:10735000002A3FD0CAB2034601E0013C3AD303F809
:10736000012B9D07F9D1032C2DD9CDB245EA052576
:107370000F2C45EA054536D9A4F1100222F00F0C76
:1073800003F1200EE6444FEA121C03F1100242E919
:10739000045542E9025510327245F8D10CF1010250
:1073A00014F00C0F03EB021204F00F0C13D0ACF12D
:1073B000040323F003030433134442F8045B9342B1
:1073C000FBD10CF003042CB1C9B21C4403F8011B1F
:1073D0009C42FBD130BD64461346002CF4D1F9E742
:1073E00003461446BFE71A46A446E0E7830710B5F4
:1073F000044610D10268A2F1013323EA020313F01C
:10740000803F08D150F8042FA2F1013323EA020390
:1074100013F0803FF6D003781BB110F8013F002B2A
:10742000FBD100F08BFA204610BD00BF002A3ED0F1
:1074300040EA01039B0730B584462FD1032A2DD99A
:107440000B4608E0043A8446194625D01EF0803FDA
:1074500022D1032A22D90468194653F8045BA4F107
:10746000013EAC4284462EEA040E00F10400E9D04D
:107470009CF800000C78A0421BD1E64668B11EF8CB
:10748000010F11F8014FA2EB0E03A04203F1FF33ED
:107490000FD11CEB0303F1D1002030BD9CF800009C
:1074A0000C78844205D1012AF6D0E646E6E710467C
:1074B0007047001B30BD00BF40EA01039B0730B599
:1074C00001D1032A0FD8844601F1FF3E07E01EF8E0
:1074D000011F03F8011B541EC1B19C46224663469E
:1074E000002AF4D130BD0B468446194653F8045B9C
:1074F000A5F1013424EA050414F0803FE4D1043AF4
:10750000032A4CF8045B1946EFD8DDE79444002CBD
:10751000E8D003F8011B6345FBD130BD41EA00030D
:107520009B0715D10B68A3F1013222EA030212F086
:10753000803F0DD101F1040C40F8043B61465CF83A
:10754000043BA3F1013222EA030212F0803FF3D0A0
:10755000034611F8012B184603F8012B002AF8D135
:10756000704700BF014B93F8280170479CC400206E
:1075700038B5074D0022044608462A60F8F740FB5C
:10758000431C00D038BD2B68002BFBD0236038BDD6
:107590005085012038B50C46084D844611462046DA
:1075A0001A4600232B606446F8F736FB431C00D0D4
:1075B00038BD2B68002BFBD0236038BD50850120DF
:1075C00013460A460146022000F0C8BA38B50C46F8
:1075D000084D8446114620461A4600232B60644617
:1075E000F8F70CFB431C00D038BD2B68002BFBD0F8
:1075F000236038BD50850120B7EEC00A002305F096
:10760000D3B900BF38B5074D0022044608462A60AA
:10761000F8F7DAFA431C00D038BD2B68002BFBD0FA
:10762000236038BD5085012038B50C46084D84468E
:10763000114620461A4600232B606446F7F782FA6B
:10764000431C00D038BD2B68002BFBD0236038BD15
:1076500050850120014B1868704700BF24CA0020E4
:10766000A2EB0300704700BF02780B78012A28BF05
:107670009A42F5D16DE9044540EA0104CDE902677B
:107680006FF0000C4FEA447212B380EA010414F068
:10769000070F6AD100F0070420F0070004F003058B
:1076A00021F007014FEAC505F0E8042314F0040FA8
:1076B000F1E804670CFA05F462EA040266EA0406DB
:1076C0000AD063EA0403624667EA0407664603E0F9
:1076D000F0E80423F1E8046782FA4CF582EA060434
:1076E000A4FA8CF46CBB83FA4CF583EA0705A5FA7F
:1076F0008CF595B950E9022351E9026782FA4CF5FD
:1077000082EA0604A4FA8CF483FA4CF583EA0705AE
:10771000A5FA8CF52543DBD09CB92DBAB5FA85F4D2
:1077200024F0070427FA04F1DDE9026723FA04F3E1
:1077300003F0FF0001F0FF01FDE80445A0EB0100AC
:10774000704724BAB4FA84F424F0070426FA04F14A
:10775000DDE9026722FA04F202F0FF0001F0FF0106
:10776000FDE80445A0EB0100704714F0030F3CD185
:1077700010F0030428D150F8082B51F8083B82FA86
:107780004CF582EA0305A5FA8CF55DB950F8042C96
:1077900051F8043C82FA4CF582EA0305A5FA8CF50F
:1077A000002DE8D02DBAB5FA85F424F0070423FAA9
:1077B00004F122FA04F202F0FF0001F0FF01FDE8FB
:1077C0000445A0EB010070474FEAC40420F0030019
:1077D00050F8082B21F0030151F8083B0CFA04F48F
:1077E00062EA040263EA0403C9E710F003041AD052
:1077F000A1EB040120F00300E40750F8042B06D0AD
:107800000FD28B785FFAA2F4E41A06D12BB1CB78B1
:107810005FFAB2F4E41A00D11BB920465DF8104BB0
:10782000704701F1040150F8042BCC0721F003014B
:1078300051F8043B48D824D222F07F4482FA4CF518
:1078400094EA1325A5FA8CF50AD165B951F8043BE1
:1078500084EA0204B4EB036F0ED150F8042BEBE77B
:107860004FEA132355E035F07F454DD10878FDE808
:107870000445C0F1000070474FEA126203F0FF03B5
:1078800047E002EA1C4482FA4CF594EA1345A5FA53
:107890008CF50AD165B951F8043B84EA0204B4EBD3
:1078A000034F0CD150F8042BEBE74FEA134330E0C1
:1078B00015EA1C4528D10B884FEA124229E04FEA0D
:1078C000124203EA1C4324E002F0FF0482FA4CF562
:1078D00094EA1365A5FA8CF50AD165B951F8043B11
:1078E00084EA0204B4EB032F09D150F8042BEBE730
:1078F0004FEA13630DE015F0FF0F05D10B684FEA57
:10790000122223F07F4304E04FF00000FDE804451D
:10791000704712BA1BBA82FA4CF482EA0304A4FA42
:107920008CF5B5FA85F402FA04F203FA04F34FEA8F
:107930001260FDE80445A0EB1360704780EA010285
:10794000844612F0030F4FD111F0030F32D14DF8DE
:10795000044D11F0040F51F8043B0BD0A3F1013298
:107960009A4312F0803F04BF4CF8043B51F8043BAB
:1079700016D100BF51F8044BA3F101329A4312F023
:10798000803FA4F101320BD14CF8043BA24312F02A
:10799000803F04BF51F8043B4CF8044BEAD0234627
:1079A0000CF8013B13F0FF0F4FEA3323F8D15DF8D9
:1079B000044B704711F0010F06D011F8012B0CF8A1
:1079C000012B002A08BF704711F0020FBFD031F819
:1079D000022B12F0FF0F16BF2CF8022B8CF80020A0
:1079E00012F47F4FB3D1704711F8012B0CF8012B23
:1079F000002AF9D1704700BF70B50D4E0D4D761BB2
:107A0000B61006D0002455F8043B01349847A6422E
:107A1000F9D1094E094D761B08F0BAFAB61006D016
:107A2000002455F8043B01349847A642F9D170BDB3
:107A3000C02B0060C02B0060D02B0060C02B00600A
:107A4000704700BF704700BF704700BF704700BF5E
:107A50000000000000000000000000000000000026
:107A60000000000000000000000000000000000016
:107A70000000000000000000000000000000000006
:107A800090F800F06DE9024520F007016FF0000C5E
:107A900010F0070491F820F040F049804FF0000406
:107AA0006FF00700D1E9002391F840F000F10800E1
:107AB00082FA4CF2A4FA8CF283FA4CF3A2FA8CF319
:107AC0004BBBD1E9022382FA4CF200F10800A4FA80
:107AD0008CF283FA4CF3A2FA8CF3E3B9D1E90423D4
:107AE00082FA4CF200F10800A4FA8CF283FA4CF30B
:107AF000A2FA8CF37BB9D1E9062301F1200182FAC5
:107B00004CF200F10800A4FA8CF283FA4CF3A2FACA
:107B10008CF3002BC6D0002A04BF04301A4612BAD8
:107B2000B2FA82F2FDE8024500EBD2007047D1E9DB
:107B3000002304F00305C4F100004FEAC50514F06A
:107B4000040F91F840F00CFA05F562EA05021CBF3B
:107B500063EA050362464FF00004A9E72DE9F04708
:107B6000DFF87CA00646DAF8000098460F469146FA
:107B7000FFF76AFF184B1C6824B365681F2D24DCCF
:107B80005EB96B1C0235DAF80000636044F82570BA
:107B9000FFF75CFF0020BDE8F08704EB85010123BF
:107BA000C1F88890D4F88821AB401A43022EC4F85B
:107BB0008821C1F80881E4D1D4F88C211A43C4F893
:107BC0008C21DEE7054C1C60D7E7DAF80000FFF7F0
:107BD0003DFF4FF0FF30DEE72C8201203082012094
:107BE00090C40020000000009FED010B704700BF13
:107BF000000000000000F87F9FED010A704700BF01
:107C00000000C07FF8B5244F0C460646FDF72EFF56
:107C1000BB685D68C4F57E610F3125F003054B1923
:107C200023F47F6323F00F03A3F58054B4F5805F42
:107C300007DB00213046FFF7E5FCBB682B44984288
:107C400004D03046FDF718FF0020F8BD61423046F1
:107C5000FFF7D8FC01300DD0104ABB682D1B45F052
:107C600001055D60136830461B1B1360FDF704FFC0
:107C70000120F8BD00213046FFF7C4FCBA68831A22
:107C80000F2BDEDD43F001035360054B03491B68F6
:107C9000C01A0860D5E700BF08C60020CC830120C9
:107CA00010CA0020002961D0F8B50C460646FDF741
:107CB000DDFE54F8042C7B4FA4F1080522F00101ED
:107CC00005EB010CB868DCF80430604523F00303D1
:107CD00000F08B80D207CCF8043032D454F8082C52
:107CE000AD1A1144AA6807F1080082426AD00CEB71
:107CF0000304D4F804E0EC68D4601EF0010FA26025
:107D000000F0978041F001036B60CCF80010B1F5F2
:107D1000007F35D27868CB080122490901338A40B7
:107D2000024357F833107A6007EBC302083AC5E9FB
:107D3000021247F83350CD603046BDE8F840FDF7F9
:107D40009BBE0CEB03025268D00710D4194407F114
:107D50000800DCF80830834273D0DCF80C20DA60CD
:107D6000936041F001036B606950D0E7704741F0C8
:107D70000103B1F5007F44F8043CCCF80010C9D3EE
:107D8000B1F5206F4FEA512348D28B0903F1390036
:107D900003F13802C300F818FB580838984259D04C
:107DA0005A6822F003028A4202D99B689842F7D1AE
:107DB000D868C5E902308560DD603046BDE8F8402E
:107DC000FDF75ABE0CEB03025268D20763D40B4492
:107DD000DCE90212CA60916043F001026A60304639
:107DE000EB50BDE8F840FDF747BE0B44D10707D480
:107DF00054F8082CAD1A1344D5E90212CA609160F8
:107E000043F001026A60284ABD6012689A4293D822
:107E1000264B30461968FFF7F5FE8DE7142B0AD97B
:107E2000542B1FD80B0B03F16F0003F16E02C3003C
:107E3000B1E719448DE703F15C0003F15B02C30075
:107E4000A9E741F00103C7E90455C5E902006B60E9
:107E5000695071E779689210012404FA02F20A432A
:107E60007A60A6E7B3F5AA7F06D8CB0B03F17800BA
:107E700003F17702C3008EE740F25452934206D8D2
:107E80008B0C03F17D0003F17C02C30083E74FF408
:107E90007E737E227FE741F001036B60CCF8001017
:107EA0004AE700BF08C6002014CA0020FC83012056
:107EB0002DE9F0410469B4EB611F2FDD00F1140ED0
:107EC0004E1111F01F0C0EEB84050EEB86032BD028
:107ED0005EF8261004339D4221FA0CF1CCF1200803
:107EE00018D977461A6802FA08F20A4347F8042BB1
:107EF00053F8041B9D4221FA0CF1F3D8A31B9B00FD
:107F0000053B9B0801330EEB83044EF82310C9B1E7
:107F1000043417E0416174460029F9D1002303615C
:107F200000234361BDE8F0819D4288BF00F110024B
:107F3000F4D953F8041B42F8041F9D42F9D8A41B3E
:107F40000EEB8404A4EB0E039B1074450361E7D091
:107F5000BDE8F0812DE9F04F2DED028B0C688B46CA
:107F6000A17885B0302908EE100A9246029340F0BD
:107F7000CE816FF00100001BE21C8318144612F83A
:107F8000011B3029F9D0DFF8008318F80120002AFE
:107F900000F0E5802278002718F802203D462646AA
:107FA0002AB116F8012F18F80220002AF9D1B54994
:107FB000019301223046FFF739FA019B81460028E0
:107FC0004DD0002D4ED13278A94602F0DF02502A62
:107FD000354650D0CBF80060002F69D12B1B013BF8
:107FE000072B394604DD5B10072B01F10101FADC98
:107FF00018EE100A03F04EFD8346002800F066825A
:1080000000F11406AC42019680F0D2810027CDF831
:108010000C909C49A1463C460CE0202F19D03846D4
:1080200004372A7818F8022002F00F028240144325
:108030004D4547D015F8012D2E2AEED14D45ECD3F4
:1080400001222846FFF7F2F98E490028F0D0202FB0
:10805000E5D1002046F8044B04270446E1E7002D53
:1080600000F04281327802F0DF02AD1B502A4FEA65
:1080700085093546AED16A782B2A00F025812D2A54
:1080800000F0A5806E1C002018F802104A1E182A65
:1080900000F29B80727818F8022010390136002A0D
:1080A0005AD100B149428944CBF80060002F95D0E5
:1080B000002B14BF00250625284605B0BDEC028B19
:1080C000BDE8F08FDDF80C90234646F8043B1846D7
:1080D000019BF61AB610CBF8106003F0B5FD7601DF
:1080E000DAF80040301AA04275DCC0F2EF800027B9
:1080F000DAF808304B45C0F25181DAF804304B45CC
:108100004ADDA3EB09094C4500F38280DAF80C2024
:10811000022A00F06581032A00F08181012A00F023
:108120006F8118EE100A594603F0DAFC5025109AB8
:1081300000232846136005B0BDEC028BBDE8F08F2C
:1081400001EB810102EB4102A2F1100116F8012FAF
:1081500018F80220002AA4D0192AF1DDA1E7494924
:10816000019301222046FFF761F9019B00286DD1A0
:10817000617818F80120651C002A69D030292C4646
:1081800005D114F8013F302BFBD018F80320B2FAC8
:1081900082F77F09012302E7012557B1DAF80C3095
:1081A000022B5DD0032B5FD0012B00F0848045F0C3
:1081B0001005109BC3F800B0029B2846C3F800903E
:1081C00005B0BDEC028BBDE8F08F2E4602E7012022
:1081D000AA78AE1C58E7061B3146584604F062F9EF
:1081E000074678B1721E53110199012751F82310E7
:1081F00002F01F0307FA03F30B4203D0BA4200F365
:10820000E280022731465846B144FFF751FE6FE73E
:1082100009F1FF35002F40F0CE80002D40F0CD80D9
:108220006B11019A05F01F0552F823200123AB4082
:1082300013424946584618BF47F00207A4EB090409
:10824000FFF736FE0225DAF80490A6E721782546E6
:1082500001F0DF01502900F0BF80CBF8005027E784
:10826000119BC3F101031193119B002B9FD0DBF8ED
:108270001070DDF80480BA004346019208EB8700D5
:10828000002107E0DC1E002098340020984243F8CB
:10829000041C3FD91E4653F8042BB2F1FF3FF5D022
:1082A0000132022D326000F0BF8014F01F0440F054
:1082B000E78021257DE7BA077FF579AF019B1B6831
:1082C0001F43FB07D3D472E7002081E7221A5946E7
:1082D00018EE100AA9EB020903F042FE00F11403A4
:1082E00083460193002703E7727818F80200711C97
:1082F000002800F0A0800D4611F8012F18F80200A8
:108300000028F8D1751B4FEA85090E465DE6023458
:10831000002338E6DBF808309F4280F28E803B462F
:108320000BEB830201210133022DCBF81030516198
:108330007AD09F42B9DA002B40F39B80DBF81420FF
:1083400008EB83030BF1180083424FEA520240F21C
:10835000B1804446016842EAC17244F8042B50F8E7
:10836000042B83424FEA5202F4D8A3EB0B03193BD0
:108370009B08013348F8232008EB8303002A40F0D0
:108380009D80A3EB080292104345CBF8102073D0D8
:10839000DAF8083009F101094B458ADA18EE100ABB
:1083A000594603F09DFB109A00231360A32583E632
:1083B000019E002389E6012732E72946584604F04A
:1083C00071F807462CE7B11E584604F06BF80028F8
:1083D0003FF417AF032715E74FF0000901274AE6DE
:1083E000119A002A7FF49DAE02990B60019B012235
:1083F000CBF810201A60109B6225C3F800B05BE632
:108400004C457FF48EAE012CEED0611E584604F030
:1084100049F800283FF485AEDAF80430E4E7119A11
:10842000002A3FF47EAEDFE7DAF80030013BA342DA
:1084300034D02225BDE60E46C7E5DBF8041018EE61
:10844000100A013103F026FB0646C8B3DBF81030F2
:1084500002339A000BF10C010C30F6F7EFFE59468F
:1084600018EE100A03F03CFB06F114083369B3461A
:1084700056E70023CBF810300023CBF8143087E701
:10848000019B4344C4F1200453F8040C03F0DCFBCB
:10849000A042BFF60EAFDBF810304CE7631104F0DA
:1084A0001F0458F823200123A34013420CBF2225A8
:1084B00021257EE6C8F8002043466AB1043360E710
:1084C000074B08483246842104F04AFD044B054816
:1084D0005A46E42104F044FDCBF81020CCE700BF5D
:1084E000183400202C34002010B4046809E014F87B
:1084F000013FA3F1410CBCF1190F98BF2033934207
:1085000009D111F8012B002AF1D1013404600120B6
:108510005DF8044B704700205DF8044B704700BFC6
:108520002DE9F04F096885B04B1111F01F01029041
:1085300002EB8303039140F08F801D1F0193029B88
:1085400001991C68002341F8043C6178013400293A
:1085500000F09880DFF87491A846AC469A461E4613
:108560000EE0202900F28C80564506DDC44501D27C
:10857000072B5BDD624551D3082314F8011FA1B11D
:1085800019F801000028ECD00133082B06F1010690
:108590003ADCDCF80010090100F00F000843CCF8C9
:1085A000000014F8011F0029EAD1002E6AD0C4454A
:1085B00001D2072B74DD624552D2111F634653F876
:1085C000040B41F8040FAB42F9D9A5EB0C0323F0DF
:1085D0000303691C04330CF1010C614538BF04230B
:1085E0001344002143F8041BAB42FBD9019B53F811
:1085F000043C2BB9AA4249D055F8043D002BF9D0D0
:10860000052005B0BDE8F08F6245B6D200234CF8D6
:10861000043C1946ACF1040C0123BDE70023ACF186
:1086200004084CF8043CB246C446A6E7C3F108016E
:10863000DCF800308900C1F1200E60469B46476897
:1086400007FA0EF343EA0B0327FA01FB036040F835
:1086500004BF4045F3D38DE7191D01911D466EE718
:10866000039B002BC2D0039B0198C3F120014FF064
:10867000FF33CB4050F8041C0B4040F8043CB8E7F3
:10868000292909D0042005B0BDE8F08F0123052079
:108690002B6005B0BDE8F08F029901340C6084E7CF
:1086A000DCF80010C3F108039B00C3F12007644607
:1086B0000846666806FA07F1014326FA03F02160CE
:1086C00044F8040F4445F4D375E700BF9834002004
:1086D00082B049B15AB16BB113780B601278101E99
:1086E00018BF012002B0704701A9002AF3D110463B
:1086F00002B070476FF00100F4E700BF0000000017
:108700002DE9F04F2DED088BD1B00C460BEE101A71
:1087100090460893834604F043F903681293184681
:10872000FFF7AEF920AF1090082200213846FEF77F
:108730000BFEA3891B0603D52369002B00F0558788
:1087400000239FED838B9FED849BCDE92533CDE9FD
:108750001333CDE9153327AA0E9324929246119331
:1087600004934446A1467E4BD3F8E450FEF7FAFE4C
:108770004A4603461CA900975846A847002800F01F
:10878000B080C0F2A6801C9A252A034601D09944E5
:10879000E9E7B9EB0405064640F0A78000234FF057
:1087A000FF328DF867309846069309F1010999F870
:1087B000003003922B25202609F10109A3F12002A4
:1087C0005A2A00F2CF80DFE812F0E802CD00CD0097
:1087D000E302CD00CD00CD006A00CD00CD00050242
:1087E0008402CD001002C902CD00BD025B005B0017
:1087F0005B005B005B005B005B005B005B00CD002F
:10880000CD00CD00CD00CD00CD00CD005301CD0079
:1088100083011A02530153015301CD00CD00CD0055
:10882000CD001502CD00CD009602CD00CD00CD00CB
:10883000AB01CD00AA02CD00CD00E306CD00CD00F6
:10884000CD00CD00CD00CD00CD00CD005301CD0039
:108850008301DE015301530153017702DE017F00E2
:10886000CD008902CD005F02E0062F027F00CD001F
:10887000AB017C00B806CD00CD00BD06CD007C006C
:10888000A3F13002002119F8013B01EB810102EB59
:108890004101A3F13002092AF5D906918EE7584625
:1088A00004F07EF8436815931846FFF7E9F8169030
:1088B000584604F075F883681393169B002B40F01C
:1088C0002D8699F8003077E799F8003048F02008B5
:1088D00072E7082200213846FEF736FD012399444D
:1088E00041E7B9EB0405064611D0269B2B4426939D
:1088F000259B0133072BCAE9004525931CDC0AF1AF
:10890000080A049B2B440493002E7FF447AF269B58
:10891000002B41F00B821BEE103AB3F90C3013F030
:10892000400F049B18BF4FF0FF330493049851B0DD
:10893000BDEC088BBDE8F08F1BEE101A24AA584638
:1089400005F084FB0028E6D10DF19C0AD9E700BFB1
:108950000000000000000000FFFFFFFFFFFFEF7FAF
:108960009CC400200B93002BD1D00021CDE90C1129
:108970008DF8DC3001238DF8671002930791059381
:1089800003910F9137AC18F00203099302D0029BB8
:108990000233029318F084030A9305D1069B029ACE
:1089A0009D1A002D00F36983269A89B125990DF14E
:1089B000670001310132CAF8000007294FF00100B9
:1089C00026922591CAF8040000F3A2830AF1080A4E
:1089D000099B83B1259B1AA901330232CAF8001002
:1089E000072B4FF0020126922593CAF8041000F3DA
:1089F000A3830AF1080A0A9B802B00F06C82039B78
:108A000005995D1A002D00F3A58218F4807F40F0CF
:108A10000D82059BCAF804301A44259BCAF8004011
:108A20000133072B2692259300F31B830AF1080AD2
:108A300018F0040F05D0069B02995C1A002C00F375
:108A40008883049B069902988142ACBF5B181B186F
:108A50000493002A40F0B08200232593079B1BB1AA
:108A600007995846FFF71EF90DF19C0A4C4679E626
:108A70000B93089B073323F00703B3EC028BB0EE94
:108A8000C87BB4EE497BF1EE10FA089340F3E98419
:108A9000B5EEC08BF1EE10FA01F159809DF8671028
:108AA000AB4CAC4B28F080080B9A472AC8BF1C4639
:108AB0000023CDE90C33032207930292059203931E
:108AC0000F9300293FF45FAF029B013302935AE7F3
:108AD000432B0B9303D018F0100F00F05D85089D19
:108AE0000822002122A837ACFEF72EFC22AB55F855
:108AF000042B2146584604F0ADF903460133059096
:108B000001F0EE82059B089523EAE37302930021AE
:108B1000CDE90C118DF86710079103910F9132E7A1
:108B20000B93089B1A4600238DF86730134653F8C1
:108B3000044B0893002C00F048850B9B532B00F04E
:108B4000EC8618F010030C9340F0E786039B5D1C45
:108B500001F0E5800C991A46204604F001F90790CF
:108B6000002801F02883079B1A1B05920C9B039396
:108B700022EAE2720F930D93079373239DF8671017
:108B800002920B939DE718F0200F0B93089B3DD0AA
:108B9000073323F007031A4611465B6851F8082B88
:108BA00008911946002BC0F20C84039B013300F09E
:108BB0009E8228F0800052EA0103029040F09982E0
:108BC000039B002B40F09A82804600230393059379
:108BD00050AC06E1089B53F8042B0692002A80F261
:108BE0001984069A08935242069299F8003048F088
:108BF0000408E1E599F8003048F00808DCE548F0A1
:108C0000100818F0200F0B93089BC1D118F0100F1B
:108C100040F00B8418F0400F00F0038433F9042B6C
:108C20000893D1170B46BDE7089B48F00202029259
:108C300053F8042B089347F63003ADF868307820DA
:108C4000454B1193002102230B900020039C8DF8CB
:108C50006700601C00F0AD80029820F0800852EAA6
:108C6000010040F0A480002C40F0AE86002BACD177
:108C7000029B13F00103059300F0D18330238DF89C
:108C80003F310DF23F14ACE018F0200F40F0D483D8
:108C900018F0100F40F09F8618F0400F40F09787B3
:108CA00018F4007F00F09786089B049953F8042B72
:108CB000089311704C4655E599F80030682B03BFB6
:108CC00099F8013048F4007809F1010948F04008AA
:108CD00072E599F800308DF867506DE599F800302D
:108CE0006C2B03BF99F8013048F0200809F1010905
:108CF00048F0100860E50B9348F0100818F02001C8
:108D000000F05183089B073323F00703596853F899
:108D1000082B089328F480630293002395E70B93B4
:108D200048F010030293029B13F0200100F0298306
:108D3000089B073323F00703596853F8082B08935F
:108D4000012382E799F8003048F0800834E500BF3D
:108D50009C370020A0370020AC370020494611F88E
:108D6000013B2A2B01F04982A3F13002092A8946EE
:108D700098BF002101F2448119F8013B01EB810108
:108D800002EB4101A3F13002092AF5D9039115E55F
:108D900099F8003048F001080EE59DF86730002B87
:108DA0007FF48FAD99F800308DF8676004E5CDF859
:108DB0000880012B00F09D81022B50AC20D111982E
:108DC00002F00F031209C35C04F8013D42EA01728C
:108DD000090952EA0103F3D150AB1B1BDDF80880EF
:108DE0000593059A03989DF8671082424FF000039F
:108DF000B8BF0246CDE90C33079302920F9360E6A9
:108E000002F00703D20842EA4172C908303352EA3D
:108E10000105204604F8013DF2D1029AD10700F184
:108E20004D8250AB1B1B90460593DAE70B9B652BDD
:108E300040F3D480B5EE408BF1EE10FA40F0C181E2
:108E4000259BBA49CAF80010013301320121072BD2
:108E500026922593CAF8041000F351850AF1080AF6
:108E60001B9B0E998B4280F2D082109B12991A4460
:108E7000CAE90013259B26920133072B259300F3A3
:108E800097830AF1080A0E9B5C1E002C7FF7D0AD79
:108E9000102C259B40F36E851BEE106A102505E013
:108EA0000AF1080A103C102C40F364850133A049F4
:108EB0001032072BCAE90015CDE92532F0DD24AACE
:108EC0003146584605F0C2F800287ED1DDE925324A
:108ED0000DF19C0AE6E7069B02995D1A002D7FF7CB
:108EE0008EAD102D259B21DD099410261BEE104A16
:108EF00004E0103D102D0AF1080A16DD01338C49FB
:108F00001032072BCAE90016CDE92532F1DD24AA7B
:108F1000214658460DF19C0A05F098F8002854D1D6
:108F2000103D102DDDE92532E8DC099C8049CAF8A6
:108F3000045001332A44072BCDE92532CAF800102A
:108F400000F32685039B05995D1A002D0AF1080A96
:108F50007FF75BAD102D259B1FDD514610261BEEC4
:108F600010AA04E0103D102D01F1080114DD0133B9
:108F70006F481032072BC1E90006CDE92532F1DD3B
:108F800024AA5146584605F061F8F0B9103D102D5D
:108F9000DDE9253227A9EADC8A4601336449CAF8AB
:108FA00004502A44072BCDE92532CAF8001000F3FB
:108FB000DA810AF1080A28E51BEE101A24AA58469D
:108FC00005F044F800283FF447AD079B002B3FF421
:108FD000A2AC07995846FEF765FE9CE40E9B012B58
:108FE00040F37A81259BCAF8004001330132012108
:108FF000072B26922593CAF8041000F3F8810AF192
:10900000080A1099129801330A44072BCAE9000193
:10901000CDE9253200F3DD810AF1080AB5EE408B77
:10902000F1EE10FA00F077810E9901330139013425
:109030000A44072BCAF800402593CAF80410269268
:1090400000F35B810AF1080A1499CAF8041001338D
:109050000A44072B1EA9CDE92532CAF800107FF774
:10906000E5AC1BEE101A24AA584604F0EFFF0028C6
:10907000ABD1269A0DF19C0ADAE4102DDDE9251218
:109080002C4E24DD179410231BEE104A084604E0F2
:10909000103D102D0AF1080A17DD013010320728A3
:1090A000CAE90063CDE92502F2DD24AA214658462B
:1090B0000DF19C0A04F0CAFF002886D1103D102D46
:1090C000DDE925024FF01003E7DC179C0146013172
:1090D0002A440729CDE92512CAF80060CAF80450CD
:1090E00000F3BD839DF867100AF1080A5DE4CDF82E
:1090F00008800A2A71F1000380F045833032012391
:10910000DDF808808DF83F2105930DF23F1468E6E5
:109110001BEE101A24AA584604F098FF00287FF48A
:1091200054AF269A0DF19C0A52E400BFC0280020DB
:1091300068B20020545200201BEE101A24AA584690
:1091400004F084FF00287FF440AF269A0DF19C0ABA
:1091500051E4102C259BBE4E1FDD1BEE108A1025FE
:1091600004E0103C102C0AF1080A16DD013310321D
:10917000072BCAE90065CDE92532F2DD24AA414674
:1091800058460DF19C0A04F061FF00287FF41DAFE2
:10919000103C102CDDE92532E8DC01332244072B9A
:1091A000CAE90064CDE925327FF74BAC1BEE101AFB
:1091B00024AA584604F04AFF00287FF406AF269AF6
:1091C0003FE41B99002940F35A830C9E0E9B9E425C
:1091D000A8BF1E46002E0BDD259B01333244072B12
:1091E000CAE900462692259300F389860AF1080A07
:1091F0000C9D002EA8BFAD1B002D00F303820C9B1D
:1092000018F4806F2344059340F01F821B9B0E9936
:109210008B4203DB18F0010F00F0CF8410991298F5
:109220000A44CAE9000125992692013107292591AE
:1092300000F3A5860AF1080A0E996518CC1A059B59
:10924000ED1AA542A8BF2546002D0DDDCAF8003055
:10925000259BCAF8045001332A44072B26922593F4
:1092600000F3BB860AF1080A002DA8BF641B002C7E
:109270007FF7DEAB102C259B40F37C831BEE106A3E
:10928000102505E00AF1080A103C102C40F3728307
:10929000013370491032072BCAE90015CDE9253298
:1092A000F0DD24AA3146584604F0D0FE00287FF4B1
:1092B0008CAEDDE925320DF19C0AE5E7302B3FF459
:1092C0008BAD3023023804F8013C50AB1B1ADDF89B
:1092D00008800593044684E518F0010F7FF482AE00
:1092E000259BCAF80040013301320121072B269249
:1092F0002593CAF804107FF7A5AE1BEE101A24AA16
:10930000584604F0A3FE00287FF45FAEDDE9253265
:109310000DF19C0A98E60E994C1E002C7FF794AE36
:10932000102C40F361831BEE106A102505E00AF152
:10933000080A103C102C40F3578301334549103282
:10934000072BCAE90015CDE92532F0DD24AA314604
:10935000584604F07BFE00287FF437AEDDE9253265
:109360000DF19C0AE5E71BEE101A24AA584604F0FA
:109370006DFE00287FF429AE269A0DF19C0AFFF7B6
:1093800044BB029B13F0100340F0C180029A12F01C
:10939000400200F07A83089850F8042B0890194690
:1093A00092B2012351E418F0100355D118F0400295
:1093B00000F05D83089850F8042B0890194692B28B
:1093C000A8E4524261EB4101CDF808802D20012331
:1093D0003CE41BEE101A24AA584604F037FE00287D
:1093E0007FF4F3ADDDE925320DF19C0A16E61BEEA4
:1093F000101A24AA584604F029FE00287FF4E5AD8F
:10940000DDE925320DF19C0AFBE518F0010F3FF470
:109410000FAB2AE5089399F80030FFF7CDB950ACAF
:10942000DFE418F4007F40F0DB8353F8042B08934B
:10943000D1170B46FFF7B6BB089B049853F8041BE3
:109440000893C217C1E900024C46FFF78BB900BF71
:109450005452002068B20020089B53F8042B089354
:1094600058E4B4EE488BF1EE10FA80F194860B9B31
:10947000612B00F05285412B00F0C085039B013326
:109480000B9B23F0200500F08084472D04D1039B23
:10949000002B08BF0123039318EE903A002B48F4E9
:1094A00080724646C0F21886B0EE48AB0023904664
:1094B000099307930B9B413B252B00F29883DFE830
:1094C00013F06F0496039603960368046C049603E6
:1094D00096039603960396039603960396039603C4
:1094E00096039603960396039603960396039603B4
:1094F00096039603960396039603960396039603A4
:109500009603960396039603960368046C04089BDF
:1095100053F8042B08930123FFF797BB139B002BF1
:109520003FF4CFA9139B1B78002B3FF4CAA999F8ED
:10953000003048F48068FFF73FB90B93CDF80880FE
:10954000FFF7F1BB0B939A4B119318F0200100F039
:109550000581089B073323F00703596853F8082B4C
:10956000089318F0010F0AD052EA010307D00B9BB1
:109570008DF86930302348F002088DF8683028F4FF
:10958000806302930223FFF760BB0B93FFF7B6BB28
:109590000B93884B1193D8E7089B012153F8042BB8
:1095A00002918DF8DC200893059137ACFFF7AFBA34
:1095B0001BEE101A24AA584604F048FD00287FF438
:1095C00004AD269A0DF19C0A5DE4039B0794062BDB
:1095D000224628BF062303942146CDE90C22764C6F
:1095E000029305930F92FFF76CBA40215846FBF7A0
:1095F0008DFF20602061002800F00F86402363610A
:10960000FFF79EB8102D259B40F35D825146102632
:109610001BEE10AA04E00831103D102D40F35282D9
:10962000013366481032072BC1E90006CDE9253227
:10963000F1DD24AA5146584604F008FD00287FF4C5
:10964000C4ACDDE9253227A9E6E70E9BCDF82490CE
:10965000E31803930D9BCDF82880139E059DDDF83C
:109660005890DDF83C800B941BEE101A5046002BEE
:1096700034D0B8F1000F35D10D9B013B013E0D9365
:10968000159BC0E90039259B01334A44072B2692DC
:1096900025936CDC0830039B96F800C05B1B634588
:1096A000A8BF6346002B9A460CDD259C01341A4462
:1096B000072CC0E900532692259400F3778196F891
:1096C00000C00830BAF1000FACBFACEB0A0464462E
:1096D000002C0ADC65440D9B002BCAD1B8F1000FA9
:1096E00000F0AC8308F1FF38CAE7102CDDF894C015
:1096F00024DD05954FF0100A63460D4604E0103C4A
:10970000102C00F1080016DD01332C491032072B14
:10971000C0E9001ACDE92532F1DD24AA29465846D0
:1097200004F094FC00287FF450AC103C102CDDE9D0
:10973000253227A8E8DC2946059D9C460CF101034B
:1097400022444460072B1D4C0460CDE9253200F310
:10975000C68396F800C008306544BCE718F01003D3
:1097600000F0C280089B53F8042B0893F9E624AA62
:109770005846059104F06AFC00287FF426AC269A2E
:10978000059927A887E70298CDF81CA050AC00F4F3
:10979000806000250AEE10BA094BDDF84CA0CDF828
:1097A0001490A3464FF00508AC46044610E000BFF5
:1097B000AC370020C0370020D437002068B200202A
:1097C000CDCCCCCC0A2A71F1000136D34A463146C1
:1097D000501840F10000A3FB005626F0030505EBEE
:1097E0009605401B151A4FF0CC3661F1000E06FBB2
:1097F00005F6A5FB039503FB0E6609F0010E2E444A
:10980000AEFB085E2D184FEA590930350BF8015CA4
:1098100049EAC6790CF1010C0BF1FF3B7608002CEC
:10982000D0D09AF800008445CCD1BCF1FF0FC9D04C
:109830000A2A71F1000180F08F815C4650AB1B1B3E
:10984000DDF81490CDF84CA01AEE10BADDF81CA08B
:10985000DDF80880CDF838C00593FFF7C2BA1BEEDB
:10986000101A24AA584604F0F1FB00287FF4ADAB8F
:109870009DF86710269A0DF19C0AFFF796B8259B74
:10988000BE48CAF80000013301320120072B26929E
:109890002593CAF8040000F377810AF1080A002929
:1098A00040F0AF800E9908F001030B433FF4C0A8CD
:1098B000109B12991A44CAE90013259B2692013382
:1098C000072B259300F352820AF1080A0E99CAF871
:1098D000004001330A44072BCDE92532CAF80410B1
:1098E0007FF7A4A8FFF7BDBB18F0400200F0DD80B1
:1098F000089850F8042B0890194692B231E61BEEF6
:10990000101A24AA584604F0A1FB00287FF45DAB8E
:10991000269A0DF19C0AFFF7A3BA22AE0822002175
:1099200030461D94FDF710FD039B5A1C00F0DB80B0
:109930000025CDF80890CDF81C809946A8460CE08B
:1099400037A9584603F086FA431C404400F0C88308
:10995000484508DC00F0188480461D9A5259334669
:109960000435002AECD1CDF81480DDF80890DDF83C
:109970001C80C5E001338249CAF804402244072B09
:10998000CAF80010CDE925327FF750A8FFF769BB70
:109990001BEE101A24AA584604F058FB00287FF446
:1099A00014AB269A0DF19C0AFFF729B824AA584651
:1099B000059104F04BFB00287FF407AB96F800C03C
:1099C000269A059927A87DE6012BCDF808807FF41B
:1099D000F3A9FFF793BB089B049953F8042B4C465B
:1099E00011600893FEF7BEBE01336549CAF8044012
:1099F0002244072BCDE92532CAF800107FF722ABAD
:109A00007BE4109B12981A44CAE90003259B269216
:109A10000133072B259300F3A9810AF1080A0029D5
:109A2000BFF654AF4D42103180F20F831BEE101A77
:109A3000102605E00AF1080A103D102D40F30583B9
:109A400001334F481032072BCAE90006CDE9253211
:109A5000F0DD24AA5846039104F0F8FA00287FF4B8
:109A6000B4AADDE9253203990DF19C0AE4E7089BCD
:109A700018F400711ABF114653F8042B53F8042B45
:109A8000089318BFD2B2FFF745B9029B13F40071D7
:109A9000089B1ABF114653F8042B53F8042B089364
:109AA00018BFD2B20123FFF7D0B8089B18F4007199
:109AB0001ABF114653F8042B53F8042B089318BF10
:109AC000D2B24EE58A4601332D49CAF804502A44E1
:109AD000072BCDE92532CAF8001000F339810AF1CD
:109AE000080AFFF78CBB0023194600961DAA5846AA
:109AF00003F0D6F903460133059000F0F1821D947E
:109B0000059B002B4ED0632B00F318810023079395
:109B100037AC082200213046FDF716FC059D009663
:109B20002B461DAA2146584603F0BAF9854240F05B
:109B30007C83059A0023A35422EAE272CDE90C3318
:109B40009DF86710039302920F93FEF7BABF2D2181
:109B50008DF86710FEF7A4BF169B1599ABEB030BAE
:109B60001A465846FDF7A8FC9AF80120054B0AB1A1
:109B70000AF1010A4FF0000C28E600BFC0280020BF
:109B800068B20020CDCCCCCC1BEE101A24AA5846CB
:109B900004F05CFA00287FF418AA1B99269A0DF1AC
:109BA0009C0A7CE6059B9DF867100F93CDE9023374
:109BB000CDE90C330793FEF784BF0E99059865181D
:109BC0002D1ACC1AA542A8BF2546FFF74DBB089B0E
:109BD000049953F8042B089311804C46FEF7C2BD3C
:109BE00013F9042B0893D1170B46FEF7DBBF039A3A
:109BF000022122AB01931DAB009358461BABB0EE84
:109C00004A0B029203F068FB472D029A044600F0CB
:109C10006181462D104405D12378302B00F06F82EE
:109C20001B9A1044B5EE40ABF1EE10FA40F04681BD
:109C300003461B1B0E93472D00F01081462D00F0AC
:109C4000B5811B9B0C930C9B412D03F1FF331B93A0
:109C500000F0E5819DF82C200021002BB8BF0C9B63
:109C60008DF87820BABFC3F101032D222B22092BD6
:109C70008DF8792040F3DA810DF18F05DFF81CC4EF
:109C80002A4610468CFB0321DA17C2EBA10202EB35
:109C90008201A3EB4101303100F8011C1946632910
:109CA000134600F1FF32ECDC3033D9B2831E9D4203
:109CB00002F8011C40F28B8213460DF17A0201E09A
:109CC00013F8011B02F8011B9D42F9D10DF191031C
:109CD0000DF17A021B1A13441EAA9B1A14930E9BB1
:109CE000149A012B1A44059240F30382059B109AA3
:109CF0001344059326F48063059A43F48078002387
:109D0000CDE90C3322EAE2720F930292099B002BF9
:109D100040F0B1809DF867100393FEF7D2BE204655
:109D2000FDF7AEFE02460590FEF720BF1BEE101AAF
:109D300024AA584604F08AF9FEF7EDBD591C58468E
:109D4000FBF7E4FB0446002800F0CA810790E0E638
:109D50001BEE101A24AA584604F078F900287FF464
:109D600034A9269A0DF19C0AFFF749BA1BEE101A86
:109D700024AA584604F06AF900287FF426A9DDE9F0
:109D800025321B990DF19C0A49E606230393FFF740
:109D900083BB039B02215A1C2BE7039A032128E76C
:109DA0001BA8B0EE4A0B03F09FF8B4EE007B20EE48
:109DB000070BB5EE400BF1EE10FA01D101231B9316
:109DC000B348039BB3EE005B013B224604E0B5EED3
:109DD000400BF1EE10FA13D020EE050BFDEEC07B28
:109DE000B3F1FF3F17EE901A415CB8EEE76B944673
:109DF00030EE460B02F8011B194603F1FF33E6D1A2
:109E0000B6EE006BB4EEC60BF1EE10FA00F348812B
:109E1000B4EE460BF1EE10FA04D117EE903ADB07E0
:109E200000F13E81002906DB4B1C1344302102F86F
:109E3000011B9342FBD1131B0E93FCE60B9C0E9B64
:109E4000DDF82490DDF828801396E3189D4229461A
:109E500028BF194682460591FFF7D8B91B9B0C9382
:109E6000DA1C02DB039A93420CDD0B9B023B0B9343
:109E700023F02005E7E62D2100238DF867100393DA
:109E8000FEF722BE0C9B0E9A9342C0F2BD80F007F3
:109E90000C9B40F13281109A13440593710503D550
:109EA0000C9B002B00F33581059B23EAE37302939F
:109EB00067230B9300230F930D9327E7229B834285
:109EC000BFF4B7AE30215A1C22921970229B9842DF
:109ED000F9D8AEE6F30700F1A780229BA9E624AAF1
:109EE0005846059104F0B2F800287FF46EA896F861
:109EF00000C0269A059927A86544FFF7ECBB1BEE26
:109F0000101A24AA584604F0A1F800287FF45DA88E
:109F1000269A0DF19C0AFFF76BB978238DF869300A
:109F200030238DF86830039B632B48F0020600F362
:109F3000A6800023079337AC18EE903A002B48F424
:109F400081782BDBB0EE48AB0B9B23F02005002380
:109F500009930B9B612B7FF4ADAAB0EE4A0B1BA8B3
:109F600002F0C2FFB4EE007B20EE070BB5EE400B13
:109F7000F1EE10FA01D101231B93464821E71BEEB5
:109F8000101A24AA584604F061F800287FF41DA88E
:109F90001B9B269A0DF19C0AFFF74EB90B9B23F0F1
:109FA00020052D230993B1EE48ABD2E71B9A0C9202
:109FB000002A06F0010340F30D8103990B4340F0A2
:109FC000CF800C9B059366230B93720500F1A38051
:109FD000059B23EAE37302936CE71BEE101A24AA95
:109FE000584604F033F800287EF4EFAF1B9C0E9B1C
:109FF000269A1C1B0DF19C0AFFF736B958238DE7F2
:10A0000000220392FEF7DABB0E9B109A9A180C9B63
:10A010000592002B40F3AB8067230B93D5E70B9A97
:10A020000F32D2B2012118E6A018FBE5002940F05A
:10A03000A88030228DF87A200DF17B02303302F8AF
:10A04000013B1EABD31A149349E601331249CAF8F7
:10A0500004502A44072BCDE92532CAF800107FF7B7
:10A0600033AC1BEE101A24AA584603F0EFFF002869
:10A070007EF4ABAFDDE925320DF19C0A26E4591CD4
:10A080005846FBF743FA044650B3079054E700BF25
:10A09000C0370020AC37002068B2002067666666D3
:10A0A000CDF888C012F8011C90F80FC06145134626
:10A0B0000AD14FF0300E03F801EC229B591E229179
:10A0C00013F8011C8C45F6D0392916BF0131817A6D
:10A0D000C9B203F8011CAEE600239046079360E77F
:10A0E0001BEE102AB2F90C3043F040039381FEF7C7
:10A0F00016BCF5077FF5FEADF8E50593CEE6B5EEA7
:10A1000040ABF1EE10FA3FF48BADC2F101021B92AD
:10A1100087E567230B9313990B78FF2B79D00025E4
:10A120000C9A284603E001300131FF2B08D09342FE
:10A1300006DAD21A4B78002BF5D10B780135F4E70B
:10A140000C9213910D900F950F9A0D9B1699134435
:10A15000059A01FB0323059323EAE3730293D5E5F4
:10A16000109BD3181944662305910B932DE7C3F177
:10A1700001031A4422EAE2730293672305920B93C8
:10A1800098E60DF17A0259E7039BDDF80890DDF8B7
:10A190001C800593B4E418EE903A002BB4BF2D2137
:10A1A0009DF86710254C264BB8BF8DF8671028F036
:10A1B0008008FEF779BC039B0293059373239DF8F7
:10A1C000671003900F900D900B93FEF77ABC02235B
:10A1D000149384E5039A134305D101236622029365
:10A1E0000B92059366E6109B01331A4422EAE27350
:10A1F0000293662305920B935CE6089A99F8013066
:10A20000894652F8041B089241EAE1710391FEF776
:10A21000D3BA00230F930D9396E70C23CBF80030AD
:10A220004FF0FF330493FEF781BB1BEE102A938996
:10A2300043F040039381FEF7C8BE00BFA43700205F
:10A24000A83700202DE9F04F2DED028BADF5377DBD
:10A250008B46B1F90C1002AF8C048146FA643B6363
:10A2600009D4DBF8643041F4005123F40053ABF817
:10A270000C10CBF8643000231C460822194607F165
:10A280005800FB62A246FDF75FF83C647C62BC6349
:10A290007C64834BD3F8E440FDF764F907F158027E
:10A2A0000346009207F15401FA6C4846A047051E88
:10A2B000FB6C33DB2B44FB647B6D2E46002B00F0E4
:10A2C000B680012D38D0252B40D0002DE1D0FB6C7D
:10A2D0009E1BDBF80430741E002B40F39880DBF8E3
:10A2E000001094F801C091F800E0A31C0AEB0300F1
:10A2F000E64501F10101A3EB060204F10104A0EB24
:10A30000060040F09480DBF80430CBF80010013BED
:10A31000AA42CBF80430DFDB8246BAE70133FB64A4
:10A3200008224FF6FD73002107F158007B65FDF709
:10A330000BF87B6D002B7AD05A4EF25C100700F1BF
:10A340001C85252B40F0868001252E46F86C0024C4
:10A350000278A046A2F12503411C552B67D8DFE8FF
:10A3600013F00A07660066006600660001076600D3
:10A3700066006600660066000C060C060C060C06FD
:10A380000C060C060C060C060C060C066600660095
:10A3900066006600660066006600180666008E04A9
:10A3A000C9041806180618066600660066006600EE
:10A3B000820066006600BF046600660066008900D1
:10A3C00066006600660066006B0666006600DD06D5
:10A3D0006600660066006600660018066600900467
:10A3E000CB04180618061806BE06D20682006600C0
:10A3F000E706F306AC06C104DA06660066008B00C9
:10A400007D00CA06660066006B0666007D00594640
:10A41000484603F0DBFE00283FF461AF7B6C002B65
:10A4200001F05280BBF80C305A0601F14D803B6CB4
:10A4300043B13B6CD3F80080B8F1000F02D0404626
:10A44000FBF75CF8786C07F53577BD46BDEC028B01
:10A45000BDE8F08FFB6C01255E1E3AE72307E6D1CD
:10A460004278084676E72207E1D1427844F00204B8
:10A4700008466FE744F00104F9640225DBF8043074
:10A48000002B40F30884600640F10F846B1E032B01
:10A4900001F2EB80DFE813F07B02F1014B010800D1
:10A4A0009CC4002005360020484602F079FA036873
:10A4B0003B6208F1FF33B3F5AE7F40F25A856FF48B
:10A4C000AE7508EB05033B6140F25D18002607F509
:10A4D000B87308EE109AC7E90566FE637E63FE61F5
:10A4E000BE6444F4F064BB621D464646DBF80010CF
:10A4F0000A78A2F12B034E2B50D8DFE813F07E032D
:10A500004F007E034F004F00A300A600A600A60048
:10A51000A600A600A600A600A600A6004F004F00B9
:10A520004F004F004F004F004F0074030B030B030D
:10A530000B039E0394034F004F0084034F004F0012
:10A540004F004F005D034F003A034F004F004F0094
:10A5500033034F004F004F001E036D034F004F00A9
:10A560004F004F004F004F004F0074030B030B03CD
:10A570000B039E0394034F004F0084034F004F00D2
:10A580004F004F005D034F003A034F004F004F0054
:10A5900033034F004F004F001E036D03A0056FD51E
:10A5A000386A037893426BD1C7E902457E608146E1
:10A5B00018EE106A4FF000085C4607E0216091F841
:10A5C00000E099F8000086451CD1DA4619F8010F21
:10A5D00045460AF1010B013108F10108002800F09D
:10A5E00064866068013800286060E7DC21463046F8
:10A5F00003F0ECFD30B9216899F8000091F800E013
:10A600008645E2D0A3463A6ABC683D612B46B14616
:10A61000BE6CFD68BD6401335D4602EB0308B346C2
:10A620002646144618F8011D2A46484603F08EFDBA
:10A630004445F7D13B693446AAEB030A5E46AB4674
:10A64000BD6C20E0E00500F10185BB6CF96BD942DF
:10A6500016D124F4C07405F8012B013EDBF8043058
:10A66000013B002B0AF1010ACBF8043040F36F8361
:10A67000DBF800300133CBF80030002E7FF436AF2A
:10A68000BE6C18EE109A7B6B002B40F0DC82FB6BEB
:10A69000013B012B41F21680731E062B40F22786E8
:10A6A000E3051BD5660501F1B58015F8011C652988
:10A6B00005F1FF330AF1FF360AD0452908D05A4682
:10A6C000484603F043FD15F8021CAAF10206AB1E32
:10A6D0005A464846B2461D4603F038FD14F01002B3
:10A6E0007FF4D7AD04F4C063B3F5806F2A7000F037
:10A6F000D284BB69002B40F02C874846B96A0022FF
:10A70000FCF736FBE0073B6B00F1C985A10700F1C0
:10A71000C685B4EE400BF1EE10FA53F8044B80F10D
:10A72000F486B7EEC00B3B6384ED000AA2E308F1A8
:10A73000FF33B3F5AE7F40F2A2836FF4AE7208EB45
:10A740000203FB6340F25D1807F5B8730022BE6B8D
:10A75000BB62594644F45864D3461D4692460A6883
:10A760001078A0F12B034D2B60D8DFE813F08202A4
:10A770005F0082025F005F00CD02E001E001E001C6
:10A78000E001E001E001E0016F026F025F005F00A5
:10A790005F005F005F005F005F004E004E004E00F4
:10A7A0004E004E004E005F005F005F005F005F00E4
:10A7B0005F005F005F005F005F005F005F005F00A1
:10A7C0005F005F005F005F0076025F005F005F0078
:10A7D0005F005F005F005F005F004E004E004E00B4
:10A7E0004E004E004E005F005F005F005F005F00A4
:10A7F0005F005F005F005F005F005F005F005F0061
:10A800005F005F005F005F0076020A2E0EDD24F419
:10A8100038644B6805F8010B013B002B4B6040F39B
:10A820008D8201320A60B8F1010898D1E005D04666
:10A83000BE63DA468B4607D5BB6A9D4200F222848E
:10A84000BB6A9D423FF4F3AD14F0100210D1B96A17
:10A85000BB6BFE6A2A704846B047A10640F10884E7
:10A860003B6B53F8042B10603B637B6C01337B64C0
:10A87000BB6AED1A4544AA440BE5B8F1000F08BFC6
:10A880004FF0FF38E00740F1958214F010037B632E
:10A8900040F07484210640F166863C6B54F8043B1A
:10A8A000FB63002B3FF4C3AD8020FAF71FFEB864B2
:10A8B000002800F07887FB6BBA6C1A603A6CD58878
:10A8C00093889D4280F052851068FB6B40F82530DC
:10A8D0003B6C3C630135DD80BB6CBB6220233B627B
:10A8E000DBF80030B14E1B78F35C13F0080340F046
:10A8F000BB847C6A7E621D46FCF734FEA8423FF4AE
:10A900008DADDBE9003207F5B87013F8011B415536
:10A91000013A032CCBE9003205F1010507F1680685
:10A9200002D13368042B04D0082200213046FCF702
:10A930000BFD07F5B872B96C00962B46484602F03D
:10A940005FFA421C04463FF469AD002840F0788469
:10A95000BB6C186002F0B0FA002840F05C86AA4494
:10A9600008F1FF387B6B002B40F03386BB6CFA6B31
:10A970000433BB64002A00F02C86BA6A9D1A3B6A35
:10A98000B3EBA50F40F256877D6B00F05CBCB8F1CD
:10A99000000F08BF4FF0FF38E00740F17B8214F052
:10A9A0001003BB6240F0F383210640F1ED853E6B5E
:10A9B00056F8043B3B62002B3FF439AD8020FAF798
:10A9C00095FD0446002800F0EE863B6A3A6C18605C
:10A9D000D58893889D4280F0DD8410683B6A40F8FA
:10A9E00025303B6C3E630135DD802023FC61BB617B
:10A9F0007E6AC7F83CA00025C246A046FCF7B2FD1F
:10AA0000A8423FF40BADDBE9003213F8011B013A19
:10AA100007F5B870CBE90032032E05F1010341556B
:10AA2000BB6407F1600402D12368042B04D0082220
:10AA300000212046FCF788FC07F5B872BB6C009437
:10AA40004146484602F0DCF9421C06463FF4E6ACBB
:10AA5000002840F0CA82C8F80000054607F16803E4
:10AA60000822002118467B63FCF76EFC50497B6B83
:10AA7000D1F8E0102A4648460D4607F15001A84794
:10AA8000012800F0D583002207F170039B5C002BA6
:10AA900000F0A185FB6BBA6C032E1344FB6300F03E
:10AAA000CA830AF1FF3ABB6A5BB93B6A08F1040842
:10AAB0003BB1FB69A8EB0304BB69B3EBA40F40F205
:10AAC0000584DBF80430002B4FF0000540F396823C
:10AAD000BAF1000F92D1D7F83CA07E624446BB6A1F
:10AAE000002B7FF4D6AB23603B6A002B00F0C281C1
:10AAF000FB69BA69E11A8B1001339A4240F2BA81BC
:10AB00003C6A04312068FAF7BDFF002800F0B281EA
:10AB10002060AFE121057FF5B3ADFB6BB96C5B182D
:10AB20007FF4AEADBB6424F4C074FB6393E5214BAA
:10AB300024F4386433F916606BE604F41863B3F553
:10AB4000807F7FF49DAD7B6B012B7FF499AD30232B
:10AB500005F8013B24F48074002344F40064013EB2
:10AB60007B6378E5BB6C062B40F074850723BB64E0
:10AB700071E523057FF584AD04F4A063B3F5806F20
:10AB800005D061057FF57CAD7B6B002B47D0A3051D
:10AB900004D47B6BF9695B1AC7E9055324F4786424
:10ABA000002344F4C0747B6355E500BF05360020E4
:10ABB0009CC4002030520020FB6B002B00F0FF8172
:10ABC000FB6B022B00F0B083BB6C012B00F0F1811A
:10ABD000042B00F0EE8153E5BB6C072B40F03A8567
:10ABE0000823BB6437E5200500F1F981FB6B012BDD
:10ABF0007FF446AD0223FB632DE523067FF540ADD0
:10AC000024F0800427E5BB6C002B40F0CC817B6BEB
:10AC1000B3B904F4E063B3F5E06F00F02085BE6CD7
:10AC200018EE109A33E5210500F1B781BB6C022BB9
:10AC300040F010850323BB640DE520059CD56CE72F
:10AC4000BE6C18EE109A24F4807420E58D4B33F915
:10AC50001660082E3FF7DBADE8E504F4C063B3F5FA
:10AC6000007F7FF4E3AD24F4007444F4A064102664
:10AC7000CFE523067FF5DAAD24F08004C9E544F082
:10AC80000104DBF80430F964002B44F040044FF079
:10AC900000053FF7F8AB5946484603F097FA0028FD
:10ACA0007FF4BCAB60063FF5F1ABDBF80020764EDD
:10ACB0001378F35C19077FF5E9ABDBF80430013B4F
:10ACC000002B0AF1010ACBF8043002F101024ADD3F
:10ACD000CBF800201378F35C19077FF5D7ABECE7CE
:10ACE00044F00104694BFB620823F964BB6303254C
:10ACF000FFF7C4BB44F00104654BFB620A23F9640F
:10AD0000BB630325FFF7BABB23057FF582AD16B9F8
:10AD100044F400740826630500F1A681FB6B24F45B
:10AD200060741BB1013BFB6308F101084B68013BF8
:10AD3000002B0AF1010A4B603FF773AD4846B96436
:10AD400003F044FAB96C00283FF46DAD6EE518EEDF
:10AD5000100A594603F03AFA00287FF491AC002E0D
:10AD60007FF4C4AB8CE45946484603F02FFA002820
:10AD70007FF454ABDBF800209AE7DBF804200FE007
:10AD8000DBF800301A78B25C110703F101037FF59C
:10AD900080AADBF80420013ACBE900320AF1010A6B
:10ADA000002AEDDC5946484603F010FA0028E7D0A7
:10ADB000FFF76FBAE10600F1498314F0800400F058
:10ADC000AB833C6B54F8046BBE64002E3FF42FAB96
:10ADD0002020FAF78BFB0546002800F062843A6CCD
:10ADE00030609388D6889E4280F0A8821068BB6C41
:10ADF00040F826303B6C3C630136DE802023FB6349
:10AE0000DBF80020204E1178715C080700F1AC825D
:10AE100033462C4610462E46DBF80410BA6C013936
:10AE2000CBF80410411CCBF800103546017805F82A
:10AE3000011B22B1FA6B2E1B964280F07A83B8F187
:10AE400001080BD0DBF8041000292E4640F3AE8336
:10AE5000DBF800000178595C0907DDD5291B8A441D
:10AE600001314FF000032B70BB6C1BB1FB6B8B42AD
:10AE700000F294837B6C01337B64FFF70ABA0023F2
:10AE8000FB6361E430520020053600205992030034
:10AE9000A1390300E60600F1818114F0800400F07E
:10AEA0006D833C6B54F8046BBE64002E3FF4BFAA64
:10AEB0002020FAF71BFB0546002800F0F2833A6CCD
:10AEC00030609388D6889E4280F07A821068BB6C8E
:10AED00040F826303B6C3C630136DE802024DBF8F2
:10AEE000002007F1700319461378CB5C002B3FF468
:10AEF0009EAA08EE109AD7F84890C7F83CA02E46B4
:10AF0000A24610460C46DBF80410431C0139CBE97D
:10AF100000312946007801F8010BB9F1000F02D089
:10AF20008D1B55457AD20D46B8F101080AD0DBF8E1
:10AF30000410002940F36A81DBF800000178615CAD
:10AF40000029E0D1544618EE109AD7F83CA0AE1B69
:10AF50003FF46DAA4FF000032B70BB6C1BB1711C4A
:10AF60008C4200F22D837B6C0133B2447B64FFF78B
:10AF700090B900233B61FFF7A9BA14F08F0F7FF45B
:10AF800056AA08EB880802EB4808A8F13008FFF73A
:10AF900067BAF9640425FFF771BAFB6BB96C5B18EB
:10AFA0007FF444AEBEE5BB6C032B02D0052B7FF4CF
:10AFB00067ABBB6C0133DBB2BB64FFF74CBB7B6B95
:10AFC000002B7FF401AE04F4E063B3F5E06F7FF48F
:10AFD000FBAD012324F4F064FB63FFF73CBBFB6B88
:10AFE000B96C5B187FF402AE9CE5831C40F05B8477
:10AFF000DBF80430BD6C002B3FF700AD59464846E6
:10B0000003F0E4F800283FF463ADD7F83CA07E627B
:10B010004446002D3FF463ADFFF700BA4FEA4A0AF9
:10B0200030465146FAF72EFD0646002800F03983D7
:10B030000544C9F8000077E744F40074BC4BFB6298
:10B040001023F964BB630325FFF718BA7B6B013348
:10B050007B633B6924F08004002B3FF4FEAA3B692C
:10B06000013B3B61FFF7FABA24F4B064FFF7D1BBB0
:10B07000220740F1C7813B6B53F8042B3B631070F0
:10B08000FFF7F3BB15F8011C5A464846013D03F093
:10B090005DF8FFF7D5BBFB697A6B93423FF42DABAC
:10B0A0009A1A07F2C3239D4228BF07F2C225A1497D
:10B0B0002846FBF725FFFFF720BBE20600F13181B0
:10B0C000230700F1BA81660740F1B4823B6BF96453
:10B0D00053F8042B3B63A2F800A0FFF7DAB823076C
:10B0E0007FF4A5A94278682A00F0868144F0040420
:10B0F0000846FFF72FB98E4BFB620A23F964BB6346
:10B100000325FFF7BBB98C4BFB620023F964BB63DB
:10B110000325FFF7B3B944F408748FE707F1700013
:10B1200001F056FA44F04004F8640125FFF7A6B98F
:10B1300022077FF47CA942786C2A00F0578144F002
:10B1400001040846FFF706B914F08F037FF46FA9D6
:10B150003A6C002A00F0E781427844F08004084607
:10B16000FFF7F8B858EA04087FF461A94278102480
:10B170000846FFF7EFB8F964FFF7A7B800233B6272
:10B18000BB62FB6307F15403BB64FFF7A9BB002359
:10B19000C7E906333B6207F1540429E4DBF80030C9
:10B1A00007F1700211461A788A5C002A3FF43FA921
:10B1B0000133CBF80030DBF80430B8F1010F03F1B4
:10B1C000FF33CBF8043018BF0C4614D1FFF753BB44
:10B1D000DBF800301A78A25C0133002A3FF44BAB55
:10B1E000CBF80030DBF804300135013B4545CBF8A6
:10B1F00004303FF440AB002BEADC5946484602F0ED
:10B20000E5FF0028E4D0AA44FFF743B818EE100A7F
:10B21000594602F0DBFF00283FF48EAEB54254469B
:10B2200018EE109AD7F83CA07FF491AEFFF7F6B86D
:10B2300097F8502028E42368042B7FF432AC32E4E2
:10B24000831C40F03983DBF80430002B40F3D781B6
:10B25000DBF800307A6A1B78D35C180703D4B8F1A6
:10B26000000F7FF449AB7C627B6B002B7FF411A84D
:10B27000BA6C1360FB6B002B3FF4FCADBB6AD11AB8
:10B280008B103A6A01339A427FF6F4ADFC6B0431BD
:10B290002068FAF7F7FB00287FF43AACEAE553F8A8
:10B2A000042B82ED000B3B63E4E5FD68396A7E68A0
:10B2B00028464246A346BC6801F040FB7B6BFB611D
:10B2C00024F42074013E0546FFF7C8B9F869D90097
:10B2D0001D46FAF7D7FBF861002800F064823A6A4D
:10B2E0006B0000EB04081060BB61FFF7EABB022EA5
:10B2F00040F2C482032E3FF4D3A9043E5FFA86F8DD
:10B300006FEA0803EE1815F8011D5A46484602F088
:10B310001DFFAE42F7D10AF1FF3AAAEB080AFFF788
:10B32000BFB9F964FEF7B5BF0323FB63FFF793B919
:10B3300059920300FC350020A13903004FF6F67244
:10B34000934200F297823A6C08339BB21068F8631C
:10B3500099007B63FAF796FB002800F07B823A6C39
:10B360007B6B9380106042E501217AE54FF6F6721F
:10B37000934200F2938208339EB23B6CB10018688E
:10B38000FAF780FB3B6C002800F03E829E8018603C
:10B39000FFF79BBA4FF6F672934200F27F823A6C47
:10B3A00008339BB299001068BB64FAF76BFBBB6C67
:10B3B000002800F028823A6C93801060FFF70EBBE3
:10B3C0004FF6F672934200F255823A6C08339BB204
:10B3D0001068F86399007B63FAF754FB002800F0CB
:10B3E00039823A6C7B6B9380106070E5827844F010
:10B3F00002040230FEF7AEBF827844F00804023047
:10B40000FEF7A8BF630758D414F001027FF428AAFE
:10B41000A6077FF525AAB34BF96A99424846BB6B4C
:10B42000B96A00F03D8201F0C7FB3B6B53F8042B77
:10B430003B63C2E90001FFF718BA3B6BF96453F8AC
:10B44000042B3B6382F800A0FEF723BFDBF800303B
:10B45000A54E1A78B25C12073EF51BAF0133CBF84C
:10B460000030DBF80430B8F1010F03F1FF33CBF803
:10B47000043008BF0AF1010A3EF40BAF012411E0C9
:10B48000DBF800301A78B25C150703F1010311D420
:10B49000CBF80030DBF804300134013B4445CBF8F5
:10B4A000043007D0002BEBDC5946484602F08EFEF4
:10B4B0000028E5D0A244FEF7ECBE3B6B53F8042B0A
:10B4C0003B631080FFF7D1B93B6C002B00F06E811D
:10B4D0003B6CD3F80080DE8876B10024A8F1040527
:10B4E000A14655F8043F1868FAF708F801342B68AC
:10B4F000A642C3F80090F4D14FF0FF337B64B8F15B
:10B50000000F7EF49CAFFEF79DBF78483B63FCF7CD
:10B5100073FB84ED000AADE43A6BFC6352F8045B04
:10B520003A63BC646CE482B0CDE9023302AB3B64A5
:10B5300012E67B63530020461946FB63FAF7A2FA32
:10B540000446002800F0AD80BB6C851918607B6B49
:10B5500075E47D6929460A2301314846FBF7C0FCA2
:10B56000BB69C21A9DE5D7E90C3253F8041B3A6255
:10B57000B9643B63BA62FA63FFF7B2B93B6BBC6470
:10B5800053F8045B3B63AAE43B6BBA6A53F8044B81
:10B59000BA61C7E907223B63FFF72ABABC6C20688F
:10B5A000FAF770FA00287FF4B3AA63E459464846D4
:10B5B0007B6302F00BFE7B6B00283FF449AC4DE44B
:10B5C00018681C46FAF75EFA00283FF4CCAC2060FD
:10B5D000C9E4002537E6BD6CD7F83CA07E6244463E
:10B5E000002D3FF47CAA013D07F5B8735A46595D1A
:10B5F000484602F0ABFD002DF5D1FFF770BA594671
:10B60000484602F0E3FD00283FF422AE7C62002DA4
:10B610007EF404AF28E67C62002D3FF425AE013DA8
:10B6200007F5B8735A46595D484602F08FFD002D64
:10B63000F5D119E6E5073CD4A4073AD53B6BF9648C
:10B6400053F8042B3B634FEAEA73C2F800A053603F
:10B65000FEF71FBE18EE109A1E46FFF714B801231E
:10B6600024F4F064BB64FEF7F6BFB8F1010F38BFF5
:10B670004FF0010814F001033AD1E50600F13681DC
:10B68000240640F14C813B6B53F8045BBB64002DF6
:10B690003EF4CDAE4046F9F729FF0346002840F0BE
:10B6A000DC803B6C002B00F08180D3F80080DE88CA
:10B6B00012E73B6BF96453F8042BC2F800A03B631C
:10B6C000FEF7E7BD2B46BD6AAB427EF6B0AE1C4628
:10B6D00014F8011D5A46484602F038FDAC42F7D135
:10B6E000FEF7A5BE5992030005360020B42F0020B6
:10B6F00014F010037B635ED00025FD63BD642E460D
:10B7000000244B46C146A84625461C46FBF72AFFA7
:10B71000A8423EF483AEDBE9003213F8011B013A84
:10B72000CBE900327A6A07F5B870032A415505F172
:10B73000010307F1680502D12A68042A06D008220D
:10B7400000212846BB62FBF7FFFDBB6A009507F5A9
:10B75000B87231462046BB6201F052FB431C78624E
:10B760003EF45CAEBB6A002840F047817A6B02B9B8
:10B7700032609A4409F1FF397B6B002B40F07581F0
:10B78000BB6C002B00F07081FB6BF51AB8EBA50FBA
:10B7900000F26A8118464FEAC801FAF773F9F863B4
:10B7A000002840F05C813B6C002B2DD14FF0FF3323
:10B7B0007B64FEF747BE220640F18F803C6B54F855
:10B7C000043BBB64002B3EF432AE8020F9F78EFEC2
:10B7D00006460028E7D0BB6C18603B6CDD889A8871
:10B7E0009542C0F0B3804FF6F6718A4256D80832BF
:10B7F00093B23A6CFB6399001068FAF743F9FB6B5C
:10B80000002840F0AE803B6CDB883A6C1E46D2F8D4
:10B81000008061E62B46BD6AAB427EF608AE1C4650
:10B8200014F8011D5A46484602F090FCAC42F7D18C
:10B83000FEF7FDBD1046D9001E46FAF723F9B8629F
:10B840000028B0D04219BA64FA6B7D6B10607300A7
:10B850003B62F8E4D7F83C803EE6396C2860CE883D
:10B860008A889642C0F08E804FF6F6718A4238631D
:10B8700040F2A5803B6CD3F800802DE6BA6A954271
:10B880007EF6D5AD2C46BD6A14F8011D5A464846D1
:10B8900002F05CFCAC42F7D1FEF7C9BD2B46B4E721
:10B8A00001F05AFAC1E5D8F800301D4601337FF4A3
:10B8B000D5A82A46FFF7E8B8BB6C186801F0FCFA77
:10B8C00000287FF4A8AE032CAA447FF449A833686B
:10B8D000042B7FF445A8FFF745B8D7E90C3253F89D
:10B8E000046B3B631546FA63BA6409E71C46DBF850
:10B8F0000430984539DDDBF800201A44CBF80020ED
:10B90000594648461C44A8EB030802F05FFC002897
:10B91000EDD0002C3EF482ADA244FEF7BABC3D6BE4
:10B9200043462968CDF800B00122484602F06CFC7D
:10B93000044600283EF472AD0435BD647B6C0133CF
:10B940007B64BB6C3B63A244FEF7A3BC1868BB6C72
:10B9500040F825303B6C3C630135DD80FE632025DB
:10B96000CEE63A6C93801060F1E7A3EB0803CBF8C6
:10B970000430DBF8003044444344CBF80030A244A8
:10B98000FEF787BC0A68FA63FA6B42F826503A6CF5
:10B990000136B6B2D6801946CDF800B04346012232
:10B9A000484602F031FC0446D8B18045C6D9286823
:10B9B0002146FAF767F80028C0D02860BEE73B6C44
:10B9C000083294B21A687A631046A100FAF75AF85E
:10B9D0007A6BF86300285BD03B6C9C8018603B6BF3
:10B9E000D2E77B6CD7F83C80002B3FF475ADBBF8F9
:10B9F0000C305B067EF51DAD6AE57A6A02321DD118
:10BA0000DBF80420002A1D463FF780AE5946204649
:10BA100002F0DCFBE0B9B9F1000F7FF477AE4546E8
:10BA2000A146BB6C23B1FB6BF11AB5EBA10F27D874
:10BA30007B6B002B7EF42DACFFF71CBA9A447B6A1B
:10BA4000032B7FF497AE2B68042B7FF493AE93E621
:10BA5000A1462C464546002CE3D0FEF7DFBCBA6C6D
:10BA6000461910604FEA48080436DBF80430002B12
:10BA70004FF00005CADDB9F1000F7FF447AECEE705
:10BA8000BC6C2068F9F7FEFF0028D1D02060CFE71A
:10BA9000904621E5436C70B505460C464BB153F812
:10BAA000240080B1026843F824200023C0E9033356
:10BAB00070BD2122042101F03FFB03466864002889
:10BAC000EDD1002070BD012101FA04F6721D920033
:10BAD000284601F031FB0028F3D0C0E90146E4E735
:10BAE00031B1436C4A6853F82200086043F82210D1
:10BAF000704700BF2DE9F0410E6980460F461D4694
:10BB000001F1140E0020DEF800108CB202FB045389
:10BB1000090C4FEA134C02FB01CC01309CB204EB40
:10BB20000C4486424EF8044B4FEA1C45EBDC3DB119
:10BB3000BB68B34207DD07EB860301365D613E61FA
:10BB40003846BDE8F081796840460131FFF7A2FF31
:10BB50000446B0B13A69023207F10C0192000C3090
:10BB6000F3F76CFBD8F844307A6853F82210396048
:10BB700043F82270274607EB860301365D613E617C
:10BB8000DEE7034B03482246BA2101F0E9F900BF82
:10BB900018340020983500202DE9F8431746274A2D
:10BBA0001E4608330C46092E82FB03124FEAE3734C
:10BBB0000546C3EB620339DD4FF0010C00214FEA6B
:10BBC0004C0C634501F10101F9DC2846FFF762FFE7
:10BBD000014668B3089B4361092F4FF001030361DD
:10BBE00012DC0A340927BE420BDDF21BA61814F83A
:10BBF000013B0A22303B2846FFF77CFFA642014664
:10BC0000F5D10846BDE8F88304F10909C8463C446B
:10BC100018F8013B0A22303B2846FFF76BFFA0458E
:10BC20000146F5D1A7F108044C44DCE70021CCE73C
:10BC30000A46034B0348D32101F092F9398EE338C9
:10BC40001834002098350020030C1B04D3B90004DD
:10BC5000102310F07F4F04BF0002083310F0704F24
:10BC600004BF0001043310F0404F04BF80000233D2
:10BC7000002805DB10F0804F03F1010308BF2023EB
:10BC8000184670470023E4E7036813F0070208D062
:10BC9000D9071FD49A0722D55B08036001221046FA
:10BCA000704799B209B91B0C1022D9B209B90832F0
:10BCB0001B0A190704BF1B090432990704BF9B081C
:10BCC0000232D90703D45B0802F1010205D00360F8
:10BCD000104670470022104670472022DFE79B087D
:10BCE000022203601046704738B5436C04460D4687
:10BCF0004BB15868B0B102685A6000220123C0E914
:10BD00000435C26038BD2122042101F015FA034632
:10BD100060640028EDD1094B0948002240F245112A
:10BD200001F01EF91C220121204601F005FA00282D
:10BD3000F1D001220223C0E90123DEE718340020FC
:10BD4000983500202DE9F04F0E691569AE4285B097
:10BD50008846144605DB2A46234635460C461646D9
:10BD60009846A3686168AF19BB42B8BF0131FFF7BD
:10BD700091FE0190002800F08780019B03F11409D7
:10BD800009EB870AD14505D24B46002243F8042B24
:10BD90009A45FBD808F1140808EB860B04F114034C
:10BDA000D8451A4603EB85055FD22B1B153B23F0C4
:10BDB000030304331534A54238BF0423CDE902A799
:10BDC000AC461F46924605E0090C29D1C34509F14E
:10BDD000040948D958F8041B8DB2002DF4D05646FA
:10BDE0004C46002356F8041B22681FFA81FE90B2CD
:10BDF000090C05FB0E00120C034405FB012202EBAB
:10BE000013429BB243EA0243B44544F8043B4FEA71
:10BE10001243E7D849F8073058F8041C090CD5D06C
:10BE2000D9F8003050461A464C4600260588120CB8
:10BE300001FB052216449BB243EA064344F8043B47
:10BE400050F8045B22682D0C93B201FB053303EB21
:10BE5000164384454FEA1346E8D8C34549F80730EE
:10BE600009F10409B6D8DDE902A7002F02DC05E0DC
:10BE7000013F03D05AF8043D002BF9D0019B18462E
:10BE80001F6105B0BDE8F08F034B0448019A4FF4E1
:10BE9000B17101F065F800BF18340020983500201A
:10BEA00012F003032DE9F0411446064632D10D4647
:10BEB000A41020D0D6F84080B8F1000F33D0E307AB
:10BEC0004FF0000707D4641015D0D8F80000A8B1CF
:10BED0008046E307F7D5424629463046FFF732FF52
:10BEE000B5B16968736C641053F821202A6043F877
:10BEF00021500546E9D12846BDE8F0814246414639
:10BF00003046FFF71FFFC8F8000007608046E0E7F3
:10BF10000546D8E7013B0F4A52F823200023FFF7DC
:10BF2000E9FD0546C4E701213046FFF7B3FD804631
:10BF300040B1012340F27122C0E904320023306491
:10BF40000360BCE7044B0548424640F2451101F04E
:10BF500007F800BFB0A50020183400209835002055
:10BF60002DE9F0470D4614462F69AB68496807EB89
:10BF700062177E1C9E4280464FEA621904DD5B0018
:10BF80009E4201F10101FADC4046FFF783FD844641
:10BF9000002852D0B9F1000F00F114020EDD09F1B2
:10BFA00005014FEA810E134600EB8101002043F8A2
:10BFB000040B8B42FBD1AEF114031A44296905F13D
:10BFC000140314F01F0E03EB81012ED0CEF12009D3
:10BFD00010464FF0000A1C6804FA0EF444EA0A0402
:10BFE00040F8044B53F8044B994224FA09FAF2D86A
:10BFF0004B1B153B23F00303043305F1150081426D
:10C0000038BF0423BAF1000F18BF374642F803A027
:10C01000D8F844306A68CCF8107053F822102960C0
:10C02000604643F82250BDE8F087043A53F8040B09
:10C0300042F8040F9942F9D8EAE7034B03486246F5
:10C040004FF4EF7100F08CFF183400209835002079
:10C050000B6984460069C01A16D10CF1140C143116
:10C060000CEB830210B401EB830301E0944508D28A
:10C0700052F8044D53F8041D8C42F7D005D24FF00E
:10C08000FF305DF8044B7047704701205DF8044BAA
:10C09000704700BF2DE9F84F0F691369FF1A002F91
:10C0A0000E4690467FD101F11405143202EB830253
:10C0B00005EB830301E09D4278D253F8041D52F84A
:10C0C000044DA142F7D069D37168FFF7E3FC8146C4
:10C0D000002877D03569D8F81020C76008F1140E11
:10C0E00006F1140009F1140A06F110010EEB8202A8
:10C0F00000EB850756464FF0000C5EF8044B51F8F4
:10C1000004BFA3B21CFA8BFCACEB03034FEA144C44
:10C11000CCEB1B4C0CEB234C9BB243EA0C4372451B
:10C1200046F8043B4FEA2C4CE7D8A2EB080115393E
:10C1300008F11508424521F0030404F1040438BF56
:10C140000424204421F0030238BF002287425244D5
:10C15000544418D92646014651F8043B1CFA83FC86
:10C160004FEA2C4202EB13421FFA8CFC4CEA0243CA
:10C170008F4246F8043B4FEA224CEDD8013F3F1A6C
:10C1800027F00307E21923B952F8043D013D002BC3
:10C19000FAD0C9F810504846BDE8F88F3346012759
:10C1A0004646984690E7F9DB00278DE70021FFF728
:10C1B00071FC814668B101220023C9E90423484685
:10C1C000BDE8F88F064B07484A4640F2452100F08B
:10C1D000C7FE034B03484A4640F2372100F0C0FE39
:10C1E000183400209835002082B08DED000B164BDE
:10C1F000019A1340A3F15073002B06DD002219466B
:10C20000104641EC100B02B070475B42B3F1A07FC7
:10C210004FEA235209DA4FF4002313410022194652
:10C22000104641EC100B02B07047A2F114031E2B14
:10C23000DABF4FF00042DA400122002319461046CF
:10C2400041EC100B02B070470000F07FF8B50469B4
:10C2500000F1140606EB8404271F54F8045C2846FA
:10C26000FFF7F2FCC0F120030A280B601BDDBE4281
:10C270000BD20B3854F8081C2ED145F07F5343F4F1
:10C2800040130A4643EC102BF8BDB0F10B01F4D07B
:10C2900005FA01F141F07F53002143F440130A46AF
:10C2A00043EC102BF8BDC0F10B0C25FA0CF1BE428B
:10C2B00041F07F5338BF54F8081C00F1150034BF1B
:10C2C00021FA0CF1002105FA00F0014343F4401378
:10C2D0000A4643EC102BF8BDC0F1200C854021FA32
:10C2E0000CF345EA0307A4F10805AE4201FA00F198
:10C2F0003CBF54F80C0C20FA0CF047F07F5338BFC9
:10C30000014343F440130A4643EC102BF8BD00BF31
:10C310002DE9F043884683B0012157EC106B154698
:10C32000FFF7B8FB0446002851D0C7F30A59C7F3FA
:10C330001303B9F1000F01D043F48013002E0193D1
:10C3400018D101A8FFF7A0FC019A6261012200F157
:10C3500020032261B9F1000F25D0A9F2334909EB7E
:10C3600003022046C3F13503C8F800202B6003B058
:10C37000BDE8F08368460096FFF786FC034610B3DD
:10C38000DDE90002C3F1200102FA01F10143DA40C4
:10C3900061610192002AA26114BF0222012222617E
:10C3A000B9F1000FD9D1A3F23243C8F8003004EB41
:10C3B00082031869FFF748FCC0EB421320462B604C
:10C3C00003B0BDE8F083009A6261019AE2E7034B93
:10C3D0000348224640F20F3100F0C2FD183400201D
:10C3E00098350020F0B583B00E4669460746FFF742
:10C3F0002DFF01A9304655EC104BB0EE407BFFF706
:10C4000025FF33693A69D21ADDE900315B1A03EB83
:10C410004213002B09DD17EE902A02EB035545EC81
:10C42000174B87EE000B03B0F0BD10EE902A51ECD5
:10C43000100BC3EB033302EB035141EC100B87EEFF
:10C44000000B03B0F0BD00BF0139491101F1010C2F
:10C45000116902F1140303EB81018B4200EB8C0C98
:10C4600017D210B5A0F1040E53F8044B4EF8044F48
:10C470009942F9D88A1AA2F1150323F00303043371
:10C480001844844504D9002340F8043B8445FBD874
:10C4900010BD844505D9002340F8043B8445FBD8F2
:10C4A0007047704703694A11934200F1140009DA9A
:10C4B00000EB830302E053F8042DC2B98342FAD89B
:10C4C0000020704710DD11F01F010DD010B450F89E
:10C4D000224000EB820324FA01F28A4094420CD0FD
:10C4E00001205DF8044B704700EB8203E6E7012072
:10C4F000704753F8042D002AF2D18342F9D8002066
:10C500005DF8044B704700BF70B500294BD006465C
:10C510000C4610B1436B002B48D0636ED80734D55E
:10C52000B4F90C30002B3ED02146304600F036F9ED
:10C53000E36A054633B1E169304698470028B8BF41
:10C540004FF0FF35A3891A063CD4216B41B104F1A9
:10C550004003994202D03046FBF7A4FB002323633B
:10C56000616C21B13046FBF79DFB00236364FAF751
:10C570000FFE636E0022DB07A2811FD5A06DFBF7C3
:10C5800061FAFAF70BFE284670BDA3899905CBD452
:10C59000A06DFBF759FAB4F90C30002BC4D1656ECD
:10C5A00015F0010505D00025284670BDFAF7D2FD2B
:10C5B000B3E7A06DFBF74AFA284670BDA06DFBF704
:10C5C00045FADBE721693046FBF76CFBBDE700BFAE
:10C5D00070B50C785E2C86461ED00022481C94460E
:10C5E0000EF1FF330EF1FF0103F8012F8B42FBD157
:10C5F00084B18CF001010EF80410451C15F8013CC3
:10C600002D2B0ED05D2B03D01BB11C462846F2E724
:10C61000284670BD013870BD01224C78881C9446B4
:10C62000DEE790F801C0BCF15D0FEED06445ECDCB4
:10C63000661C02300EEB060202F8011BA2EB0E0391
:10C64000013B9C45F8DCACEB0403013B6445A8BF0F
:10C65000002302359C19D1E72DE9F04707464C48E5
:10C660000E46354616F801EB10F80EC01CF0080C0B
:10C67000F7D1BEF12D0F5AD0BEF12B0F03BF96F8A4
:10C6800000E06446AE1C64465BB1102B54D04FF002
:10C69000FF38B8FBF3F803FB08FA6FEA0A0A994679
:10C6A00008E0BEF1300F5AD00A23DFF8E8804FF0DF
:10C6B000050A99460025284605E02CD009FB00C054
:10C6C000012516F801EBAEF1300CBCF1090F06D9CB
:10C6D000AEF1410CBCF1190F0BD8AEF1370C63452C
:10C6E00010DDB5F1FF3FECD04045E6D94FF0FF3506
:10C6F000E7E7AEF1610CBCF1190F03D8AEF1570CAE
:10C700006345EEDC6B1C0BD004B140420AB165B945
:10C710001160BDE8F087D445D0DD4FF0FF35D0E79C
:10C7200022233B602846002AF3D0711EF0E796F8DA
:10C7300000E00124AE1CA7E7BEF1300F21D1307814
:10C7400000F0DF00582816D14FF0100996F801E0EC
:10C750004FF00F0A02366FF070484B46AAE7337865
:10C7600003F0DF03582BEFD008234FF0070A6FF0D8
:10C77000604899469EE799466FF070484FF00F0A5F
:10C7800098E74FF00F0A6FF07048994692E700BFA4
:10C790000536002099999919FFF75EBFB1F90C2071
:10C7A0002DE9F0410C461107804647D4636842F4F6
:10C7B0000062002BA2815EDDA56A002D58D0002307
:10C7C000D8F80060C8F8003093B212F4805256D105
:10C7D0000123E1694046A847431C67D0A389A56AA5
:10C7E0005F0705D56368C01A236B0BB1E36BC01AF2
:10C7F000E169024600234046A847411C41D1D8F8D0
:10C800000030002B3DD01D2B01D0162B56D1A38913
:10C810002269226023F4006300216160A381216BFF
:10C82000C8F8006021B304F14003994202D04046A9
:10C83000FBF738FA00202063BDE8F0812669BEB11D
:10C8400093B2256826609A070CBF63690023AD1B6D
:10C85000A3600BE02B463246E169676A4046B84761
:10C86000B0F1000CA5EB0C05664417DD002DF1DCE2
:10C870000020BDE8F081E36B002B9DDCF8E7206D24
:10C88000AEE7B4F90C302269226023F40063A3817F
:10C890000022DB046260C2D52065C0E7A38943F0B3
:10C8A00040034FF0FF30A381BDE8F081D8F800309D
:10C8B000002B93D01D2B06D0162B04D0A38943F058
:10C8C0004003A381D5E7C8F80060D1E738B50C462E
:10C8D000054608B1436B03B3B4F90C0088B1636E2D
:10C8E000DB0701D481050FD528462146FFF756FF07
:10C8F000636EDA07054602D4A3899B0508D528464E
:10C9000038BD0546284638BDA06DFBF79DF8EBE71E
:10C91000A06DFBF79BF8284638BDFAF71BFCDBE758
:10C9200049B1FF2A02D80A70012070478A230360A8
:10C930004FF0FF3070470846704700BF41EA0003E0
:10C940009B0730B401D1032A0FD801F1FF3C07E067
:10C950001CF8011F03F8011B541EC1B122461846E2
:10C960000346002AF4D130BC70470B46194653F8F1
:10C97000045BA5F1013424EA050414F0803FE4D1FE
:10C98000043A032A40F8045B1946EFD8DDE7024475
:10C99000002CE8D003F8011B9342FBD130BC704758
:10C9A000004870478CC500202DE9F0430E4626490B
:10C9B00087B00F68044690461D4653B305AA334618
:10C9C000019203212246CDF80080384600F084FC15
:10C9D000059B326898428446C2F10002294609D27A
:10C9E000101A1CF8013B01F8013B059B634500EB65
:10C9F0000C02F6D8944224DDA21A0A44302301F82E
:10CA0000013B9142FBD100231370284607B0BDE8DB
:10CA1000F083BA6C00F123039A4201DDFD6CCDE78F
:10CA200000F12409F96C4A4638468DED020BF9F7FE
:10CA300035F805460028E8D0C7E912909DED020BB5
:10CA4000BCE70A46DFE700BF24CA00202DE9F04F0B
:10CA500085B01F46574B03908A4600920D462A46E2
:10CA600015F8014B1E5D16F00806F8D12D2C75D077
:10CA70002B2C05BF2C7802960296951C4FF0FF36A2
:10CA80006FF0004B2FB1102F6FD0B8464FEAE77907
:10CA900005E0302C74D04FF00A08B94647464246AC
:10CAA0004B4630465946F8F791FB002301928446E5
:10CAB0000A461846194611E08A4208BF84453DD00F
:10CAC00000FB09F308FB0133A0FB08010B441EEB3C
:10CAD000000043EBEE71012315F8014BA4F1300E79
:10CAE000BEF1090F06D9A4F1410EBEF1190F0CD801
:10CAF000A4F1370E774511DD5C1CEDD0844572EB57
:10CB00000103D9D24FF0FF33E6E7A4F1610EBEF185
:10CB1000190F03D8A4F1570E7745EDDC5A1C13D03A
:10CB2000029A12B1404261EB4101009A1AB1A3BBD3
:10CB3000009BC3F800A005B0BDE8F08F019B7345D2
:10CB4000BEDA4FF0FF33C7E7039A22231360009B3E
:10CB500033B305F1FF3A30465946E9E701232C7813
:10CB60000293951C4FF0004B8CE7302C04D12B78AE
:10CB700003F0DF03582B08D0B8464FF000098EE7CA
:10CB80002B7803F0DF03582B0FD14FF010086C788F
:10CB90004FF000090235474681E706468B46D8E745
:10CBA0003046594605B0BDE8F08F4FF00808B94649
:10CBB000474674E705360020FFF748BF2DE9F04FE0
:10CBC00085B08B460192624A03901E460D46294667
:10CBD00015F8014B135D13F00803F8D12D2C00F06C
:10CBE00082802B2C03BF2C7802938D1C0293BEB144
:10CBF000102E7DD04FEAE67A324653464FF0FF3092
:10CC00004FF0FF31F8F7E2FA3246074688465346BE
:10CC10004FF0FF304FF0FF31B146F8F7D7FA0AE096
:10CC2000302C79D04FF00A09DFF82881B24605226E
:10CC30004FF099374E464FF0000C6046614611E0C8
:10CC4000414508BFB8423ED000FB0AF409FB014150
:10CC5000A0FB09042144181841EBE3714FF0010CCB
:10CC600015F8014BA4F13003092B05D9A4F14103B8
:10CC7000192B0DD8A4F137039E4211DDBCF1FF3F03
:10CC8000EED0874278EB0104DAD24FF0FF3CE7E7C1
:10CC9000A4F16103192B03D8A4F157039E42EDDCE4
:10CCA000BCF1FF3F14D0029B13B1404261EB410144
:10CCB000019B2BB1BCF1000F12D1019BC3F800B056
:10CCC00005B0BDE8F08F9342BEDD4FF0FF3CC7E7F3
:10CCD000039A22231360019B60466146002BEFD02C
:10CCE00005F1FF3BE9E701232C7802938D1C7EE7D9
:10CCF000302C23D12B7803F0DF03582B1BD14FF0BE
:10CD000010096C780F2202354FF0FF376FF0704832
:10CD10004FF0000A4E468EE72B7803F0DF03582BC6
:10CD2000EDD04FF00809B24607224FF0FF376FF001
:10CD300060484E467FE74FF0000A5DE70F224FF054
:10CD4000FF376FF07048B1464FF0000A73E700BF3D
:10CD50000536002099999919FFF730BF00000000AF
:10CD600001F0FF01102A2BDB10F0070F08D010F89C
:10CD7000013B013A8B422DD010F0070F42B3F6D1A0
:10CD8000F0B441EA012141EA014122F007047FF0B9
:10CD900000070023F0E80256083C85EA010586EA10
:10CDA000010685FA47F5A3FA87F586FA47F6A5FA4C
:10CDB00087F68EB9EED1F0BC01F0FF0102F0070258
:10CDC00032B110F8013B013A83EA010313B1F8D103
:10CDD0000020704701387047002D06BF35460338E4
:10CDE000073815F0010F07D1013015F4807F02BF1D
:10CDF000013015F4C03F0130F0BC0138704700BF6E
:10CE000070B582B00446069D55B16AB10F480095D1
:10CE1000D0F8E4602046B047431C10D002B070BD8B
:10CE200000F1F405002AF1D1084B0095D3F8E46035
:10CE300011460123064A2046B047431CEED100228A
:10CE40008A232A60236002B070BD00BF9CC400200A
:10CE5000B42F002070B5054684B05BB11C4669B1A3
:10CE60000E4B2846D3F8E0602346B047431C0FD052
:10CE700004B070BD00F582740029F1D1074A234641
:10CE8000D2F8E06028460A4601A9B047431CEFD11A
:10CE900000228A2322602B6004B070BD9CC4002055
:10CEA00010B582B0049CCDE900344FF0FF3302F09E
:10CEB00071FD02B010BD00BF002100F001B800BF3D
:10CEC00010B500F007F9044601F07CF8A0F11A0350
:10CED000DBB2022B06D9A4F1090004288CBF002084
:10CEE000012010BD012010BD30B482B08DED000BCB
:10CEF000019A194C22F000430021A342016021DC79
:10CF0000009C1C431ED0154C144054B99FED107B5F
:10CF100020EE077B8DED007B019A6FF0350122F04A
:10CF2000004322F0FF42DDE9004522F4E00242F036
:10CF30007F551B1545F40015A3F2FE33CDE90045DE
:10CF40000B4403609DED000B02B030BC704700BF86
:10CF50000000000000005043FFFFEF7F0000F07F63
:10CF600000B50B4C25681446EE681A4685B003469A
:10CF70000D464CB107490095CDE9011430460649EC
:10CF800001F050F8F2F74EFE04490C46F3E700BFFB
:10CF900024CA0020D8330020E8330020B42F00201A
:10CFA000022932D00329C0F307231DBFA0F180025C
:10CFB00083F08003D2B2C2B203F15001C9B21F297B
:10CFC00006D84CF6D371884269D94FF0FF307047CC
:10CFD00003F13001C9B224290ED84FF2A64188428C
:10CFE000F3D8D03BC3EBC313A2F1A10000EB430085
:10CFF000304A32F810007047A13B072BE5D8DFE834
:10D0000003F0483E342E29252119C2B29E2AC0F3CE
:10D0100007210BD92332D2B280239F2994BF7039C4
:10D02000503103EB410303F0FF03C5E77E3AD2B270
:10D030007F23F2E7C02AC8D81F4BA2F1A10033F822
:10D0400010007047F12AC0D81C4B19E0D82ABCD870
:10D050001B4B15E0F62AB8D802F540507047F32A6A
:10D06000B3D802F53E5020307047164B134413F8E6
:10D07000A13C002BA9D002F57E4060307047124BD6
:10D08000A2F1A10033F81000002808BF4FF0FF30D4
:10D0900070470E4BA2F1A10033F810007047B03B6F
:10D0A000C3EBC313A2F1A10000EB4300084A32F81E
:10D0B000100070479C870020C43A0020203A0020CE
:10D0C000B03900205439002098380020DC37002087
:10D0D000043B002038B50546B9B101F595741249F5
:10D0E0002046FAF7C1FA28B928460121BDE83840A0
:10D0F000FFF756BF0D492046FAF7B6FA38B9284669
:10D100000221BDE83840FFF74BBF094CE7E709496A
:10D110002046FAF7A9FA28B928460321BDE8384085
:10D12000FFF73EBF284638BD7C37002080370020FF
:10D13000C6C500208837002038B5A1FB02148CBB7F
:10D14000F8F7E4F90546E0B150F8042C22F00302A8
:10D15000043A242A17D8132A1AD91B2AC0E90044F2
:10D160001DD9242A14BF00F1100200F118024FF05B
:10D170000003C0E9024404BF04614461C2E9003312
:10D180009360284638BD2146FAF7DEF8284638BDB8
:10D1900002460023C2E900339360284638BD00F1FF
:10D1A0000802F6E7FAF756FA0C2300250360E8E7D1
:10D1B0002DE9F04F03690C69A34283B0C0F2878068
:10D1C000013C01F11405A30000F11408009355F887
:10D1D000243058F82420013381469A4208EB840019
:10D1E00005EB84070190B2FBF3F63BD34FF0000C44
:10D1F000AE464046E24663465EF804BB02681FFA4C
:10D200008BFC06FB0C334FEA134C4FEA1B4B06FB1F
:10D210000BCC9BB2AAEB03031FFA8CFA13FA82F32E
:10D22000CAEB124202EB23429BB243EA0243774528
:10D2300040F8043B4FEA224A4FEA1C43DCD2009BF1
:10D2400058F8033073B9019B043B984504D307E0B9
:10D25000984504F1FF3403D253F80429002AF7D08B
:10D26000C9F810404846FEF7F3FE00282BDB0136D4
:10D270004146002355F8040BD1F800C082B29A1A37
:10D28000030C12FA8CF2C3EB1C4303EB224392B261
:10D2900042EA0342AF4241F8042B4FEA2343E9D26A
:10D2A00058F8242008EB84036AB9043B984504D35A
:10D2B00007E0984504F1FF3403D253F80429002A0B
:10D2C000F7D0C9F81040304603B0BDE8F08F002019
:10D2D00003B0BDE8F08F00BF2DE9F04F2DED028BBC
:10D2E0008FB08DED020B0191816B1A9D059357EC68
:10D2F000106B0446934641B1C26B4A6001239340D0
:10D300008B60FEF7EDFB0023A363B7F10008B4BF09
:10D31000012300232B60BE4BBCBF28F00048CDF892
:10D320000C8033EA080300F09F809DED028BB5EE80
:10D33000408BF1EE10FA11D1059A012313601B9B6B
:10D34000002B00F03F82B34B1B9A1360013B00930C
:10D3500000980FB0BDEC028BBDE8F08F0CAA0DA9B0
:10D360002046B0EE480BFEF7D3FF5FEA18530546A0
:10D3700040F09280DDE90C130B4403F23242202A84
:10D3800040F3FA82C2F1400208FA02F803F21242B4
:10D39000D64048EA060207EE102AB8EE477B581E30
:10D3A00017EE906A53EC172B4FF0010AA6F1F873B1
:10D3B0009FED913B9FED927B9FED935B06EE900A74
:10D3C00043EC122BB8EEE64BB7EE086B32EE466B31
:10D3D000A6EE037BA4EE057BFDEEC76BB5EEC07B2E
:10D3E000F1EE10FA16EE907A08D5B8EEE66BB4EED0
:10D3F000476BF1EE10FA18BF07F1FF37162F00F256
:10D400004581854B03EBC70393ED007BB4EEC78BDF
:10D41000F1EE10FA57D5091A0023B1F1010807F10E
:10D42000FF370A9300F1398100230693002F52DA67
:10D43000069B0497DB1B06937B420893019B092BF9
:10D440004FF000074ED8052B40F39D82043B01931B
:10D450000026019B9A1E032A00F22581DFE812F0C4
:10D46000AA03A7039D037E03059AC8F3130842F29B
:10D470000F7358EA060813601ED11B9B002B00F0A7
:10D480009185664B009308331B9A009813600FB088
:10D49000BDEC028BBDE8F08F18EE906AC6F3130660
:10D4A000A3F2FF3053EC182B46F07F530C994FF04A
:10D4B000000A43F440137BE71B9B002B40F03B83A7
:10D4C000574B009344E7091A0023B1F101080A936E
:10D4D00000F1E380069300230893019B0497092B36
:10D4E000B844B0D900230126019307964FF0FF39C5
:10D4F0009B460021E163CDF82C902046FEF7CAFA46
:10D500000090002800F04085009BA363B9F10E0F46
:10D5100000F2DC80002E00F0D980049B002B40F349
:10D52000DE833D4A03F00F0102EBC10292ED007B66
:10D530001A11DB0540F182833A4991ED086B02F044
:10D540000F02032088EE065B5AB13649D60704D590
:10D5500091ED006B013027EE067B521001F10801BE
:10D56000F4D185EE076B0A9B3BB1B7EE007BB4EEBE
:10D57000C76BF1EE10FA00F1AE8407EE900AB8EE38
:10D58000E75BB1EE0C7BA5EE067B17EE902A51EC23
:10D59000170BA2F15071B9F1000F00F08883049EBF
:10D5A0004A46079B002B00F04784B6EE003B1A4B1F
:10D5B000FDEEC64B03EBC20CB8EEE47B36EE477BC8
:10D5C0001CED026B83EE065B41EC160B14EE900A29
:10D5D00035EE465B0099B4EEC75B3030F1EE10FAE1
:10D5E00001F8010B00F3AC84B7EE002BB2EE044B54
:10D5F0004FF0000C31E000BF61436F63A787D23F5B
:10D60000B3C8608B288AC63FFB799F501344D33F31
:10D610000000F07FC1280020F00300200837002020
:10D6200014370020C80300200CF1010C94454DDA9A
:10D6300027EE047B25EE045BFDEEC76B16EE903AF9
:10D64000B8EEE63B303337EE437BB4EEC57BF1EE0C
:10D6500010FA01F8013B00F1738432EE476BB4EE2F
:10D66000C56BF1EE10FADFD5009A049602E08A420B
:10D6700000F05084894611F8013D392BF7D0013371
:10D68000DBB20B70049B0133049355E1091A0123AB
:10D69000B1F101080A937FF5C7AEC1F1010306930A
:10D6A0004FF00008C2E60026E66331462046FEF74A
:10D6B000F1F90090002800F06784009BA3634FF00D
:10D6C000FF330B9399460123B34607930D9A002A23
:10D6D00055DB04990E2952DCB74BBBF1000F03EB6D
:10D6E000C10393ED006B15DAB9F1000F12DC40F0C5
:10D6F000F282B1EE047B26EE077BB4EEC78BF1EE2F
:10D7000010FACA464E4600F26D82DDF800806FEADC
:10D710000B0B70E288EE067BBDEEC77B009917EE1F
:10D72000103AB9F1010F03F13003B8EEC75B01F80D
:10D73000013BA5EE468B00F03483B2EE044B01238F
:10D7400011E088EE067BBDEEC77B013317EE102A91
:10D750004B4502F13002B8EEC75B01F8012BA5EE94
:10D76000468B00F01E8328EE048BB5EE408BF1EE65
:10D7700010FAE6D1049B013304938946DCE0079B51
:10D7800043B3019B012B40F37682089B09F1FF3ADA
:10D79000534580F23F82089BCDF820A0AAEB0302FC
:10D7A00017444FF0000AB9F1000FC0F22583069B21
:10D7B00009934B44C844069301212046FEF794FA8E
:10D7C00006460CE07D4B009300980FB0BDEC028B39
:10D7D000BDE8F08F069BDDF820A0079E0993099B0A
:10D7E0006BB1B8F1000F0ADD434506991A46A8BF90
:10D7F0004246891A9B1A06910993A8EB0208089BD6
:10D8000063B1079B002B00F0A782BAF1000F00F371
:10D810000482089BB3EB0A0240F0FF8201212046FC
:10D82000FEF762FA002F824600F3AF80019B012BC6
:10D8300040F38781002308930120002F40F0B1803E
:10D84000404410F01F0000F07A81C0F12002042A49
:10D8500000F3888040F0F681069B002B05DD294609
:10D860001A462046FEF77CFB0546B8F1000F05DDA1
:10D87000514642462046FEF773FB82460A9B002B28
:10D8800040F03F81B9F1000F40F32581079B002B49
:10D8900040F0A380049B01330493DDF8008001274E
:10D8A00007E0294600230A222046FEF723F9013724
:10D8B000054651462846FFF77BFCB94500F130008C
:10D8C00008F8010BEDDCB9F1000F009ACCBFCB4694
:10D8D0004FF0010B034693440027294601222046BE
:10D8E0000193FEF73DFB51460546FEF7B1FB0028CC
:10D8F00040F3AF811BF8013C009A0BF1FF3B04E0C1
:10D900005A4500F0B1811BF8013D392B0BF101099B
:10D91000F6D001338BF8003051462046FEF7E0F890
:10D9200056B12FB1B74203D039462046FEF7D8F89A
:10D9300031462046FEF7D4F829462046FEF7D0F8B7
:10D94000002389F80030DDE904231A601B9B002BBB
:10D950003FF4FEAC0098C3F800900FB0BDEC028B12
:10D96000BDE8F08FC0F11C00069B03440693099BA1
:10D970000344099380446FE7C2F1200206FA02F2E1
:10D9800007EE102A09E5012663E501463A462046DE
:10D99000FEF786FA019B012B824640F3C5810023E6
:10D9A0000893DAF810200AEB82021069FEF74CF9AE
:10D9B000C0F1200044E700BFF0030020C028002091
:10D9C000314600230A222046FEF794F80B9B002BD9
:10D9D000064640F3CE8204979946099B002B05DD4D
:10D9E00031461A462046FEF7BBFA0646089B002B36
:10D9F00040F0EB81B046029B009F03F001027B1ECA
:10DA00004B440893019B0A921343099351462846BD
:10DA1000FFF7CEFB314683462846FEF719FB424608
:10DA2000514681462046FEF735FBC26801460BF1A0
:10DA30003003002A42D1CDE906032846FEF708FB51
:10DA4000069902902046FEF74BF8029A079B1AB9F6
:10DA50000999002900F07E82B9F1000FC0F283819C
:10DA6000019949EA01090A9951EA090900F07B8103
:10DA7000002A00F3C681089A3B7007F1010997421A
:10DA8000CB4600F0C481294600230A222046FEF737
:10DA900031F84645054631464FF000034FF00A0283
:10DAA000204612D0FEF726F84146064600230A22F9
:10DAB0002046FEF71FF84F468046A7E72046029310
:10DAC000FEF70EF8029B0122C6E7FEF713F84F4659
:10DAD000064680469AE7019B022B71DC079B002BD0
:10DAE0007FF47BAF049B5146013328460493FFF734
:10DAF0005FFBDDF800B000F130030BF8013B0027BD
:10DB0000EBE651462846FEF7A3FA0028BFF6BAAE68
:10DB1000294600230A222046FDF7ECFF049B5F1EE6
:10DB2000079B0546002B7FF44BAF0B9B002B40F36C
:10DB300018829946B1E6BC4B00930333A4E41C2041
:10DB400012E7DDE9020100287FF474AEC1F313028D
:10DB5000002A00F0F480029B08936DE601230793EE
:10DB6000049B5B4403F10109B9F1010FCC460B930F
:10DB7000B8BF4FF0010C0021BCF1170FE1637FF734
:10DB8000BCAC01200422520002F11403634501469B
:10DB900000F10100F7D9E163AFE401230793BBF182
:10DBA000000F52DDCDF82CB0D946DC46E3E7002368
:10DBB0000793D5E700230793F1E7DDF82C9004974E
:10DBC000B9F1000F7FF4A1AD51464B460522204626
:10DBD000FDF790FF014682462846FEF739FA0028F5
:10DBE0007FF793AD049B03F1010B009B3122984614
:10DBF00003F8012B009351462046FDF771FF0BF10E
:10DC00000103DDF800900493CDF80080002E7FF42E
:10DC10008FAE91E6A3EB0A0AC5E53146524620468F
:10DC2000FEF73EF92A46014606462046FEF78AF8E8
:10DC3000294605462046FDF753FFEAE50220B0EEEF
:10DC4000485B81E4C0F13C008EE64FF0010BD94601
:10DC50004FE403D1019BDB073FF54CAED9461BF8DF
:10DC6000013D302BFAD057E6049B009A0133049310
:10DC70003123137050E6BAF1000F00F0238102F255
:10DC80003342069B09931344DDF820A00693904489
:10DC900092E507EE900AB1EE0C5BB8EEE77BA6EEDC
:10DCA000075B15EE902A51EC150BA2F1507141EC77
:10DCB000150BB1EE047B36EE477BB4EEC57BF1EE7F
:10DCC00010FA00F33781B1EE455BB4EEC57BF1EE9F
:10DCD00010FA7FF5FBAC4FF0000A564615E500F050
:10DCE000F580049B51495A4202F00F0001EBC0013C
:10DCF00091ED006B121128EE066B00F04281B0EE40
:10DD0000467B4B4900260220D30705D591ED005BE9
:10DD10000130012627EE057B521001F10801F3D1F5
:10DD2000002E06FE076B1EE4029B002B7FF437AE2D
:10DD3000DDE90201C1F31302002A40F037813D4AB8
:10DD40000A40002A00F0FA80069B01330693012363
:10DD500008F1010808936FE52946089A2046FEF766
:10DD60009FF805465AE5002A12DD29460122204681
:10DD70000193FEF7F5F851460546FEF769F90028CC
:10DD8000019B40F3E180392B00F0CA800BF1310395
:10DD9000B94609F8013B049B0133374604934646D4
:10DDA000BAE538EE088BB4EEC68BF1EE10FA0ADC59
:10DDB000B4EE468BF1EE10FA7FF4DCAC17EE103ABD
:10DDC000D8077FF5D7AC009A54E471682046FDF778
:10DDD00061FE0746002800F0DE80336902339A00B6
:10DDE00006F10C010C30F1F729FA394601222046E0
:10DDF000FEF7B6F88046FEE5069BA3EB0903099300
:10DE0000DAE4392B00F08C80B9460133C1E7049A7B
:10DE100001323746049246465FE529462046FEF722
:10DE20003FF80546FAE400BF14370020F003002055
:10DE3000C80300200000F07F5E4BFDEEC65B03EBE5
:10DE4000C20C1CED023BB8EEE57B36EE477B41ECA5
:10DE5000160B15EE901A23EE063B00983031012A7E
:10DE600000F8011B00F08380B2EE044B009B991870
:10DE700027EE047BFDEEC76B16EE903A303300F8C8
:10DE8000013B8142B8EEE65B37EE457BF0D1B6EE62
:10DE9000006B33EE065BB4EEC75BF1EE10FA3FF5B4
:10DEA000E3AB36EE436BB4EEC76BF1EE10FA7FF7DF
:10DEB0000DAC8946013919F8013C302BF9D0731C9F
:10DEC000049339E50C9AC2F13602DAE60220B0EE8C
:10DED000486BFFF748BBB9F1000F3FF4DAAE0B9A7D
:10DEE000002A7FF7F3ABB2EE044B26EE046B013051
:10DEF00007EE900A049BB8EEE75BB1EE0C7BA6EE52
:10DF0000057B17EE90CA51EC170B5E1EACF15071F9
:10DF1000FFF747BB049B013304933123FFF7B1BBE9
:10DF2000049BBB4601330493392337460BF8013B6E
:10DF30004646E1E44FF0000A564653E608927BE479
:10DF4000731C04938946F7E47FF422AFDA077FF568
:10DF50001FAF18E7392BE3D0B9F1000F3FF716AF29
:10DF600016E7019B022B3FF728AE0497BAE501465E
:10DF70008DE7019B022B3FF720AEDDF82C90049734
:10DF80002BE50220FFF7EFBA0B4B0C48002240F2C2
:10DF9000AF11FEF7E5FF084B08483A4640F2EF2183
:10DFA000FEF7DEFF064B0093FFF7D2B9029B089302
:10DFB000F7E400BFF00300201834002018370020D9
:10DFC00008370020154B984223D870B5144E4FF0F7
:10DFD000000E40F6DB0403E002F1010EA64516DC5C
:10DFE00004EB0E0222F0010303EB620306EB430392
:10DFF000521059785D88B3F804C041EA05218C4479
:10E000006045E9D8884206D2541EA645E8DDFF20C7
:10E0100070BDFF207047187870BD00BFEF010E0083
:10E02000745200200EB410B583B005AB064C53F803
:10E03000042B01930146206800F07CF903B0BDE891
:10E04000104003B0704700BF24CA00202DE9F04FF4
:10E050009368176883B09246002B70D081468A6817
:10E0600008680C46083743E0A38913F4906F2ED05C
:10E07000D4E90416A0EB010806EB460606EBD676BB
:10E0800008F1010076102844B042324684BF0646AB
:10E0900032465B0537D511464846F7F737FA019007
:10E0A00000283AD042462169F1F7C8F8A289019BBD
:10E0B00022F4906242F08002A281A6EB080203EBF8
:10E0C00008006661A260236120602E46A846424691
:10E0D0005946F9F7BDF8DAF80830A2682068921BB3
:10E0E00040445B1BA2602060CAF808303BB308378D
:10E0F00057E902B5002DFAD0AA4216469046B3D988
:10E100002E46A846E3E74846F7F7C8FC0346002832
:10E11000D3D121694846F9F7C5FDA3890C2243F004
:10E120004003C9F800204FF0FF30A38100220023F4
:10E13000CAF80820CAF8043003B0BDE8F08F002008
:10E140000023CAF8043003B0BDE8F08F38B54B1C8B
:10E150001AD093891446126B23F02003A381CDB209
:10E16000AAB16268636B9A4209DA23685A1E226078
:10E1700003F8015C636801336360284638BD2146BB
:10E1800001F0DEF80028F0D04FF0FF35F5E7236905
:10E1900022682BB1934203D212F8013CAB420FD05C
:10E1A0006168E1632346A26304F1400103226263D4
:10E1B000216303F8425F0122C4E90032284638BDDA
:10E1C0006368013A0133C4E90023D6E710B50C4671
:10E1D000096B69B104F14003994201D0F9F762FD7E
:10E1E000E36B63600020206313B1A36B236010BD59
:10E1F000A3892169002243F02003C4E90012A3810E
:10E200004FF0FF3010BD00BF2DE9F04F85B0CDE9D4
:10E21000023202FB03F30E9C0193A3B3D4F804A0D3
:10E22000019B53458B4646D9A046019D58F8401B9B
:10E230000746002652465846F1F700F82368226B3D
:10E240005344A946C4E9003611463846D344A5EBE9
:10E250000A05E2B1424501D0F9F724FDE36B2663DC
:10E260006360A3B1A16B2160AB429A46E2D3029BEB
:10E2700001932A465846F0F7E1FFD4E90032521BD9
:10E280002B44C4E90032019805B0BDE8F08F019A33
:10E29000039B5244A2EB0902B2FBF3F30193A3895F
:10E2A0002269019843F02003A3810023C4E90023DD
:10E2B00005B0BDE8F08F21681D46D8E72DE9F84F7D
:10E2C0004B6E9C0490462DD59368126843B38B46E1
:10E2D000064602F1080959E9025A5FEA9A0715D081
:10E2E000043D002401E0A7420ED055F8041F5A4611
:10E2F000304601F097FA431C04F10104F3D10023E6
:10E30000C8E90133BDE8F88FD8F808302AF0030ACD
:10E31000A3EB0A03C8F8083009F10809002BDAD189
:10E320000020ECE701F048F80023C8E90133BDE81C
:10E33000F88F00BF2DE9F04F2DED028BC5B00DF128
:10E34000500A834608EE101A16460021082250464D
:10E350001C460793F8F7F8FFBBF1000F04D0DBF879
:10E360003430002B00F0A08618EE102A536EDB0725
:10E3700040F11385B2F90C108AB295040BD418EE53
:10E38000103A41F4005199815B6E8AB218EE101A6E
:10E3900023F400534B66100740F1058118EE103A44
:10E3A0001B69002B00F0FF8002F01A030A2B00F01B
:10E3B0000A810023CDE91933CDE90D331BAA0C9353
:10E3C000189291460B930593B0464446A84BD3F858
:10E3D000E450F9F7C7F82246034612A9CDF800A089
:10E3E0005846A847002800F04581C0F23981129AAA
:10E3F000252A034601D01C44E8E7B4EB080605468D
:10E4000040F03C81002361788DF8433004F101082D
:10E4100006934FF0FF371E462B2408F10108A1F1A7
:10E4200020035A2B00F27881DFE813F0B502760161
:10E430007601B0027601760176016A0076017601F6
:10E440007D028D02760188029702760192025B00BE
:10E450005B005B005B005B005B005B005B005B00E4
:10E4600076017601760176017601760176017601F4
:10E4700076015C02840076017601760176017601F0
:10E4800076017601760176017601E8007601760163
:10E49000760133027601DA02760176018B05760188
:10E4A00076017601760176017601760176017601B4
:10E4B00076015C028600760176017601CD02860047
:10E4C0007F007601C0027601FD02EA00ED027F00C6
:10E4D000760133027C006905760176016B057601D1
:10E4E0007C00A1F13003002218F8011B02EB82022C
:10E4F00003EB4202A1F13003092BF5D906928EE716
:10E500005846FEF74DFA43680D931846F9F7B8FAE6
:10E510000E9005465846FEF743FA83680B93002D8C
:10E5200040F0D68498F8001077E798F8001046F08D
:10E53000200672E746F01006B40640F18E81079B74
:10E54000073323F007031A46596852F8083B07922D
:10E550000A460029C0F27084791C00F0A28526F0DA
:10E560008001039153EA020100F03F840A2B72F10B
:10E57000000180F0418530338DF80F31039E012377
:10E5800004930DF20F14049BBB42B8BF3B460393A8
:10E59000002308939DF84330002B00F0CB80039BB1
:10E5A00001330393C6E018EE101A584618EE105ABD
:10E5B00001F07CF8002840F05286AA8902F01A0384
:10E5C0000A2B7FF4F6AE18EE101AB1F90E30002BBC
:10E5D000FFF6EFAE4B6EDB0702D4970540F11286D3
:10E5E00018EE101A23463246584600F069FE059090
:10E5F000059845B0BDEC028BBDE8F08F46F01006E3
:10E6000016F0200200F03681079B073323F0070342
:10E6100019465A6851F8083B079126F48061039126
:10E62000002100208DF84300781C00F01082039830
:10E6300020F0800653EA020040F00882002F40F0EC
:10E640003885002940F0D583039B13F00103049320
:10E6500000F0118430238DF80F310DF20F1492E782
:10E66000082200215046F8F76FFE01231C44ADE656
:10E670009CC40020B4EB080605461BD0199B1A9ACF
:10E6800001333244072BC9E900861A9219931CDD25
:10E69000002A00F0A68318EE101A18AA5846FFF7B1
:10E6A0000DFE20BB0DF16C09059B33440593002D35
:10E6B0007FF4A8AE1A9B002B40F0C18518EE103AEB
:10E6C0000022B3F90C30199215E009F10809EBE7C3
:10E6D00018EE101A18AA5846FFF7F0FD002800F0AF
:10E6E000A680089B1BB108995846F9F7DBFA18EE8B
:10E6F000103AB3F90C3018EE102A526E12F0010FD6
:10E700009AB200F0A080500600F1B285059845B09D
:10E71000BDEC028BBDE8F08F0029CBD000238DF833
:10E7200043300123CDE903338DF8AC102BAC00232B
:10E7300008931F4616F00203099302D0039B02338D
:10E74000039316F084030A9305D1069B039A9D1A3E
:10E75000002D00F37B82DDE91903411C9DF8432065
:10E7600082B101220133C9F8042007290DF14302C7
:10E77000CDE91913C9F8002000F34A82084609F1CF
:10E7800008090131099AE2B111AA0233C9F800203F
:10E7900007294FF00202CDE91913C9F8042040F30C
:10E7A0005082002B00F0438318EE101A18AA584626
:10E7B000FFF784FD002894D1DDE919030DF16C0900
:10E7C000411C0A9A802A00F08481049ABD1A002D07
:10E7D00000F3D781049AC9F8004013440729CDE912
:10E7E0001913C9F8042040F36E81002B00F07582E4
:10E7F00018EE101A18AA5846FFF760FD00287FF49B
:10E8000070AF1A9B0DF16C09750705D5069A03992F
:10E81000541A002C00F36B82DDE905210398814234
:10E82000ACBF521812180592002B7FF451AF089913
:10E8300000231993002900F049815846F9F732FA6C
:10E840000DF16C09C1E59C053FF55DAF18EE104A6E
:10E85000A06DF9F7FBF8A28955E7F006079A00F1D9
:10E860001F83710640F1198332F9043B0792DA17CE
:10E8700011466EE616F01003079940F0098316F072
:10E88000400000F001831A4651F8043B07919BB207
:10E89000C3E6079B1A4600238DF84330134653F80E
:10E8A000044B0393002C00F01284532900F065837D
:10E8B00016F0100540F061837B1C00F0B3843A46EB
:10E8C00029462046FEF74CFA0890002800F09F8465
:10E8D000031B039A049323EAE3732F4607920393DF
:10E8E000089557E6432902D0F50640F12D83079D90
:10E8F0000822002116A82BACF8F726FD16AB55F818
:10E90000042B21465846FEF7A5FA0346013304902E
:10E9100000F0B384049B079523EAE3730393002379
:10E920008DF8433003E7079B53F8042B0692002A27
:10E9300080F29C82069A5242CDE9062398F8001094
:10E9400046F0040669E598F800108DF8434064E548
:10E9500098F8001046F080065FE5424612F8011B69
:10E960002A2900F09684A1F13003092B90464FF03C
:10E9700000073FF654AD18F8011B07EB870703EBC0
:10E980004707A1F13003092BF5D948E598F80010A5
:10E9900046F0010641E59DF84330002B7FF4C2ADFF
:10E9A000202398F800108DF8433036E598F80010D1
:10E9B0006C2903BF98F8011046F0200608F1010801
:10E9C00046F0100629E598F80010682903BF98F86A
:10E9D000011046F4007608F1010846F040061CE5F7
:10E9E00046F010030393039B13F0200200F006820D
:10E9F000079B073323F0070319465A6851F8083B71
:10EA0000079101210DE6079A46F00203039352F89D
:10EA1000043B079247F63002ADF84420B84A0C9206
:10EA200002210022FDE5B70600F14882F50600F15B
:10EA30004683740600F1D583B00540F14083079BFF
:10EA4000059953F8042B07931170BEE4039601292E
:10EA50003FF48CAD022944AC11D10C9803F00F01A6
:10EA60001B09415C04F8011D43EA0273120953EAD1
:10EA70000201F3D1039E44AB1B1B049383E503F017
:10EA80000701DB0843EA4273D208303153EA02053A
:10EA9000204604F8011DF2D1039EF307EBD530297F
:10EAA000E8D03023023804F8013C44AB1B1A039E23
:10EAB0000493044667E5049B1B9401221C931A935C
:10EAC00019920DF16C0909F108099DE60DF16C0927
:10EAD0007BE4069A039D551B002D7FF776AE102D23
:10EAE00040F3BB83099418EE104A07E000F1020CD2
:10EAF00009F108091046103D102D1EDD8149C9F8A5
:10EB00000010421C10331021072ACDE91923C9F83F
:10EB10000410EBDD18AA002B74D0214658460DF1E5
:10EB20006C09FFF7CBFB00287FF4DBADDDE91903AF
:10EB3000103D102D00F1010CE0DC099C714AC9F870
:10EB400004502B44BCF1070FCDE919C3C9F80020CC
:10EB500040F39481002B00F01F8318EE101A18AABE
:10EB60005846FFF7ABFB00287FF4BBAD049ADDE904
:10EB70001903BD1A002D00F101010DF16C097FF799
:10EB800029AE102D29DD0994102718EE104A07E050
:10EB900000F1020C09F108091046103D102D1ADD94
:10EBA000421C58491033072AC9E90017CDE9192337
:10EBB000EEDD18AA03B3214658460DF16C09FFF7A4
:10EBC0007DFB00287FF48DADDDE91903103D102D8C
:10EBD00000F1010CE4DC099C61464A4AC9F8045082
:10EBE0002B440729CDE91913C9F8002000F3E78069
:10EBF00009F108090131EDE54FF0010C18460DF15E
:10EC00006C09CAE74FF0010C18460DF16C0972E768
:10EC1000002B00F0048118EE101A18AA5846FFF7CE
:10EC20004DFB00287FF45DADDDE919030DF16C09A2
:10EC3000411CA7E5022311AA1C931B9201210DF18F
:10EC40006C09084609F10809411CBAE5102D40F38A
:10EC5000E582DDE919130F94084618EE104A07E023
:10EC600000F1020C09F108091046103D102D1DDDC0
:10EC70002549C9F80010421C10331021072ACDE99C
:10EC80001923C9F80410EBDD18AA03B3214658462E
:10EC90000DF16C09FFF712FB00287FF422ADDDE9CE
:10ECA0001903103D102D00F1010CE1DC0F9C6046B2
:10ECB000154AC9F804502B440728CDE91903C9F8AF
:10ECC000002000F3C18009F10809411C46E51846FF
:10ECD0004FF0010C0DF16C09C7E77607199353D576
:10ECE000069A0399541A002C4EDD0DF16C09102C74
:10ECF00040F3B082199918EE106A10250DE000BF9C
:10ED0000AC37002078B2002064520020881C09F142
:10ED100008091146103C102C1ADD4A1CB348103368
:10ED2000072AC9E90005CDE91923EFDD18AA33B395
:10ED300031465846FFF7C2FA00287FF4D2ACDDE92D
:10ED40001913103C102C01F101000DF16C09E4DCE9
:10ED5000A64AC9F8044023440728CDE91903C9F895
:10ED600000207FF759AD7BB118EE101A18AA58464B
:10ED7000FFF7A4FA00287FF4B4AC1A9B4CE50120FD
:10ED800019460DF16C09C5E7DDE9053203998A42A0
:10ED9000ACBF9B185B18059349E5B2F90C108F05C1
:10EDA00018EE103A8AB23FF5E8AA18EE105A986D9C
:10EDB000F8F74AFEB5F90C108AB2FFF7DEBA002B5D
:10EDC0003FF479AE18EE101A18AA5846FFF776FAF3
:10EDD00000287FF486AC19991A9B01310DF16C095A
:10EDE000F8E419920DF16C095EE4002F7FF4C3ABD7
:10EDF000039E0027049744ACFFF7C5BB039B13F0A9
:10EE0000100354D1039A12F0400000F06B8107996F
:10EE10001A4651F8043B07919BB2012101E4099A7B
:10EE2000002A64D1184601210DF16C09C9E40121C1
:10EE300018460DF16C09C4E45B4262EB4202039692
:10EE40002D200121FFF7EEBB002B00F0888018EE8B
:10EE5000101A18AA5846FFF731FA00287FF441AC7F
:10EE6000DDE919030DF16C09411C77E498F80010F5
:10EE70000793FFF7D2BA44ACFFF785BB09F1080945
:10EE80000CF101016046A0E416F4007240F0978195
:10EE900051F8043B0791FFF7C0BBB30500F188812F
:10EEA00052F8043B0792DA171146FFF752BB079955
:10EEB00051F8043B07910121FFF7B3BB079B05986D
:10EEC00053F8041B0793C217C1E90002FFF77DBA8C
:10EED0000B9B002B3FF426AB0B9B1B78002B3FF4C6
:10EEE00021AB98F8001046F48066FFF796BA02232B
:10EEF00011AA1C931B9201200DF16C09A2E6039646
:10EF000071E53B4B0C9316F0200259D0079B073359
:10EF100023F0070318465A6850F8083B0790F40797
:10EF200009D553EA020006D08DF84510302146F08D
:10EF300002068DF8441026F4806103910221FFF748
:10EF400070BB2C4B0C93DEE7079B012153F8042B7D
:10EF500003918DF8AC20079304912BACDFE49DF86E
:10EF60004320002A40F03281099A002A7FF462AEE1
:10EF7000184601210DF16C0927E40021082216A88A
:10EF80001394F8F7E1F9791C00F0BC800025079490
:10EF90002C460CE02BA95846FDF75CFF421C204490
:10EFA00000F06B81B84208DC00F070810446139ACF
:10EFB000525916AB0435002AECD10494079CAFE0FB
:10EFC00016F0100307980CD116F0400405D01A462D
:10EFD00050F8043B07909BB2A1E716F4007240F092
:10EFE000E18050F8043B079099E700BF645200208D
:10EFF000AC370020C03700200399049744AC9E46EC
:10F0000008EE90BA01F480664FF0000C234606E04B
:10F01000BEF10A0F72F1000239D3A6462A46A6496C
:10F020001EEB020040F100000F46A1FB001424F08B
:10F03000030101EB9401401ABEEB00014FF0CC3507
:10F0400062F1000405FB01F507FB0455A1FB074134
:10F050000D44052704F00101A1FB071B09186408F2
:10F06000303103F8011C44EAC5740CF1010C013B7A
:10F070006D08002ECCD00B9909786145C8D1BCF140
:10F08000FF0FC5D0BEF10A0F72F100026CD21C4610
:10F0900044AB1B1B049F039E049318EE90BAFFF72A
:10F0A00072BA0396FFF762BA5846F8F753F8FFF7BB
:10F0B0005BB9012903967FF4CDACFFF75CBA079BDF
:10F0C000059953F8042B11600793FFF77EB9062FBB
:10F0D0003B46039A794C079228BF06230493039377
:10F0E000FFF725BB039B079913F4007214BF51F877
:10F0F000043B51F8043B07911CBF0246DBB20121DF
:10F10000FFF78FBA16AB00930023194613AA58468F
:10F11000FDF7C6FE03460133049000F0AE80139461
:10F12000049B002B30D0632B63DC002308932BACB3
:10F130000822002116A8F8F707F9049D16AB0093E2
:10F1400013AA2B4621465846FDF7AAFE854240F0F9
:10F15000AB80039B049A07930023A3541F4622EA23
:10F16000E2730393FFF716BA0E9A0D999B1A18468D
:10F170000893F8F7A1F90B99089B4A780AB1013175
:10F180000B914FF0000C48E7039B0793049B0393FC
:10F190001F460893FFF7FEB9012118460DF16C09CF
:10F1A000FFF713BB50F8043B07902246DBB2B6E6EC
:10F1B00012F9043B0792DA171146FFF7CAB951F862
:10F1C000043B07910246DBB2FFF727BA01231C93E9
:10F1D00001210DF143031B930DF16C090B46FFF761
:10F1E000CDBA079B059953F8042B07931180FFF7BD
:10F1F000ECB8591C5846F6F789F9044600283CD06B
:10F20000089095E7886DF8F721FCFFF7E9B9039BB3
:10F210000793CDE90377089FFFF7BCB919981A9BAC
:10F22000013045E5039B07932046F8F729FC20EAC7
:10F23000E0732F46049003930895FFF7ABB918EEDF
:10F24000101A18AA5846FFF739F800283FF436AAD2
:10F25000FFF74DBA199801307AE58C466EE46B6E73
:10F26000D90705D4AB899A0502D4A86DF8F7EEFB4F
:10F270004FF0FF330593FFF749BA18EE102AB2F9A1
:10F280000C3043F040039381FFF735BA079C049795
:10F2900046E7079B98F8011053F8047B07939046C4
:10F2A00047EAE777FFF7B9B818EE102A938943F0D9
:10F2B00040039381FFF715BACDCCCCCCD4370020D6
:10F2C00070B50C468989ADF58E6D21F00201ADF85F
:10F2D0001410616E1B91E189ADF81610E169099176
:10F2E000616A0B911CA9029106914FF48061064658
:10F2F0000491079118A80021CDE900320891F8F790
:10F300009FFBDDE9003202A93046FFF713F8051E26
:10F3100007DB02A93046FDF7D9FA002818BF4FF0E5
:10F32000FF35BDF814305B0603D5A38943F04003D5
:10F33000A3811898F8F786FB28460DF58E6D70BDF1
:10F3400001F140032DE9F0410C46096B994214D0BC
:10F35000666B77003A46F6F7A1FB054640B300EB33
:10F360000608014632464046EFF768FFC4E90C57ED
:10F37000C4F800800020BDE8F0814FF48061F6F70A
:10F38000C5F8A8B194F842304FF48062C4E90C0289
:10F3900080F8FF3394F8413080F8FE3394F8402031
:10F3A00080F8FD2300F2FD3323600020BDE8F081EA
:10F3B0004FF0FF30DFE700BF9368002B00F085803F
:10F3C0002DE9F04FB1F90C300C461907804683B097
:10F3D000174698B225D523691BB310F002033D6888
:10F3E0002DD04FF0000ADFF8C0B25646B9465E4550
:10F3F0003346524628BF5B464046002E52D0E16954
:10F40000676AB847002856DDD9F808301B1A8244CD
:10F41000361AC9F80830002BE9D1002003B0BDE846
:10F42000F08F2146404600F041F9002840F0388135
:10F43000B4F90C303D6898B210F00203D1D110F04D
:10F44000010944D14E46009746B38205D4F808B06E
:10F4500040F18580B3455A4600F2B48010F4906FB5
:10F4600040F0C180206801924946F7F7F1FEA36899
:10F47000019AA3EB0B012368A1601344B2462360F9
:10F480000026009A9368A3EB0A03D1449360002BF3
:10F49000C3D0B4F90C0080B2002ED6D1D5E90096C5
:10F4A0000835D1E7D5E900A60835A0E72146404652
:10F4B000FDF70CFA88B3B4F90C3043F040034FF079
:10F4C000FF30A38103B0BDE8F08F002070471E46D7
:10F4D000BA469946184600951F4666B3002832D0B2
:10F4E0004A46D4E904132068A568B24228BF3246D0
:10F4F000884204D905EB030B5A4500F3A7809342D9
:10F5000064DCE169656A3A464046A847B0F1000B01
:10F51000D1DDB9EB0B09C9D00120DAF80830A3EB33
:10F520000B035F44A6EB0B06CAF80830002B3FF430
:10F5300074AF002ED2D1009A56681346083200925A
:10F54000002EF8D01F6832460A213846FDF708FC25
:10F55000002800F09C800130A0EB0709C0E720687C
:10F560002369984216D86269B24213D86FF00043FB
:10F57000B34228BF3346E16993FBF2F3676A02FBAB
:10F5800003F340464A46B847B0F1000A93DDA6EBC4
:10F590000A0676E7B345DA4628BFB24652464946E0
:10F5A000F7F756FEA3682268A3EB0A035244A36050
:10F5B0002260002BEBD121464046FDF787F9002859
:10F5C000E5D078E72068B34632464CE739460192E9
:10F5D000F7F73EFE019AA3689B1AA36023681344C1
:10F5E0002360934695E723682169A3EB010B6369C8
:10F5F00003EB430A0AEBDA7A0BF101034FEA6A0ADA
:10F6000033445345524684BF9A46524643052CD54F
:10F6100011464046F5F77AFF00283BD05A4621694B
:10F620000190EFF70BFEA289019B22F4906242F059
:10F630008002A28103EB0B002361AAEB0B03C4F849
:10F6400014A0A3602060B34632460CE739465A4600
:10F65000F7F7FEFD23685B44236021464046FDF733
:10F6600035F900283FF455AF25E74046F6F716FA7E
:10F6700003460028DED121694046F8F713FBB4F9B0
:10F680000C300C2223F08003C8F8002015E7721C10
:10F69000914626E70C22B4F90C30C8F800200CE79C
:10F6A0004FF0FF30BAE600BF00FCFF7F38B5314BAA
:10F6B0001B6805460C4613B15A6B002A4ED0B4F9AC
:10F6C0000C3018079AB21CD5216929B312F0010039
:10F6D00007D00020A06060694042A06139B10020DD
:10F6E00038BD950758BF6069A0600029F7D11206A0
:10F6F00058BF0846F4D543F04003A3814FF0FF30D4
:10F7000038BDD1062ED5520714D4216943F0080321
:10F71000A3819AB20029D9D102F42070B0F5007FFC
:10F72000D4D02146284600F047F9B4F90C302169BD
:10F730009AB2CBE7216B51B104F14002914204D05F
:10F740002846F8F7AFFAB4F90C3000222263216999
:10F750000022C4E9001223F02403D7E71846F7F784
:10F76000F9FCACE7092243F040032A604FF0FF3078
:10F77000A38138BD24CA00202DE9F04782B082461B
:10F7800088461446F7F7EEFE012803D108F1FF334F
:10F79000FE2B36D90DF10409424604F15C034946BB
:10F7A0005046FDF757FB421C064632D020B39DF869
:10F7B00004C0002509E023685A1C226083F800C0B9
:10F7C0000135B54218D219F801CFA368013B002BCF
:10F7D000A360F0DAA769BB4261462246504602DBCD
:10F7E000BCF10A0FE7D100F053F9431CE8D10646FB
:10F7F000304602B0BDE8F0874646304602B0BDE86C
:10F80000F0875FFA88FC8DF804C006460DF1040904
:10F81000CFE7A389304643F04003A38102B0BDE89F
:10F82000F08700BF30B5536E13F0010FB2F90C3002
:10F83000144683B005469AB201D198051CD59004B0
:10F8400006D4626E43F4005342F40052A381626610
:10F8500022462846FFF790FF636EDA07054602D47A
:10F86000A3899B0502D5284603B030BDA06DF8F7EB
:10F87000EDF8284603B030BDA06D0191F8F7E4F82B
:10F88000B4F90C3001999AB2D9E700BF2DE9F04FD5
:10F890008BB0DDE9158A149F0391814605921E46BF
:10F8A000B8F1000F5CD0039B002B5ED0059B1D6858
:10F8B000002F6AD0741E4EB3039B0493043D0026B0
:10F8C00001950BE0039B2BBB019B1A68002A3AD0E1
:10F8D000BC455CD2013C631C664617D0D8F80030AA
:10F8E0000293019BDAF8E05053F8042F019307A923
:10F8F00043464846D8F804B0A847421C3AD000EB2B
:10F90000060CBC45DED9029BC8E9003B30460BB073
:10F91000BDE8F08F00280EDD049B019D18445A1E9F
:10F9200007A900F1FF3E11F8013B02F8013F7245C3
:10F93000F9D101950490059B1A6804321A60019B65
:10F940001A68002AC4D1039B0BB1059B1A600CF105
:10F95000FF3600223046C8F800200BB0BDE8F08F1B
:10F96000039B00F58678002BA0D1059B4FF0FF3755
:10F970001D689FE706468A2100223046C9F800101C
:10F98000C8F800200BB0BDE8F08F3E46BEE76646E3
:10F99000BCE700BF10B584B0054C069800900798EE
:10F9A0000190044800680294FFF770FF04B010BD96
:10F9B0009CC4002024CA00202DE9F0418B890C460C
:10F9C000990796B008D504F143030122C4E9043233
:10F9D000236016B0BDE8F081B4F90E100029064688
:10F9E00025DB6A4600F0ACF800281FDB019D05F41A
:10F9F0007045A5F50055B5FA85F54FF480686D0999
:10FA00004FF4006741463046F5F780FDE0B1B4F9A8
:10FA10000C30C4F8148043F0800320602061A3817F
:10FA200035BB3B43A38116B0BDE8F081A38913F039
:10FA3000800519D04FF040080025414630462F463A
:10FA4000F5F764FD0028E2D1B4F90C309A05C0D472
:10FA500023F0030304F1430243F002030121C4E94C
:10FA60000421A3812260B4E74FF480682F46C9E7E0
:10FA7000B4F90E10304600F079F810B9B4F90C3032
:10FA8000CFE7A38923F0030343F001031BB2C8E7C8
:10FA9000F8B50D461446064610B1436B002B4CD00A
:10FAA000B4F90C20A369A360170790B21BD5236992
:10FAB000CBB1EDB281042F4622D522686169D31AF9
:10FAC000994229DD0133A1680139A160511C2160EF
:10FAD000157062699A4227D0A389DB0701D50A2DE8
:10FAE00022D03846F8BD21463046FFF7DFFD08BB7F
:10FAF000B4F90C20236990B2EDB281042F46DCD416
:10FB000042F40052A281626E616922F40052626680
:10FB10002268D31A9942D5DC21463046FCF7D6FE3E
:10FB200040B922680123CEE721463046FCF7CEFEDD
:10FB30000028D6D04FF0FF37D3E7F7F70BFBAFE73E
:10FB400070B50C46084D03460026204611461C465B
:10FB50002E60F0F759F8431C00D070BD2B68002BC5
:10FB6000FBD0236070BD00BF5085012038B5074D24
:10FB70000022044608462A60F0F74CF8431C00D0E7
:10FB800038BD2B68002BFBD0236038BD5085012089
:10FB900081F0004102E000BF83F0004330B54FEA3E
:10FBA00041044FEA430594EA050F08BF90EA020FAB
:10FBB0001FBF54EA000C55EA020C7FEA645C7FEA3E
:10FBC000655C00F0E2804FEA5454D4EB5555B8BF61
:10FBD0006D420CDD2C4480EA020281EA030382EAD2
:10FBE000000083EA010180EA020281EA0303362D64
:10FBF00088BF30BD11F0004F4FEA01314FF4801C37
:10FC00004CEA113102D0404261EB410113F0004F48
:10FC10004FEA03334CEA133302D0524263EB4303FF
:10FC200094EA050F00F0A780A4F10104D5F1200E9D
:10FC30000DDB02FA0EFC22FA05F2801841F10001F8
:10FC400003FA0EF2801843FA05F359410EE0A5F1CC
:10FC500020050EF1200E012A03FA0EFC28BF4CF0FD
:10FC6000020C43FA05F3C01851EBE37101F00045B3
:10FC700007D54FF0000EDCF1000C7EEB00006EEBC0
:10FC80000101B1F5801F1BD3B1F5001F0CD349084A
:10FC90005FEA30004FEA3C0C04F101044FEA4452A1
:10FCA00012F5800F80F09A80BCF1004F08BF5FEA28
:10FCB000500C50F1000041EB045141EA050130BD08
:10FCC0005FEA4C0C404141EB0101013C28BFB1F51A
:10FCD000801FE9D291F0000F04BF01460020B1FA65
:10FCE00081F308BF2033A3F10B03B3F120020CDA38
:10FCF0000C3208DD02F1140CC2F10C0201FA0CF016
:10FD000021FA02F10CE002F11402D8BFC2F1200C7A
:10FD100001FA02F120FA0CFCDCBF41EA0C01904030
:10FD2000E41AA2BF01EB0451294330BD6FEA040479
:10FD30001F3C1CDA0C340EDC04F11404C4F1200264
:10FD400020FA04F001FA02F340EA030021FA04F376
:10FD500045EA030130BDC4F10C04C4F1200220FACD
:10FD600002F001FA04F340EA0300294630BD21FA0B
:10FD700004F0294630BD94F0000F83F4801306BFD1
:10FD800081F480110134013D4EE77FEA645C18BFC5
:10FD90007FEA655C29D094EA050F08BF90EA020F5C
:10FDA00005D054EA000C04BF1946104630BD91EA54
:10FDB000030F1EBF0021002030BD5FEA545C05D157
:10FDC0004000494128BF41F0004130BD14F5800496
:10FDD0003CBF01F5801130BD01F0004545F0FE410A
:10FDE00041F470014FF0000030BD7FEA645C1ABF3F
:10FDF000194610467FEA655C1CBF0B46024650EA76
:10FE0000013406BF52EA033591EA030F41F40021A1
:10FE100030BD00BF90F0000F04BF0021704730B527
:10FE20004FF4806404F132044FF000054FF00001FC
:10FE300050E700BF90F0000F04BF0021704730B5BD
:10FE40004FF4806404F1320410F0004548BF404292
:10FE50004FF000013EE700BF42004FEAE2014FEAE7
:10FE600031014FEA02701FBF12F07F4393F07F4FC2
:10FE700081F06051704732F07F4208BF704793F0C5
:10FE80007F4F04BF41F40021704730B54FF46074D8
:10FE900001F0004521F000411CE700BF50EA0102DB
:10FEA00008BF704730B54FF000050AE050EA010284
:10FEB00008BF704730B511F0004502D5404261EBF4
:10FEC00041014FF4806404F132045FEA915C3FF435
:10FED000D8AE4FF003025FEADC0C18BF03325FEAD2
:10FEE000DC0C18BF033202EBDC02C2F1200300FA83
:10FEF00003FC20FA02F001FA03FE40EA0E0021FAA8
:10FF000002F11444BDE600BF08B502460B4643ECBF
:10FF1000172BB5EEC07BF1EE10FA03D4BDE8084014
:10FF200000F00AB8B1EE477B51EC170B00F004F873
:10FF3000404261EB410108BD9FED0B6B41EC170B9B
:10FF40009FED0B5B27EE066BBCEEC66BB8EE464B27
:10FF5000A4EE457BFCEEC77B16EE101A17EE900A56
:10FF6000704700BFAFF30080000000000000F03DCC
:10FF7000000000000000F0415FF800F01D29006063
:10FF80005FF800F09D2100605FF800F069190060E3
:10FF90005FF800F0C52900605FF800F07916006096
:10FFA0005FF800F0911A00605FF800F0D916006069
:04FFB000F8B500BFE1
:08FFB4004410FF7F0100000072
:10FFBC000000000000000000000000000000000035
:10FFCC000000000000000000000000000000000025
:10FFDC000000000000000000000000000000000015
:10FFEC000000000000000000000000000000000005
:04FFFC000000000001
:02000004600496
:1000000000000000000000000000000000000000F0
:1000100000000000000000000000000000000000E0
:1000200000000000000000000000000000000000D0
:1000300000000000000000000000000000000000C0
:1000400000000000000000000000000000000000B0
:1000500000000000000000000000000000000000A0
:100060000000000000000000000000000000000090
:100070000000000000000000000000000000000080
:100080000000000000000000000000000000000070
:100090000000000000000000000000000000000060
:1000A0000000000000000000000000000000000050
:1000B0000000000000000000000000000000000040
:1000C0000000000000000000000000000000000030
:1000D0000000000000000000000000000000000020
:1000E0000000000000000000000000000000000010
:1000F0000000000000000000000000000000000000
:1001000000000000000000000000000000000000EF
:1001100000000000000000000000000000000000DF
:1001200000000000000000000000000000000000CF
:1001300000000000000000000000000000000000BF
:1001400000000000000000000000000000000000AF
:10015000000000000000000000000000000000009F
:10016000000000000000000000000000000000008F
:10017000000000000000000000000000000000007F
:10018000000000000000000000000000000000006F
:10019000000000000000000000000000000000005F
:1001A000000000000000000000000000000000004F
:1001B000000000000000000000000000000000003F
:1001C000000000000000000000000000000000002F
:1001D000000000000000000000000000000000001F
:1001E000000000000000000000000000000000000F
:1001F00000000000000000000000000000000000FF
:1002000000000000000000000000000000000000EE
:1002100000000000000000000000000000000000DE
:1002200000000000000000000000000000000000CE
:1002300000000000000000000000000000000000BE
:100240000000F03F748515D3B0D9EF3F0F89F96CEA
:1002500058B5EF3F515B12D00193EF3F7B517D3C8E
:10026000B872EF3FAAB968318754EF3F3862756EB4
:100270007A38EF3FE1DE1FF59D1EEF3F15B7310ADB
:10028000FE06EF3FCBA93A37A7F1EE3F2234124CDE
:10029000A6DEEE3F2D89616008CEEE3F272A36D5D7
:1002A000DABFEE3F824F9D562BB4EE3F295448DD16
:1002B00007ABEE3F85553AB07EA4EE3FCD3B7F665F
:1002C0009EA0EE3F745FECE8759FEE3F8701EB73F5
:1002D00014A1EE3F13CE4C9989A5EE3FDBA02A4234
:1002E000E5ACEE3FE5C5CDB037B7EE3F90F0A38269
:1002F00091C4EE3F5D253EB203D5EE3FADD35A9992
:100300009FE8EE3F475EFBF276FFEE3F9C5285DDB5
:100310009B19EF3F6990EFDC2037EF3F87A4FBDCB0
:100320001858EF3F5F9B7B33977CEF3FDA90A4A296
:10033000AFA4EF3F40456E5B76D0EF3F000000007A
:100340000000E8429423914BF86AAC3FF3C4FA50A2
:10035000CEBFCE3FD6520CFF422EE63F000000003B
:1003600000003843FE822B65471547409423914B8C
:10037000F86ABC3EF3C4FA50CEBF2E3FD6520CFFF3
:10038000422E963F0080E03779C34143176E05B592
:10039000B5B89346F5F93FE9034F384D321D30F9B2
:1003A0004877825A3CBF737FDD4F1575000000000F
:1003B0000000F03F000000000000244000000000AA
:1003C000000059400000000000408F400000000085
:1003D0000088C34000000000006AF84000000000F0
:1003E00080842E4100000000D01263410000000014
:1003F00084D797410000000065CDCD41000000206A
:100400005FA00242000000E876483742000000A2E8
:10041000941A6D42000040E59C30A2420000901EFC
:10042000C4BCD64200003426F56B0C430080E03794
:1004300079C3414300A0D8855734764300C84E673E
:100440006DC1AB43003D9160E458E143408CB57809
:100450001DAF154450EFE2D6E41A4B4492D54D0639
:10046000CFF08044F64AE1C7022DB544B49DD97956
:100470004378EA44BEF3F879EC61F63F1930965BB5
:10048000C6FEDEBF3D88AF4AED71F53FA4FCD43215
:10049000680BDBBFB010F0F03995F43F7BB71F0A53
:1004A0008B41D7BF8503B8B095C9F33F7BCF6D1A99
:1004B000E99DD3BFA564880C190DF33F31B6F2F363
:1004C0009B1DD0BFA08E0B7B225EF23FF07A3B1BC0
:1004D0001D7CC9BF3F341A4A4ABBF13F9F3CAF93D2
:1004E000E3F9C2BFBAE58AF05823F13F5C8D78BFCB
:1004F000CB60B9BFA70099413F95F03FCE5F47B6AB
:100500009D6FAABF000000000000F03F0000000047
:1005100000000000AC479AFD8C60EE3F3DF5249F43
:10052000CA38B33FA06A021FB3A4EC3FBA91385453
:10053000A976C43FE6FC6A573620EB3FD2E4C44AB2
:100540000B84CE3F2DAAA163D1C2E93F1C65C6F042
:100550004506D43FED417803E686E83FF89F1B2C23
:100560009C8ED83F624853F5DC67E73FCC7BB14EA9
:10057000A4E0DC3F0B6E49C91676D23F7AC675A05F
:100580006919D7BFDDBAA76C0AC7DE3FC8F6BE48F7
:100590004715E7BF2BB82A654715F73FBC89D897A1
:1005A000B2D29C3C33A7A8D523F649393DA7F444E1
:1005B000FD0FA5329D978CCF08BA5B25436FAC64C5
:1005C0002806681170B1002074B1002078B10020B5
:1005D0007CB1002080B1002084B1002088B10020CF
:1005E0008CB1002090B1002094B1002098B100207F
:1005F0009CB10020050A0201000F000050A020104D
:1006000000F00000005AB400536166657479204F11
:100610006666000066733100006673320000667320
:10062000330000667334000066733500006673366D
:100630000000667337000066733800006673390087
:1006400000667331300066733131006673313200F9
:10065000667331330066733134006673313500667A
:10066000733136007377310073773200737733005C
:10067000737734007431000074320000743300006A
:1006800074340000743500007436000074370000C4
:100690007438000074390000743130007431310056
:1006A0006368310063683400636832006368330054
:1006B0006E31006E34006E32006E330063310063C1
:1006C00032006333006334007261746520737769AC
:1006D00074636800726174652031000000000000DE
:1006E0007261746520320000000000007261746560
:1006F000203300000000000063310000633200007E
:10070000633300006334000063350000633600008B
:100710006337000063380000633900006331300044
:1007200063313100633132006331330063313400AF
:1007300063313500633136006E3400006E350000E1
:100740006E3600006E3700006E3800006E39000013
:100750006E3130006E3131006E3132006E31330057
:100760006E3134006E3135006E3136006E31370037
:100770006E3138006E3139006E3030006E3100005D
:100780006E3200006E3300006E3400006E350000E3
:100790006E3600006E3700006E3800006E390000C3
:1007A0006E3130006E3131006E3132006E31330007
:1007B0006E3134006E313500636831000063683299
:1007C000000063683300006368340000636835002C
:1007D0000063683600006368370000636838000013
:1007E0006368390000636831300063683131006349
:1007F0006831320063683133006368313400636804
:10080000313500636831360053636831000053634B
:10081000683200005363683300005363683400009B
:1008200053636835000053636836000053636837CC
:100830000000536368380000536368390000536355
:1008400068313000536368313100536368313200DE
:100850005363683133005363683134005363683144
:1008600035005363683136002028312900002832D2
:1008700029200000202833290000283429200000E6
:100880002028352900002836292000002028372973
:1008900000002838292000002028392900002831AC
:1008A0003029200020283131290028313229200028
:1008B00020283133290028313429200020283135DF
:1008C00029002831362920006E3000006E310000EA
:1008D0006E3200006E3300007433007434007435DF
:1008E000007436004368616E6E656C203900004309
:1008F00068616E6E656C203130004368616E6E65B4
:100900006C203131004368616E6E656C20313200BD
:100910007230007231007232007233007234007231
:1009200035007236007237007238007239000000EC
:100930006E3000006E3100006E3200006E33000039
:100940006E3400006E3500006E3600006E37000019
:100950006E3800006E3900006E3130006E313100AB
:100960006E3132006E3133006E3134006E3135003D
:1009700028B10020B41600201CAF002034B10020A4
:1009800040B1002084AE00204CB1002058B10020BE
:1009900064B10020E0B000203429002058AF0020CE
:1009A000ECB00020F8B000206CAE002004B10020B4
:1009B00010B100201CB100206E300000006E31002C
:1009C00000006E320000006E330000006E34000044
:1009D000006E350000006E360000006E370000002B
:1009E0006E313600006E313800006E323000006E1D
:1009F000380000006E390000006E313000006E31AA
:100A00003100006E313200006E313300006E31343F
:100A100000006E313500006E313700006E31390054
:100A2000006E3231000000006368310000636832FC
:100A300000006368330000636834000063683500B9
:100A400000636836000063683700006368380000A0
:100A5000743133000074313400007431360000000A
:100A600043683100004368320000436833000043AC
:100A7000683400004368350000436836000043686E
:100A8000370000436838000043683900004368318C
:100A900030004368313100436831320043683133FC
:100AA0000043683134004368313500436831360013
:100AB000636C69636B20666D312C3100636C696314
:100AC0006B20666D322C3100636C69636B20666D40
:100AD000332C3100636C69636B20666D342C3100FC
:100AE000424B3100424B3200424B3300424B340008
:100AF000414D53206973206F6E000000000000001C
:100B0000414D53206973206F6666000000000000AD
:100B10007431330000007431350000007431370047
:100B20000000743138000000743139000000743264
:100B300030000000743231000000743232000000D6
:100B40007432330000007432340000007432350017
:100B500000000000766973206E302C310000000028
:100B6000766973206E312C310000000076697320A5
:100B70006E322C3100000000766973206E332C3108
:100B800000000000766973206E342C3100000000F4
:100B9000766973206E352C31000000007669732071
:100BA0006E362C3100000000766973206E372C31D0
:100BB00000000000766973206E382C3100000000C0
:100BC000766973206E392C3100000000766973203D
:100BD0006E31302C31000000766973206E302C307D
:100BE00000000000766973206E312C300000000098
:100BF000766973206E322C30000000007669732015
:100C00006E332C3000000000766973206E342C3077
:100C100000000000766973206E352C300000000063
:100C2000766973206E362C300000000076697320E0
:100C30006E372C3000000000766973206E382C303F
:100C400000000000766973206E392C30000000002F
:100C5000766973206E31302C300000006A3000005D
:100C60006A3130006A3131006A3600006A350000AE
:100C70006A3400006A3300006A3900006A320000FA
:100C80006A3800006A3700006E3000006E310000E4
:100C90006E3200006E3300006E3400006E350000CE
:100CA0006E3600006E3700006E3800006E390000AE
:100CB0006E3130004E6F7420696E207573650000D0
:100CC0000000000000000000000000000000000024
:100CD000000000000000000041696C65726F6E004A
:100CE000000000456C657661746F72000000546806
:100CF000726F74746C6500000052756464657200F4
:100D000000000000436820350000000000000043A0
:100D10006820360000000000000043682037000013
:100D200000000000004368203800000000000000C0
:100D30004368203900000000000000436820313083
:100D40000000000000004368203131000000000076
:100D50000043682031320000000000004368203169
:100D60003300000000000043682031340000000020
:100D70000000436820313500000000000043682077
:100D80003136000000000000556E6B6E6F776E000C
:100D90000000000000000000000000000000000053
:100DA0000000000000000000726174653100726193
:100DB0007465320072617465330000006E32006E3B
:100DC00030006E31006E33006E36006E34006E35CA
:100DD000006E37004E65774E616D650000000000C3
:100DE0000000000000000000000000000000000003
:100DF00000000000010000000000000000000000F2
:100E000001010100000000000000000000000000DF
:100E1000000100002E76616C3D00000044697363A0
:100E20006172642065646974656420504944733F4D
:100E300000000000416C6C2062616E6B730000006A
:100E4000524620476F7665726E6F72202850726F1F
:100E500066696C653A200000526563656976657263
:100E600020747970653A200046696C65206E6F7455
:100E700020666F756E643A200000000028692E65B8
:100E80002E206A757374206368616E6765206974CB
:100E9000732066696C656E616D6529004E6577200B
:100EA00066696C656E616D653F00000052656E613C
:100EB0006D652074686973206261636B75700000F2
:100EC000526573657420636C6F636B3F00000000B4
:100ED000436C6F636B2072657365742100000000C2
:100EE00074313400526174652000000074380000D1
:100EF0006274302E62636F3D000000006274302E19
:100F000070636F323D0000006274302E62636F3296
:100F10003D0000006274302E70636F3D00000000E1
:100F20002020205458206973206E657765722074E4
:100F300068616E20525800002020205258206973AA
:100F4000206E65776572207468616E2054580000C9
:100F500025732062792025642064617925732E0D24
:100F60000A0D0A596F75206D696768742077616E84
:100F70007420746F20757064617465206F6E6520D5
:100F80006F7220626F74682E00000000534420636B
:100F9000617264206D697373696E672100000000DF
:100FA0004D6F64656C2064656C6574656421000038
:100FB000506970653A2000004E6F74207573656447
:100FC00020202020202020202000000042616E6B85
:100FD00020342026204D6F746F72202052000000B4
:100FE00042616E6B7320312032203320205200008A
:100FF0005361666574792020520000004275646474
:101000007920205200000000526174657320205244
:10101000000000002028436820392920000000003B
:101020002028436820313029200000002028436810
:101030002031312920000000202843682031322946
:101040002000000022322E353235220022322E348A
:101050003936220022322E343634220022322E3407
:101060003332220022322E343030220025642720F1
:101070002564272700000000436F6E74696E756554
:1010800020776974686F75742047505320666978BB
:101090003F000000706167652047505356696577CF
:1010A0000000000064474D54000000007061676557
:1010B00020000000426C616E6B566965770000008D
:1010C00070616765205246476F7656696577000004
:1010D0004C6F6164696E6720676F7665726E6F72C0
:1010E0002076616C756573202E2E2E0074323600CA
:1010F000476F7665726E6F722076616C75657320CE
:10110000666F722042616E6B20000000207765726E
:101110006520656469746564200D0A627574206ECB
:101120006F742073617665642E2028546F6F206C75
:10113000617465206E6F7721290D0A536F20796FD6
:1011400075206D61792077616E7420746F206368FB
:1011500065636B207468656D2E0000004C6F6164E0
:10116000696E67205049447320666F72202000002A
:10117000706167652050494456696577000000003A
:101180005049447320666F722042616E6B200000EC
:10119000417265204D61737465722773207377699E
:1011A00074636820706F736974696F6E73204F4B3E
:1011B0003F00000076697320627573792C3000005F
:1011C0007669732062322C31000000002073656361
:1011D0006F6E640053656C65637420004E6F7420FD
:1011E000696E20757365000046696C6520657272D2
:1011F0006F723F0070616765205458536574757055
:10120000566965770000000052656D6F746520496E
:1012100044203D20000000002558000070616765F3
:10122000204D6F64656C7356696577004D6F64651A
:101230006C2069732061726D656420616E64206446
:10124000616E6765726F7573210D0A284469736159
:10125000726D206D6F64656C20746F2065646974B5
:1012600020504944732E290053746F7265204944FD
:1012700020666F72200000004D6F64656C20494449
:10128000206E6F742073746F7265642E000000000E
:1012900049442077617320616C72656164792073C1
:1012A000746F7265642E00004E6F20494420746F85
:1012B0002073746F72652E004D6F64656C20494415
:1012C0002073746F7265642E00000000436C6F73AE
:1012D000696E6720646F776E202E2E2E000000004E
:1012E0007669732074302C31000000005472616EF6
:1012F000736D697474657220706F776572656420B0
:101300006F6666207768696C65207374696C6C2001
:10131000636F6E6E65637465640000005361766987
:101320006E67200044656C657465200044656C65DB
:10133000746520494420666F722000004D6F64651B
:101340006C2049442064656C657465642E0000005F
:101350004D6F64656C2049442072657461696E65E7
:10136000642E00004E6F206D6F64656C2049442030
:101370006E6F7420666F756E642E00007669732040
:101380006368312C30000000766973206368322C6A
:1013900030000000766973206368332C3000000051
:1013A000766973206368342C3000000076697320FE
:1013B0007472616C6C2C3000766973206368312C18
:1013C00031000000766973206368322C3100000020
:1013D000766973206368332C3100000076697320CE
:1013E0006368342C31000000766973207472616C7C
:1013F0006C2C310076697320657870302C310000D8
:101400004D61782064697374616E63652066726FE4
:101410006D206D61726B3A200000000020796172CE
:10142000647300004D617820616C74697475646543
:10143000202866726F6D20475053293A2000000023
:1014400020666565740000004D6178205370656505
:10145000643A2000204D5048000000004E756D6237
:101460006572206F6620736174656C6C6974657356
:101470003A2000004275646479206E6F7420666FB4
:10148000756E6400427564647920666F756E6421C0
:1014900000000000202020202020202020202020CC
:1014A0002020202043616E6E6F742073656E64216E
:1014B0000D0A0D0A526563656976696E672074725C
:1014C000616E736D6974746572206E6F74207265DD
:1014D0006164792E200D0A0D0A2020202020202072
:1014E00020202020202020202046696C65206E6F5F
:1014F000742073656E742E0053656E7420000000B6
:10150000206F6620000000002062797465732E0051
:1015100053656E64696E672066696C650000000043
:10152000456E61626C65640063300000466C6967FB
:1015300068744D6F646500004D6173746572436833
:10154000616E6E656C000000536C61766543686186
:101550006E6E656C0000000050657263656E74000D
:101560004F666673657400005265766572736564D4
:10157000000000006F640000526174652025750052
:10158000743900004C6F6164696E67207261746524
:101590007320666F72205261746520007061676508
:1015A00020526174657356696577000056616C75E9
:1015B000657320666F72206C61737420526174656C
:1015C000207765726520656469746564200D0A6220
:1015D0007574206E6F742073617665642E28546F65
:1015E0006F206C617465206E6F772021290D0A537E
:1015F0006F20796F75206D61792077616E7420742A
:101600006F20636865636B207468656D2E00000051
:101610007472616C6C0000005472696D416C6C20D6
:101620006973206F6E0000005472696D416C6C200C
:101630006973206F666600007061676520536C6F88
:1016400077536572766F5669657700004D6F6465F4
:101650006C207374696C6C20636F6E6E6563746567
:10166000642120436F6E74696E75653F0000000051
:101670007669732074322C31000000007061676558
:1016800020537469636B7356696577006D5377698E
:10169000000000002F6C6F672F0000002F68656C42
:1016A000702F00002F6D6F642F0000002F496D61B7
:1016B0006765732F000000002E5F00007061676592
:1016C0002043616C696272617465566965770000D8
:1016D00070616765204475616C5261746573566909
:1016E0006577000042696E6400000000446973631E
:1016F0006172642065646974656420524154455385
:101700003F00000070616765205258536574757022
:101710005669657700000000446973636172642054
:1017200065646974656420676F7665726E6F722098
:10173000636F6E6669673F00706167652052464758
:101740006F7656696577476C626C000025312E31E3
:101750006620432E0000000070616765204D6163C4
:10176000726F73566965770046696C6573426F786E
:101770000000000020416D70730000004D61782072
:1017800043757272656E743A200000004D617820D6
:101790004553432054656D703A2000004D617374C9
:1017A0006572206E6F7420666F756E6400000000B5
:1017B0004D617374657220666F756E642100000060
:1017C0006D6F64656C732E646174000053656E64A4
:1017D000696E6720656469746564205049447320AC
:1017E0002E2E2E00766F6C756D653D002077696C2E
:1017F0006C20757365200000726174650000000044
:1018000044454641554C542E4D4F440066696C6525
:101810006E616D6500000000766973206231352CC1
:1018200031000000766973206231352C30000000F1
:10183000706167652042616E6B4E616D65566965CA
:101840007700000042756464794D0000427564645D
:10185000795000007061676520427564647956694B
:10186000657700004D6F7665207468657365207438
:1018700072696D7320746F205375627472696D7331
:101880003F0D0A0D0A5468697320776F756C6420E8
:1018900072652D63656E747265207468657365206A
:1018A0007472696D732E000043616E63656C6C65C4
:1018B000642E0D0A5375627472696D7320776572B8
:1018C00065206E6F74206368616E6765642E0D0A13
:1018D0004C6F6F6B2061742074686520537562745F
:1018E00072696D2076696577200D0A696620796FC7
:1018F000752764206C696B6520746F20636865636D
:101900006B2E0000446F6E65210D0A537562747270
:10191000696D732068617665206265656E20616D12
:10192000656E6465642E0D0A0D0A4C6F6F6B206145
:101930007420746865205375627472696D207669CD
:101940006577200D0A696620796F752764206C69B8
:101950006B6520746F20636865636B2E0000000068
:101960004D61782063757272656E74206578636569
:101970006564656421000000253031326C6C5800CC
:101980004E6F2049442073746F726564000000003C
:10199000635F7265766400004469736361726420FA
:1019A00065646974656420676F7665726E6F722016
:1019B00076616C7565733F007061676520426C618C
:1019C0006E6B56696577000064696D3D30000000FC
:1019D000256C753A2530326C753A2530326C7500BD
:1019E000526174653A200000206D416800000000DB
:1019F000546F74616C206D416820757365643A2082
:101A00000000000052582073776170733A20000084
:101A100025640000252E336600000000252E31329B
:101A20006600000042656172000000004469737442
:101A30000000000053706564000000004E6F00005D
:101A40004D414C5400000000536176696E6720657B
:101A500064697465642050494473202E2E2E000062
:101A60005175696574657374000000004E6F697389
:101A70007965737400000000436F756E7400000098
:101A8000436F756E74310000436F756E74330000E0
:101A900053656E64696E672065646974656420527D
:101AA00061746573202E2E2E00000000766973206D
:101AB000726174652C3100007669732072617465FF
:101AC0002C30000052617465203100005261746551
:101AD0002033000052617465203200005261746549
:101AE0002034000056657273696F6E73206D6973E0
:101AF0006D61746368210D0A0D0A52583A000000A6
:101B0000706167652046726F6E7456696577000074
:101B10004C6F67546578742E76616C5F79000000B5
:101B200070616765204275646479436856696577BA
:101B3000000000006D537769746368002025303120
:101B4000326C6C58000000003C000000706167655A
:101B500020494473566965770000000020284944F5
:101B6000204F4B29000000003E4475706C69636192
:101B700074653A00030406070809000030406070ED
:101B80008090000027206E6F77203F0070616765AE
:101B900020506F707570566965770000414D532075
:101BA0006973206F6E20616E64206D6F64656C27B1
:101BB0007320494420776173206E6F7420666F75BF
:101BC0006E64210D0A53617665207468697320493B
:101BD0004420666F722027004469616C6F670000C3
:101BE0004E6F204944207265636569766564000024
:101BF0006E3100006E3200006E3300006E34000063
:101C00006E3500006E3600006E3700006E38000042
:101C10006E3900006E3130006E3131006E313200AD
:101C20006E3133004D6F746F72207377697463681F
:101C3000206973207374696C6C204F4E2100000082
:101C4000457874726120627564646965732100006F
:101C50007669732074342C30000000004661696C92
:101C6000656420746F207265616420676C6F6261C7
:101C70006C200D0A28636F6E66696729206279748B
:101C800065732E2054727920616761696E2E0000A1
:101C900070616765205246476F76476C6F62616C72
:101CA00056696577000000002E706174683D22005F
:101CB000284E6F2066696C65732900002753746F86
:101CC0007020666C79696E6727207761726E696E25
:101CD00067206973737565642100000054696D6540
:101CE0002073696E636520626F6F743A2000000094
:101CF00070616765204F7074696F6E5669657732E1
:101D0000000000007432000070616765204F70743D
:101D1000696F6E566965773300000000766973203D
:101D200062332C3100000000256C752052504D00AC
:101D3000256C750054656D70000000004D617841A0
:101D40006C7400004C730000547300007278000043
:101D500053670000416700004763000053627573DA
:101D6000000000003C20312500000000250000009C
:101D7000743132005472616E7366657220657272DE
:101D80006F720000426164206D6F64656C202D20CD
:101D90006E6F74207361766564000000576169742A
:101DA000696E672000000000526563656976696EA0
:101DB000673A200054494D454F5554002A20537529
:101DC000636365737321202A000000005265636518
:101DD000697665642000000046696C652072656361
:101DE0006569766500000000506C6561736520646C
:101DF000697361726D20616E64207475726E206FFC
:101E00006E207361666574792E00000070616765ED
:101E10002052465669657700743131005261746909
:101E20006F00000041726D696E67000025312E3130
:101E3000660000004E6F7420636F6E6E656374659C
:101E40006421000070616765205069636B42616EB8
:101E50006B566965773200007377340076697320BA
:101E60007377342C300000007669732074392C307D
:101E700000000000536176696E67206564697465CF
:101E8000642050494420416476616E636564207625
:101E9000616C756573202E2E2E000000766973200C
:101EA0006572726F722C3100766973206572726F81
:101EB000722C30007669732074342C3100000000DD
:101EC0007061676520496D616765566965770000D7
:101ED0007061676520494473537461727456696513
:101EE000770000004D6F64656C2069732061726D2E
:101EF000656420616E642064616E6765726F7573DE
:101F0000210D0A2844697361726D206D6F64656CE0
:101F100020746F20656469742052617465732E2982
:101F200000000000706167652052656E616D655646
:101F3000696577004E65774E616D65007061676514
:101F400020526576657273655669657700000000FA
:101F500053617665000000006233000054784E61E2
:101F60006D650000204B420070616765204C6F6713
:101F700046696C6573000000657870302E7061747E
:101F8000683D227364302F696D616765732F0000AF
:101F90002E6A706722000000252E306600000000C7
:101FA000252E316600000000252E3266000000005C
:101FB0007430000070616765204261636B75705614
:101FC000696577004D6F64656C6E616D650000003A
:101FD0004D4D656D732E706174683D2200000000E8
:101FE0004D4D656D730000006D6F64656C6E616DC5
:101FF00065000000525820566F6C74732070657233
:102000002063656C6C3A2000545820566F6C7473D2
:10201000207065722063656C6C3A20004553433A2A
:1020200020252E31660000005761726E696E6700D0
:1020300041636B5061796C6F616400002A204275C6
:10204000646479202A000000766973205175616C00
:102050006974792C3000000064696D3D0000000057
:10206000416D70733A2025312E3166005374696CCE
:102070006C436F6E6E6563746564000076697320EF
:102080005374696C6C436F6E6E65637465642C3158
:1020900000000000743237002E0D0A506C65617329
:1020A000652075706461746520796F757220666C47
:1020B0006967687420636F6E74726F6C6C657221EF
:1020C00000000000526F746F72466C69676874207C
:1020D00056322E33206973206E6565646564206610
:1020E0006F7220616C6C0D0A676F7665726E6F722D
:1020F0002074756E696E67206665617475726573AC
:102100002E0D0A0D0A596F75722063757272656E15
:10211000742076657273696F6E206973206F6E6CC0
:1021200079205600766973205761726E696E672C4C
:1021300031000000766973205761726E696E672CFA
:1021400030000000506172616D65746572206572C7
:10215000726F723A20494420697320002028525837
:10216000290000004D6F746F7220776173206F6ECD
:1021700020666F72200000007377300025332E3008
:10218000640000006331000063320000536176692F
:102190006E6720656469746564205261746573209C
:1021A0002E2E2E00536176696E6720676F766572FA
:1021B0006E6F722076616C756573202E2E2E000076
:1021C00041696C65726F6E207472696D206973204D
:1021D000646566696E65642100000000456C657683
:1021E00061746F72207472696D2069732064656612
:1021F000696E6564210000005468726F74746C65C8
:10220000207472696D20697320646566696E656407
:1022100021000000527564646572207472696D203B
:10222000697320646566696E65642100203E000064
:102230003C200000FFFFFF005455524E204F464601
:102240003F21200076697320616D732C31000000FE
:1022500041766572616765206672616D65207261A5
:1022600074653A20000000002066707300000000D2
:10227000556E61636B6E6F776C656467656420642F
:10228000617461207061636B6574733A2020256C02
:102290007500000047505320416C74697475646583
:1022A0003A20000070616765205069636B42616E7F
:1022B0006B566965773100004D6F64656C206973FA
:1022C0002061726D6564210D0A44697361726D202D
:1022D0006265666F72652077726974696E672067E0
:1022E0006F7665726E6F722076616C7565732E0005
:1022F0004C6F6164696E6720636F6E6669672076F4
:10230000616C756573202E2E2E0000004C6F616489
:10231000696E672056616C75657320666F72202048
:102320000000000070616765205049445F415F56BE
:102330006965770056616C75657320666F7220421F
:10234000616E6B200000000070616765205365724C
:10235000766F73547970655669657700537700001E
:10236000446973636172642065646974656420768E
:10237000616C7565733F000054696D6520636F6E15
:102380006E65637465643A20000000006368616EE6
:102390006765000053617665207468657365206326
:1023A0006F6E6669672076616C75657320746F2047
:1023B000534420636172643F0000000053617669FA
:1023C0006E6720636F6E6669672076616C756573F2
:1023D000202E2E2E0000000025732E70636F3D25E9
:1023E0007500000053746F702042696E6400000035
:1023F0004F7074696F6E73566965772E6230000096
:1024000042696E64696E6720656E61626C65640026
:10241000633400006333000063350000726174654B
:1024200031000000726174653200000072617465F1
:10243000330000002533732025642025640000004C
:1024400041756720323620323032362032303A330E
:10245000383A343700000000475053204469737401
:10246000616E63653A2000007364302F696D6167A7
:1024700065732F25730000004E657874696F6E4692
:10248000696C654578697374733A200066696E6497
:1024900066696C6520220000222C7379733000007D
:1024A0006765742073797330000000002020726526
:1024B00061642073797330204641494C45442E00B5
:1024C000202073797330203D20000000723200001C
:1024D00072330000723400007061676520537769C1
:1024E0007463686573566965770000007235000093
:1024F0007236000072370000723900007238000036
:102500005175616C69747900766973205175616CDD
:102510006974792C310000006D41683A2025312E14
:1025200030660000776200007669732077622C3194
:10253000000000004C6F6164696E672076616C7505
:10254000657320666F722052617465200000000080
:10255000706167652052617465735F415F5669659C
:1025600077000000436F6E6E656374656400000061
:1025700053656E64696E6720506172616D65746544
:102580007273202E2E2E00006E3134006E31350015
:102590006E3137006E3138006E3139006E323000E6
:1025A0006E3231006E3232006E3238006E323900D7
:1025B0006E3330004D617820284261726F29204DC2
:1025C0006F64656C20416C7469747564653A2000B1
:1025D0004E6F7420636F6E6E6563746564210D0ABF
:1025E00043616E6E6F7420726573746F72652074D0
:1025F0006F2046432E0000004D6F64656C206973A8
:102600002061726D6564210D0A44697361726D20E9
:102610006265666F726520726573746F72696E674A
:1026200020676F7665726E6F7220636F6E66696782
:102630002E000000526573746F726520636F6E66C2
:1026400069672076616C7565732066726F6D2053C3
:102650004420636172643F00526573746F72696EE7
:102660006720636F6E6669672076616C756573209D
:102670002E2E2E0053656E64696E67206564697442
:1026800065642050494420416476616E636564202E
:1026900076616C756573202E2E2E00007061676563
:1026A0002046696C65457863685669657700000067
:1026B000446973636172642065646974656420525F
:1026C000415445532076616C7565733F00000000EE
:1026D0004E6F696D61676500434825644E414D4505
:1026E0003D000000536176696E6720504944733A9B
:1026F0002046432042616E6B2000000020746F2052
:102700004C6F63616C42616E6B20000053617669AF
:102710006E6720416476616E63656420504944733E
:102720003A2046432042616E6B2000005361766977
:102730006E672052617465733A204643205261747B
:102740006573200020746F204C6F63616C5261745C
:1027500065732000536176696E6720416476616E0F
:102760006365642052617465733A20464320526168
:102770007465732000000000536176696E6720471E
:102780006F762050726F66696C653A20464320422E
:10279000616E6B200000000053656E64696E6720F7
:1027A0006564697465642076616C756573202E2E8E
:1027B0002E000000416C6C206C6F672066696C65B0
:1027C00073000000416C6C2068656C702066696C59
:1027D00065730000706167652052464261636B5506
:1027E00070566965770000007377310073773200A7
:1027F000737733003C202575000000007669732054
:102800006E302C3000000000766973206E312C3061
:1028100000000000766973206E322C30000000004A
:10282000766973206E332C300000000076697320C7
:102830006E342C3000000000766973206E352C3029
:1028400000000000766973206E362C300000000016
:10285000766973206E372C30000000007669732093
:102860006E382C3000000000766973206E392C30F1
:1028700000000000766973206E31302C30000000BB
:102880003E2025750000000044656C65746520617C
:102890006C6C2073657474696E677320616E64205C
:1028A0006D6F64656C733F21000000004E6F7420F3
:1028B00075736564000000004D6F64656C2069737A
:1028C0002061726D6564210D0A44697361726D2027
:1028D0006265666F72652077726974696E672067DA
:1028E0006F7665726E6F7220636F6E6669672E0019
:1028F0007669732074322C300000000052657374C6
:102900006F72696E6720504944733A204C6F63615F
:102910006C42616E6B20000020746F2046432042A1
:10292000616E6B2000000000526573746F72696EF7
:1029300067205049447320416476616E6365643A50
:10294000204C6F63616C42616E6B20005265737442
:102950006F72696E672052617465733A204C6F63C1
:10296000616C52617465200020746F2046432052D0
:102970006174657320000000526573746F72696E34
:102980006720526174657320416476616E6365648B
:102990003A204C6F63616C526174657320000000D3
:1029A000526573746F72696E6720476F762050723C
:1029B0006F66696C653A204C6F63616C42616E6B47
:1029C00020000000537563636573732100000000ED
:1029D000536176696E67206564697465642041643B
:1029E00076616E636564205261746573202E2E2EAD
:1029F000000000004F776E65720000004D6F646547
:102A00006C4E616D65000000666D6F6465000000CE
:102A10004368616E6E656C004368616E6E656C2024
:102A20000000000020280000205B00002575000049
:102A30005261746573000000743400005261746563
:102A400000000000743500005368617065000000EC
:102A500074360000417869730000000043656E74AD
:102A600072652053656E732E000000004D61786919
:102A70006D756D00706167652044617461566965AC
:102A8000770000002052504D0000000068656C7017
:102A90002F0000006C6F672F000000002E4D4F4488
:102AA000000000006D6F642F000000002E6A706748
:102AB00000000000696D616765732F0066696C6CCA
:102AC0002000000067657420000000002E747874F8
:102AD0000000000076697320616D732C30000000E7
:102AE0005B414D53206973206F6E5D007873747283
:102AF00020000000257320256420256400000000CC
:102B000025643A25643A256400000000476F764D3D
:102B10006F64650030202D2034206F6E6C792100A9
:102B20005468724D6F64650030202D2032206F6E26
:102B30006C7921004772617068566965772E7069FB
:102B40006300000066696C6C2033362C2033362C11
:102B5000203336302C203336302C30006C696E65D3
:102B600020000000206D696E757465004D6F746FF4
:102B7000722072756E6E696E6720666F722000003B
:102B8000627573790000000076697320627573794D
:102B90002C3100007669732062322C300000000076
:102BA0004461746554696D650000000076697320A6
:102BB00072706D2C30000000766973205374696C5C
:102BC0006C436F6E6E65637465642C3000000000AA
:102BD0007669732077622C30000000002E76616CDD
:102BE000000000002E7478743D2200004D617820B2
:102BF000486561642073706565643A2000000000D8
:102C0000706C617920302C25752C30004D6F746FFD
:102C100072206973204F4E004D6F746F722069737C
:102C2000204F464600000000506C656173652064CB
:102C30006973636F6E6E6563742066697273742165
:102C400000000000FF007801800143028801870135
:102C50008C018B01920191019501F6019901980176
:102C60009A013D029E012002A801A701AD01AC011D
:102C7000B001AF01B901B801BD01BC01BF01F7014D
:102C8000C601C401C901C701CC01CA01DD018E0121
:102C9000F301F101F501F4013A02652C3C023B021B
:102CA0003E02662C42024102530281015402860117
:102CB0005602890157028A0159028F015B02900175
:102CC0006002930163029401680297016902960110
:102CD0006B02622C6F029C0172029D0175029F01C2
:102CE0007D02642C8002A6018302A9018802AE0144
:102CF000890244028A02B1018B02B2018C024502B0
:102D00009202B7017B03FD037C03FE037D03FF03F7
:102D1000AC038603C203A303CC038C03CD038E0351
:102D2000CE038F03F203F903F803F703FB03FA035F
:102D3000CF04C0047D1D632C511F591F531F5B1FFF
:102D4000551F5D1F571F5F1F781FF81F791FF91F41
:102D5000B31FBC1FCC1FC31FE51FEC1FFC1FF31FBD
:102D60004E21322184218321612C602C762C752CFC
:102D70000000040008000A000C000F0019003200D7
:102D80006400FA00F401000000190000EDB4020034
:102D90000000000074C00F40C000000000000000F0
:102DA0000200000050851F400100000034000000B8
:102DB0000200000050851F400000000001000000DC
:102DC0000200000054851F40010000003500000093
:102DD0000200000054851F4000000000FF0040007A
:102DE000260018007C0000000000803F0000204109
:102DF000000020410AD7233C000020410000204170
:102E00000AD7233C00002041000020410AD7233C80
:102E10000000803E0000803E0AD7233C0000803F37
:102E20000000A0400000803F0000803F0000A04064
:102E30000000803F0000803F0000A0400000803F75
:102E40000000803F0000003E0000803F0000803F07
:102E500000004E004F00500051005200530054003B
:102E6000550056005700580059005A005B005C009E
:102E70005D005E005F006000610000006100E01A1C
:102E8000E000E017F800E007000101303201010620
:102E9000390101104A01012E790101068201010464
:102EA000A0010106B3010104CD010110DE010112F0
:102EB000F8010128220201124602010AAD03DB03D8
:102EC000B103E011C303E009D80301183004E02086
:102ED0005004B010600401228A040136C104010EBE
:102EE000D00401446105D026001E0196A01E015A9F
:102EF000001F0808101F0806201F0808301F0808B8
:102F0000401F0806601F0808701F4A02721F5604FF
:102F1000761F64027A1F70027C1F7E02801F0808E1
:102F2000901F0808A01F0808B01F0802D01F080241
:102F3000E01F08027021F010D024E61A302CD02FA8
:102F4000672C0106802C0164002D002641FFE01A49
:102F50001F1C1F1E1F1E1F1F1E1F1E1F436172648A
:102F600020697320746F6F20736D616C6C2E0D0A75
:102F700000000000466F726D617420446F6E650D35
:102F80000A000000466F726D6174204661696C65CD
:102F9000640D0A0042616420636C7573746572206D
:102FA000636F756E740D0A00446576696365206908
:102FB0007320746F6F20736D616C6C0D0A000000DC
:102FC00057726974696E6720464154200000000002
:102FD00057726974696E67207570636173652074D8
:102FE00061626C650D0A000057726974696E672032
:102FF000726F6F740D0A0000466F726D6174206409
:103000006F6E650D0A000000466F726D6174206678
:1030100061696C65640D0A00455846415400000022
:1030200007080C0B06050F000D0E01021F1F0708F5
:103030000C0B06050F000D0E01021F1F1F1F1F1F87
:103040001F1F1F1F1F1F1F1F090A000007080C0B4F
:1030500006050F000D0E1F1F030407080C0B0605C5
:103060000F000D0E1F1F03041F1F1F1F1F1F1F1FF9
:103070001F1F0102090A00006CC00F40C0000000C1
:10308000504F000025DB02000CFF00001300000081
:10309000000000000000000024851F400BFF00001E
:1030A00013000000000000000000000028851F4001
:1030B0000DFF0000130000000000000000000000F1
:1030C00020851F400A252400130000001200000084
:1030D0001200000001020300000000001C851F40D8
:1030E00000000000000000000000000000000000E0
:1030F000596F0000316F0000B9650000C56E000017
:10310000E16F0000796E0000216E000000000000F9
:103110000000000051F302005DF3020055F30200CD
:103120005DF40200CDFB0200FDFA020059FB020033
:10313000F9F90200D9F502000D0003006DF3020059
:10314000E1F202009DFC0200CDF20200D1F2020089
:10315000D9F20200DDF20200F1F502002DFE0200BC
:10316000B5FD02000DF90200C5F20200D5F2020021
:103170000DFF020035FC0200D1F302000000000048
:1031800000000000F9B40200B1D00200ADD002008E
:10319000A9D00200A5D00200A1D002009DD002005B
:1031A00099D0020000000000000000009DB3020062
:1031B00081B5020009AE020061AF020029AE020033
:1031C000CDAE020051AE0200E5AF02007DAF0200BD
:1031D00005AE020000000000000000009D6C000031
:1031E00079700000B9650000F16C0000116C0000FE
:1031F000D96E0000716C000011720000B9720000FD
:103200000000000000000000596F0000316F000056
:10321000B9650000C56E0000E16F0000796E000026
:10322000216E00000000000000000000BD700000E2
:1032300039710000616E0000456F00002D700000C4
:10324000096E0000B16E00001D6800008171000071
:103250003D6D0000216D000039660000C165000071
:10326000CD670000396E0000596D0000AD680000A8
:1032700065690000F56800008D6F00005968000066
:103280000000000000000000E1C6020081B502005D
:10329000B9650000BD650000E1C60200E1C602009C
:1032A000E1C602000000000000000000FD65000013
:1032B0001D6600000000000000000000999F020051
:1032C000A9A102006DA10200B5A0020019A102008F
:1032D00061A00200E1A10200D1A202000DA3020040
:1032E000E9A30200000000000000000065430200A6
:1032F00091430200B9650000614302001D430200D2
:1033000029430200494302000000000000000000C1
:10331000ED010300F10103005D000300E10503007E
:1033200029120300A90B0300459202001D020300AD
:10333000F911030039130300310C0300F1EC020012
:10334000510903007D0103008901030051000300BE
:10335000550003005900030095010300B901030063
:10336000DD0103005D0603000102030035040300D4
:10337000A90603007D0703000705000207060504F0
:1033800001000302D8399D270054EA2A00A4781FBF
:10339000007B9A172C2066756E6374696F6E3A20F5
:1033A00000000000617373657274696F6E202225DE
:1033B0007322206661696C65643A2066696C6520D9
:1033C000222573222C206C696E65202564257325C7
:1033D000730A000042616C6C6F63207375636365F0
:1033E00065646564000000002F566F6C756D657331
:1033F0002F646174612F6A656E6B696E732F776FCE
:10340000726B73706163652F474E552D746F6F6CCF
:10341000636861696E2F61726D2D31312F73726334
:103420002F6E65776C69622D63796777696E2F6E91
:1034300065776C69622F6C6962632F7374646C6961
:10344000622F6764746F612D6765746865782E6399
:10345000000000000000000000000000000000006C
:10346000000000000000000000000000000000005C
:10347000000000000000000000000000000000004C
:10348000000000001011121314151617181900006F
:1034900000000000001A1B1C1D1E1F000000000081
:1034A000000000000000000000000000000000001C
:1034B00000000000001A1B1C1D1E1F000000000061
:1034C00000000000000000000000000000000000FC
:1034D00000000000000000000000000000000000EC
:1034E00000000000000000000000000000000000DC
:1034F00000000000000000000000000000000000CC
:1035000000000000000000000000000000000000BB
:1035100000000000000000000000000000000000AB
:10352000000000000000000000000000000000009B
:10353000000000000000000000000000000000008B
:10354000000000000000000000000000000000007B
:10355000000000002F566F6C756D65732F646174E9
:10356000612F6A656E6B696E732F776F726B737004
:103570006163652F474E552D746F6F6C6368616989
:103580006E2F61726D2D31312F7372632F6E6577DF
:103590006C69622D63796777696E2F6E65776C69E8
:1035A000622F6C6962632F7374646C69622F6D7033
:1035B0007265632E6300000065256C6400000000E6
:1035C00000202020202020202020282828282820F3
:1035D00020202020202020202020202020202020EB
:1035E0002088101010101010101010101010101053
:1035F0001004040404040404040404101010101043
:10360000101041414141414101010101010101010C
:10361000010101010101010101010101101010105E
:1036200010104242424242420202020202020202DE
:103630000202020202020202020202021010101032
:10364000200000000000000000000000000000005A
:10365000000000000000000000000000000000006A
:10366000000000000000000000000000000000005A
:10367000000000000000000000000000000000004A
:10368000000000000000000000000000000000003A
:10369000000000000000000000000000000000002A
:1036A000000000000000000000000000000000001A
:1036B000000000000000000000000000000000000A
:1036C00000000000496E66696E69747900000000B0
:1036D0004E614E002F566F6C756D65732F6461746B
:1036E000612F6A656E6B696E732F776F726B737083
:1036F0006163652F474E552D746F6F6C6368616908
:103700006E2F61726D2D31312F7372632F6E65775D
:103710006C69622D63796777696E2F6E65776C6966
:10372000622F6C6962632F7374646C69622F6474B6
:103730006F612E63000000004A495300534A495309
:10374000000000004555434A500000006E6600002E
:10375000696E697479000000494E4600696E660022
:103760004E414E006E616E003031323334353637A3
:1037700038396162636465660000000030313233BD
:10378000343536373839414243444546000000005D
:10379000286E756C6C2900000030013002300CFF7F
:1037A0000EFFFB301AFF1BFF1FFF01FF9B309C30F9
:1037B000B40040FFA8003EFF3E203FFFFD30FE303A
:1037C0009D309E300330DD4E053006300730FC3032
:1037D000142010200FFF3CFF1C3016205CFF262019
:1037E0002520182019201C201D2008FF09FF143057
:1037F00015303BFF3DFF5BFF5DFF083009300A30AD
:103800000B300C300D300E300F30103011300BFFFC
:103810001222B100D700F7001DFF60221CFF1EFF1F
:10382000662267221E22342242264026B000322021
:1038300033200321A50004FFA200A30005FF03FF1E
:1038400006FF0AFF20FFA70006260526CB25CF2569
:10385000CE25C725C625A125A025B325B225BD2582
:10386000BC253B20123092219021912193211330CD
:103870000000000000000000000000000000000048
:1038800000000000000008220B22862287228222EC
:1038900083222A22292200000000000000000000EC
:1038A00000000000000027222822AC00D221D421F1
:1038B0000022032229220000000000000000000076
:1038C000000000000000000000002022A5221223BA
:1038D00002220722612252226A226B221A223D22F0
:1038E0001D2235222B222C220000000000000000A7
:1038F0000000000000002B2130206F266D266A2674
:1039000020202120B6002C22000000000000EF251E
:1039100000000000000000000000000000000001A6
:10392000010101010101010101000000000000008E
:103930000101010101010101010101010101010177
:10394000010101010101010101010000000000006D
:103950000001010101010101010101010101010158
:103960000101010101010101010101009103920323
:1039700093039403950396039703980399039A037B
:103980009B039C039D039E039F03A003A103A3032A
:10399000A403A503A603A703A803A903000000002E
:1039A000000000000000000000000000B103B203AE
:1039B000B303B403B503B603B703B803B903BA033B
:1039C000BB03BC03BD03BE03BF03C003C103C303EA
:1039D000C403C503C603C703C803C9031004110405
:1039E0001204130414041504010416041704180423
:1039F00019041A041B041C041D041E041F042004C3
:103A00002104220423042404250426042704280472
:103A100029042A042B042C042D042E042F04000056
:103A20000000000000000000000000000000000096
:103A3000000000000000000000000000300431041D
:103A40003204330434043504510436043704380492
:103A500039043A043B043C043D043E043F04400462
:103A60004104420443044404450446044704480412
:103A700049044A044B044C044D044E044F04000016
:103A8000002502250C251025182514251C252C257C
:103A9000242534253C25012503250F2513251B2529
:103AA0001725232533252B253B254B2520252F2581
:103AB000282537253F251D25302525253825422554
:103AC0009C4E1655035A3F96C0541B612863F65905
:103AD000229075841C83507AAA60E163256EED659F
:103AE0006684A682F59B93682757A16571629B5BEC
:103AF000D0597B86F498627DBE7D8E9B16629F7C3A
:103B0000B788895BB55E096397664868C7958D97E6
:103B10004F67E54E0A4F4D4F9D4F4950F25637596A
:103B2000D459015A095CDF600F6170611366056941
:103B3000BA704F757075FB79AD7DEF7DC3800E84D3
:103B40006388028B55907A903B53954EA54EDF5774
:103B5000B280C190EF78004EF158A26E3890327A60
:103B600028838B822F9C41517053BD54E154E05601
:103B7000FB59155FF298EB6DE4802D856296709687
:103B8000A096FB970B54F353875BCF70BD7FC28F1A
:103B9000E8966F535C9DBA7A114E9378FC81266E3D
:103BA000185604551D6B1A853B9CE559A953666D43
:103BB000DC748F954256914E4B90F2964F830C9940
:103BC000E153B655305B715F2066F3660468386C6C
:103BD000F36C296D5B74C8764E7A3498F1825B88F9
:103BE000608AED92B26DAB75CA76C599A660018BFD
:103BF0008A8DB2958E69AD5386511257305844590B
:103C0000B45BF65E2860A963F463BF6C146F8E70BA
:103C100014715971D5713F73017E7682D182978577
:103C200060905B921B9D6958BC655A6C2575F95173
:103C30002E596559805FDC5FBC62FA652A6A276B82
:103C4000B46B8B73C17F56892C9D0E9DC49EA15C65
:103C5000966C7B8304514B5CB661C6817668617259
:103C6000594EFA4F78536960296E4F7AF3970B4E8D
:103C70001653EE4E554F3D4FA14F734FA052EF5389
:103C800009560F59C15AB65BE15BD17987669C67CB
:103C9000B6674C6BB36C6B70C2738D79BE793C7A2E
:103CA000877BB182DB8204837783EF83D38366874C
:103CB000B28A2956A88CE68F4E901E978A86C44FEA
:103CC000E85C116259723B75E581BD82FE86C08C4D
:103CD000C5961399D599CB4E1A4FE389DE564A58AB
:103CE000CA58FB5EEB5F2A6094606260D06112622A
:103CF000D0623965419B6666B068776D70704C75AF
:103D00008676757DA582F9878B958E969D8CF1516F
:103D1000BE521659B354B35B165D68618269AF6DCC
:103D20008D78CB845788728AA793B89A6C6DA899BE
:103D3000D986A357FF67CE860E92835287560454C6
:103D4000D35EE162B9643C683868BB6B7273BA7861
:103D50006B7A9A89D2896B8D038FED90A395949697
:103D60006997665BB35C7D694D984E989B63207B39
:103D70002B6A7F6AB6680D9C5F6F72529D557060AA
:103D8000EC623B6D076ED16E5B841089448F144EDC
:103D9000399CF6531B693A6A84972A685C51C37A46
:103DA000B284DC918C935B56289D22680583318414
:103DB000A57C0852C582E6747E4E834FA051D25B2B
:103DC0000A52D852E752FB5D9A552A58E6598C5B45
:103DD000985BDB5B725E795EA3601F616361BE61AD
:103DE000DB636265D1675368FA683E6B536B576C4F
:103DF000226F976F456FB0741875E3760B77FF7A73
:103E0000A17B217CE97D367FF07F9D8066829E8349
:103E1000B389CC8AAB8C8490519493959195A2955B
:103E20006596D39728991882384E2B54B85CCC5D90
:103E3000A9734C763C77A95CEB7F0B8DC1961198EA
:103E400054985898014F0E4F71539C556856FA5725
:103E50004759095BC45B905C0C5E7E5ECC5FEE6391
:103E60003A67D765E2651F67CB68C4685F6A305EF2
:103E7000C56B176C7D6C7F754879635B007A007D3C
:103E8000BD5F8F89188AB48C778DCC8E1D8FE29898
:103E90000E9A3C9B804E7D50005193599C5B2F6243
:103EA0008062EC643A6BA07291754779A97FFB87B9
:103EB000BC8A708BAC63CA83A09709540354AB557A
:103EC0005468586A708A27787567CD9E7453A25BD0
:103ED0001A8150860690184E454EC74E114FCA5350
:103EE0003854AE5B135F256051653D67426C726C60
:103EF000E36C78700374767AAE7A087B1A7DFE7C68
:103F0000667DE7655B72BB53455CE85DD262E0624B
:103F10001963206E5A86318ADD8DF892016FA67979
:103F20005A9BA84EAB4EAC4E9B4FA04FD150475121
:103F3000F67A7151F651545321537F53EB53AC55DC
:103F40008358E15C375F4A5F2F6050606D601F638C
:103F500059654B6AC16CC272ED72EF77F8800581CA
:103F600008824E85F790E193FF9757995A9AF04E41
:103F7000DD512D5C81666D69405CF26675698973FF
:103F80005068817CC550E4524757FE5D2693A46576
:103F9000236B3D6B34748179BD794B7BCA7DB982CB
:103FA000CC837F885F89398BD18FD1911F548092C8
:103FB0005D4E3650E5533A53D7729673E977E682F1
:103FC000AF8EC699C899D29977511A615E86B0555D
:103FD0007A7A7650D35B47908596324EDB6AE791CA
:103FE000515C485C98639F7A936C7497618FAA7A4E
:103FF0008A718896827C1768707E51686C93F25241
:104000001B54AB85138AA47FCD8EE19066538888BC
:104010004179C24FBE501152445153552D57EA7346
:104020008B575159625F845F756076616761A961E2
:10403000B2633A646C656F664268136E66753D7A6A
:10404000FB7C4C7D997D4B7E6B7F0E834A83CD86B6
:10405000088A638A668BFD8E1A988F9DB882CE8FF0
:10406000E89B87521F628364C06F999641689150A4
:10407000206B7A6C546F747A507D4088238A08676D
:10408000F64E3950265065507C5138526352A75530
:104090000F570558CC5AFA5EB261F861F362726349
:1040A0001C69296A7D72AC722E7314786F78797DE1
:1040B0000C77A9808B89198BE28CD28E63907593D3
:1040C0007A965598139A789E43519F53B3537B5ECB
:1040D000265F1B6E906E8473FE73437D3782008A69
:1040E000FA8A50964E4E0B50E4537C54FA56D159EE
:1040F000645BF15DAB5E275F38624565AF67566E06
:10410000D072CA7CB488A180E180F0834E86878A11
:10411000E88D3792C7966798139F944E924E0D4F35
:10412000485349543E542F5A8C5FA15F9F60A76843
:104130008E6A5A7481789E8AA48A778B90915E4E9B
:10414000C99BA44E7C4FAF4F1950165049516C512A
:104150009F52B952FE529A53E35311540E5489554B
:104160005157A2577D59545B5D5B8F5BE55DE75D01
:10417000F75D785E835E9A5EB75E185F52604C6151
:104180009762D862A7633B6502664366F4666D6713
:1041900021689768CB695F6C2A6D696D2F6E9D6E83
:1041A000327587766C783F7AE07C057D187D5E7D80
:1041B000B17D15800380AF80B18054818F812A82C8
:1041C00052834C8861881B8BA28CFC8CCA907591A1
:1041D00071923F78FC92A4954D9605989999D89A3A
:1041E0003B9D5B52AB52F7530854D558F762E06FD2
:1041F0006A8C5F8FB99E4B513B524A54FD56407AB0
:104200007791609DD29E4473096F70811175FD5F37
:10421000DA60A89ADB72BC8F646B0398CA4EF056C2
:104220006457BE585A5A6860C7610F660666396897
:10423000B168F76DD5753A7D6E82429B9B4E504FAB
:10424000C95306556F5DE65DEE5DFB67996C73744F
:104250000278508A9693DF885057A75E2B63B5503B
:10426000AC508D510067C9545E58BB59B05B695F53
:104270004D62A1633D68736B086E7D70C79180725B
:10428000157826786D798E65307DDC83C188098F3D
:104290009B966452285750676A7FA18CB45142574D
:1042A0002A963A588A69B480B2540E5DFC579578C4
:1042B000FA9D5C4F4A528B543E6428661467F5673A
:1042C000847A567B227D2F935C68AD9B397B195392
:1042D0008A513752DF5BF662AE64E6642D67BA6BD3
:1042E000A985D1969076D69B4C630693AB9BBF76FF
:1042F0005266094E9850C253715CE86092646365DF
:104300005F68E671CA732375977B827E9586838B7F
:10431000DB8C78911099AC65AB668B6BD54ED44E27
:104320003A4F7F4F3A52F853F253E355DB56EB586E
:10433000CB59C959FF59505B4D5C025E2B5ED75F6C
:104340001D6007632F655C5BAF65BD65E8659D67B4
:10435000626B7B6B0F6C45734979C179F87C197D71
:104360002B7DA2800281F38196895E8A698A668AA2
:104370008C8AEE8AC78CDC8CCC96FC986F6B8B4E4B
:104380003C4F8D4F5051575BFA5B48610163426669
:10439000216BCB6EBB6C3E72BD74D475C1783A791B
:1043A0000C803380EA8194849E8F506C7F9E0F5FD7
:1043B000588B2B9DFA7AF88E8D5BEB96034EF1535A
:1043C000F7573159C95AA45B89607F6E066FBE7575
:1043D000EA8C9F5B0085E07B7250F4679D82615C94
:1043E0004A851E7E0E829951045C6863668D9C65C9
:1043F0006E713E79177D05801D8BCA8E6E90C786C3
:10440000AA901F50FA523A5C53677C7035724C91F7
:10441000C8912B93E582C25B315FF9603B4ED65366
:10442000885B4B6231678A6BE972E0732E7A6B812D
:10443000A38D529196991251D7536A54FF5B8863AA
:10444000396AAC7D0097DA56CE536854975B315C7D
:10445000DE5DEE4F0161FE62326DC079CB79427D47
:104460004D7ED27FED811F82908446887289908B29
:10447000748E2F8F31904B916C91C6969C91C04E4B
:104480004F4F45514153935F0E62D467416C0B6EA1
:104490006373267ECD918392D4531959BF5BD16D3E
:1044A0005D792E7E9B7C7E589F71FA515388F08FE8
:1044B000CA4FFB5C2566AC77E37A1C82FF99C65134
:1044C000AA5FEC656F69896BF36D966E646FFE761B
:1044D000147DE15D759087910698E6511D5240620A
:1044E0009166D9661A6EB65ED27D727FF866AF8528
:1044F000F785F88AA952D95373598F5E905F55603A
:10450000E4926496B7501F51DD5220534753EC5349
:10451000E8544655315517566859BE593C5AB55B53
:10452000065C0F5C115C1A5C845E8A5EE05E705F04
:104530007F628462DB628C63776307660C662D663C
:1045400076667E67A2681F6A356ABC6C886D096EE4
:10455000586E3C7126716771C77501775D78017976
:104560006579F079E07A117BA77C397D9680D683D6
:104570008B8449855D88F3881F8A3C8A548A738AB4
:10458000618CDE8CA49166927E9318949C96989789
:104590000A4E084E1E4E574E97517052CE57345801
:1045A000CC58225B385EC560FE6461675667446D17
:1045B000B6727375637AB884728BB8912093315652
:1045C000F457FE98ED620D69966BED71547E77801D
:1045D0007282E689DF985587B18F3B5C384FE14F97
:1045E000B54F0755205ADD5BE95BC35F4E612F6312
:1045F000B0654B66EE689B69786DF16D3375B97582
:104600001F775E79E679337DE381AF82AA85AA8937
:104610003A8AAB8E9B8F3290DD910797BA4EC14E8E
:1046200003527558EC580B5C1A753D5C4E810A8A32
:10463000C58F63966D97257BCF8A08986291F35654
:10464000A853179039548257255EA863346C8A703A
:1046500061778B7CE07F708842905491109318931F
:104660008F965E74C49A075D695D7065A267A88DB8
:10467000DB966E6349671969C5831798C096FE88F3
:10468000846F7A64F85B164E2C705D752F66C4518A
:104690003652E252D359815F276010623F657465DC
:1046A0001F667466F2681668636B056E72721F751A
:1046B000DB76BE7C5680F058FD887F89A08A938A7D
:1046C000CB8A1D9092915297599789650E7A0681EF
:1046D000BB962D5EDC601A62A56514669067F37761
:1046E0004D7A4D7C3E7E0A81AC8C648DE18D5F8E6F
:1046F000A9780752D962A563426498622D8A837AA9
:10470000C07BAC8AEA96767D0C824987D94E4851A7
:1047100043536053A35B025C165CDD5D2662476217
:10472000B06413683468C96C456D176DD3675C6FEE
:104730004E717D71CB657F7AAD7BDA7D4A7EA87F35
:104740007A811B823982A6856E8ACE8CF58D78900F
:104750007790AD9291928395AE9B4D528455386F70
:10476000367168518579557EB381CE7C4C5651584F
:10477000A85CAA63FE66FD665A69D9728F758E754C
:104780000E795679DF79977C207D447D0786348ABF
:104790003B966190209FE7507552CC53E2530950ED
:1047A000AA55EE584F593D728B5B645C1D53E36014
:1047B000F3605C6383633F63BB63CD64E965F96663
:1047C000E35DCD69FD69156FE571894EE975F87690
:1047D000937ADF7CCF7D9C7D6180498358836C8494
:1047E000BC84FB85C588708D01906D9097931C9754
:1047F000129ACF5097588E61D3813585088D2090BD
:10480000C34F7450475273536F6049635F672C6E98
:10481000B38D1F90D74F5E5CCA8CCF659A7D525383
:1048200096887651C363585B6B5B0A5C0D64516775
:104830005C90D64E1A592A59706C518A3E551558BB
:10484000A559F0605362C167358255694096C49995
:10485000289A534F0658FE5B1080B15C2F5E855F2F
:1048600020604B613462FF66F06CDE6ECE807F812B
:10487000D4828B88B88C00902E908A96DB9EDB9B2E
:10488000E34EF05327592C7B8D914C98F99DDD6EAA
:10489000277053534455855B58629E62D362A26C65
:1048A000EF6F2274178A3894C16FFE8A3883E751FC
:1048B000F886EA53E953464F5490B08F6A593181D4
:1048C000FD5DEA7ABF8FDA68378CF872489C3D6AE2
:1048D000B08A394E585306566657C562A263E665DC
:1048E0004E6BE16D5B6EAD70ED77EF7AAA7BBB7DB1
:1048F0003D80C680CB86958A5B93E356C7583E5F62
:10490000AD659666806AB56B3775C78A2450E577C2
:1049100030571B5F65607A66606CF4751A7A6E7F3B
:10492000F48118874590B399C97B5C75F97A517BFE
:10493000C4841090E979927A3683E15A40772D4EFB
:10494000F24E995BE05FBD623C66F167E86C6B8696
:1049500077883B8A4E91F392D099176A26702A7312
:10496000E7825784AF8C014E4651CB518B55F55B96
:10497000165E335E815E145F355F6B5FB45FF2611C
:104980001163A2661D676E6F52723A753A77748032
:10499000398178817687BF8ADC8A858DF38D9A92FA
:1049A00077950298E59CC5525763F4761567886C35
:1049B000CD73C38CAE937396256D9C580E69CC69EC
:1049C000FD8F9A93DB751A905A580268B463FB699D
:1049D000434F2C6FD867BB8F2685B47D54933F69B6
:1049E000706F6A57F7582C5B2C7D2A720A54E3913A
:1049F000B49DAD4E4E4F5C50755043529E8C485402
:104A000024589A5B1D5E955EAD5EF75E1F5F8C60FD
:104A1000B5623A63D063AF68406C87788E790B7A61
:104A2000E07D4782028AE68A448E1390B8902D91E9
:104A3000D8910E9FE56C5864E2647565F46E8476D7
:104A40001B7B6990D193BA6EF254B95FA4644D8F09
:104A5000ED8F449278516B582959555C975EFB6DE8
:104A60008F7E1C75BC8CE28E5B98B9701D4FBF6B3E
:104A7000B16F3075FB964E51105435585758AC599C
:104A8000605C925F97655C67216E7B76DF83ED8C5F
:104A90001490FD904D9325783A78AA52A65E1F5740
:104AA0007459126012505A51AC51CD5100521055E8
:104AB000545858585759955BF65C8B5DBC609562AD
:104AC0002D6471674368BC68DF68D776D86D6F6EF8
:104AD0009B6D6F70C871535FD8757779497B547B34
:104AE000527BD67C717D305263846985E4850E8A61
:104AF000048B468C0F8E03900F90199476962D9808
:104B0000309AD895CD50D5520C5402580E5CA761FE
:104B10009E641E6DB377E57AF48004845390859289
:104B2000E05C079D3F53975FB35F9C6D797263773D
:104B3000BF79E47BD26BEC72AD8A0368616AF8518D
:104B4000817A34694A5CF69CEB82C55B49911E70A0
:104B500078566F5CC76066658C6C5A8C4190139870
:104B60005154C7660D924859A39085514D4EEA5154
:104B700099850E8B58707A634B936269B499047E61
:104B8000777557536069DF8EE3965D6C8C4E3C5CA5
:104B9000105FE98F0253D18C89807986FF5EE565CD
:104BA000734E655182593F5CEE97FB4E8A59CD5F3B
:104BB0008D8AE16FB0796279E75B71842B73B17193
:104BC000745EF55F7B639A64C371987C434EFC5EB0
:104BD0004B4EDC57A256A960C36F0D7DFD8033811B
:104BE000BF81B28F9789A486F45D8A62AD6487899C
:104BF0007767E26C3E6D36743478465A757FAD82C5
:104C0000AC99F34FC35EDD62926357656F67C376FD
:104C10004C72CC80BA80298F4D910D50F957925A21
:104C2000856873696471FD72B78CF258E08C6A967E
:104C300019907F87E479E77729842F4F65525A537B
:104C4000CD62CF67CA6C7D76947B957C36828485F5
:104C5000EB8FDD66206F06721B7EAB83C199A69E2B
:104C6000FD51B17B7278B87B8780487BE86A615ED2
:104C70008C80517560756B5162928C6E7A769791CB
:104C8000EA9A104F707F9C624F7BA595E99C7A56FB
:104C90005958E486BC96344F24524A53CD53DB53C3
:104CA000065E2C6491657F673E6C4E6C4872AF72F5
:104CB000ED735475417E2C82E985A98CC47BC69125
:104CC00069711298EF983D6369666A75E476D078E9
:104CD0004385EE862A53515326548359875E7C5F61
:104CE000B26049627962AB629065D46BCC6CB2758C
:104CF000AE769178D879CB7D777FA580AB88B98A5D
:104D0000BB8C7F905E97DB980B6A387C99503E5C39
:104D1000AE5F8767D86B357409778E7F3B9FCA6714
:104D2000177A39538B75ED9A665F9D81F183988070
:104D30003C5FC55F6275467B3C906768EB599B5A48
:104D4000107D7E762C8BF54F6A5F196A376C026F87
:104D5000E27468796888558A798CDF5ECF63C5759F
:104D6000D279D7822893F2929C84ED862D9CC154EF
:104D70006C5F8C655C6D1570A78CD38C3B984F6510
:104D8000F6740D4ED84EE0572B59665ACC5BA8519D
:104D9000035E9C5E166076627765A7656E666E6DD3
:104DA0003672267B50819A8199825C8BA08CE68C2E
:104DB000748D1C964496AE4FAB64666B1E82618404
:104DC0006A85E890015C5369A8987A8457850F4FEB
:104DD0006F52A95F455E0D678F7979810789868952
:104DE000F56D175F5562B86CCF4E6972929B065293
:104DF0003B547456B358A4616E621A716E59897C23
:104E0000DE7C1B7DF09687655E80194E754F75516F
:104E10004058635E735E0A5FC467264E3D85899580
:104E20005B96737C0198FB50C1585676A778255243
:104E3000A5771185867B4F5009594772C77BE87D5E
:104E4000BA8FD48F4D90BF4FC952295A015FAD9789
:104E5000DD4F1782EA9203575563696B2B75DC8827
:104E6000148F427ADF52935855610A62AE66CD6B59
:104E70003F7CE9832350F84F055346543158495934
:104E80009D5BF05CEF5C295D965EB16267633E6599
:104E9000B9650B67D56CE16CF97032782B7EDE80DA
:104EA000B3820C84EC84028712892A8A4A8CA690E9
:104EB000D292FD98F39C6C9D4F4EA14E8D50565250
:104EC0004A57A8593D5ED85FD95F3F62B4661B67F9
:104ED000D067D2689251217DAA80A881008B8C8CEA
:104EE000BF8C7E92329620542C981753D5505C5329
:104EF000A858B264346767726677467AE691C352FF
:104F0000A16C866B00584C5E54592C67FB7FE151B5
:104F1000C6766964E878549BBB9ECB57B95927661F
:104F20009A67CE6BE954D969555E9C819567AA9BB7
:104F3000FE67529C5D68A64EE34FC853B9622B676B
:104F4000AB6CC48FAD4F6D7EBF9E074E6261806EAD
:104F50002B6F138573542A67459BF35D957BAC5C7F
:104F6000C65B1C874A6ED184147A088199598D7C5E
:104F7000116C2077D952225921715F72DB77279704
:104F8000619D0B697F5A185AA5510D547D540E66C8
:104F9000DF76F78F9892F49CEA595D72C56E4D5199
:104FA000C968BF7DEC7D6297BA9E7864216A0283EE
:104FB00084595F5BDB6B1B73F276B27D178099843B
:104FC00032512867D99EEE766267FF520599245CBC
:104FD0003B627E7CB08C4F55B6600B7D8095015353
:104FE0005F4EB6511C593A723680CE91255FE277FA
:104FF0008453795F047DAC85338A8D8E5697F36731
:10500000AE85539409610861B96C5276ED8A388F88
:105010002F55514F2A51C752CB53A55B7D5EA060DF
:105020008261D6630967DA67676E8C6D3673377392
:1050300031755079D588988A4A909190F590C496A8
:105040008D871559884E594F0E4E898A3F8F10987B
:10505000AD507C5E9659B95BB85EDA63FA63C164A1
:10506000DC664A69D8690B6DB66E94712875AF7AA3
:105070008A7F00804984C9848189218B0A8E65904A
:105080007D960A997E619162326B836C746DCC7FE0
:10509000FC7FC06D857FBA87F8886567B1833C98CF
:1050A000F7961B6D617D3D846A91714E7553505D1D
:1050B000046BEB6FCD852D86A78929520F54655C53
:1050C0004E67A86806748374E275CF88E188CC9136
:1050D000E29678968B5F8773CB7A4E84A063657572
:1050E0008952416D9C6E097459756B78927C8696D5
:1050F000DC7A8D9FB64F6E61C5655C86864EAE4E7E
:10510000DA50214ECC51EE5B99658168BC6D1F73FE
:105110004276AD771C7AE77C6F82D28A7C90CF9101
:10512000759618989B52D17D2B5098539767CB6DED
:10513000D0713374E8812A8FA396579C9F9E607428
:105140004158996D2F7D5E98E44E364F8B4FB75185
:10515000B152BA5D1C60B2733C79D3823492B79677
:10516000F6960A97979E629FA666746B1752A35293
:10517000C870C288C95E4B609061236F49713E7CE4
:10518000F47D6F80EE8423902C9342546F9BD36AFE
:105190008970C28CEF8D3297B452415ACA5E045F57
:1051A00017677C6994696A6D0F6F6272FC72ED7BA0
:1051B00001807E804B87CE906D51939E84798B8049
:1051C0003293D68A2D508C54718A6A6BC48C0781B5
:1051D000D160A067F29D994E984E109C6B8AC18554
:1051E000688500697E6E9778558100000A0001008D
:1051F0000200030004000500060007000800090083
:105200000A000B000C000D000E000F001000000043
:10521000202020202020202020202020202020208E
:10522000202020202020202020202020202020207E
:10523000000000001F001C200000000014210000DE
:1052400002001624000000001425000002001528AA
:1052500000000000112900000000142A00000000D6
:10526000182B00000000142C00000000102D00007E
:105270000000142E000001000C3000000900143A58
:1052800000000100183C00000200143F0000010073
:10529000034100001900155B00000000145C0000D1
:1052A0000000115D00000000175E000000000F5FAD
:1052B00000000000176000000000036100001900FA
:1052C000157B00000000187C00000000117D00002C
:1052D0000000187E00000000007F000020001CA0DD
:1052E0000000000014A10000000016A2000003004E
:1052F00019A60000000014A70000000017A8000075
:10530000000019A90000000006AA0000000013AB6D
:105310000000000018AC0000000001AD000000001B
:1053200019AE0000000017AF0000000019B0000027
:10533000000018B1000000000EB20000010017B418
:105340000000000003B50000000014B600000100DA
:1053500017B8000000000EB90000000006BA0000F7
:10536000000012BB000000000EBC0000020014BFD1
:105370000000000003C00000160018D70000000065
:1053800003D80000060004DF0000000003E0000076
:10539000160018F70000000003F800003F00043872
:1053A00001000000033901000F0004490100000062
:1053B000034A01004200048D01000000038E010039
:1053C0000C00049B01000000039C01000D0004AAD6
:1053D0000100010003AC01000D0004BA010000004F
:1053E00006BB0100000003BC0100010004BE010077
:1053F000000003BF0100000006C00100030003C459
:105400000100000007C50100000003C60100010003
:1054100007C80100000003C90100010007CB01001B
:10542000000003CC0100230004F00100000003F1A0
:105430000100000007F20100000003F301002D004D
:1054400004210200000003220200110004340200C3
:105450000500033A02001A0004550200000003563A
:10546000020001000458020000000359020000007D
:10547000045A02000000035B02000100045D020008
:1054800002000360020001000462020000000363E6
:105490000200000004640200000003650200010035
:1054A000046702000000036802000400046D0200AB
:1054B0000100036F0200000004700200000003718D
:1054C00002000100047302000100037502000000E5
:1054D000047602000600037D02000000047E020044
:1054E000010003800200000004810200000003822A
:1054F000020001000484020002000387020005008C
:10550000048D0200040003920200000004930200D4
:105510000000069402000000049502000700039DAD
:1055200002000100049F0200100005B002001100FB
:1055300017C20200030005C602000B0017D20200CA
:105540000D0005E00200040017E50200060005EC6E
:105550000200000017ED0200000005EE020000004E
:1055600017EF020010000B0003006F000370030030
:1055700003000574030000001775030000000376A4
:1055800003000100057A03000000037B0300020012
:10559000147E03000000037F030000001784030053
:1055A0000100038603000000148703000000038845
:1055B00003000200038C03000000038E03000100BF
:1055C00004900300000003910300100003A30300F4
:1055D0000C0004B00300000003B10300200008D257
:1055E0000300020003D50300200018F603000000AA
:1055F00003F70300040004FC0300000003FD0300A4
:1056000084001982040000000B83040004000A884F
:1056100004000100038A0400A500033105002500F1
:10562000055905000000145A050005000460050036
:1056300000000361050025000487050001001489AE
:1056400005000000108A05000000198D050001000A
:10565000168F050000000B9105002C0010BE050000
:1056600000000BBF0500000014C0050000000BC1C6
:105670000500010014C3050000000BC40500010073
:1056800014C6050000000BC70500000006D0050089
:105690001A0006EF0500030014F3050001000100E5
:1056A00006000500180606000200140906000100A5
:1056B000160B06000000140C06000100190E06006F
:1056C00001000B1006000A00141B06000000011C5C
:1056D00006000000141D06000200062006001F0040
:1056E0000540060000000641060009000B4B0600BD
:1056F00014000C6006000900146A06000300066E20
:10570000060001000B700600000006710600620032
:1057100014D40600000006D5060000000BD60600D3
:10572000060001DD0600000019DE060000000BDFA8
:105730000600050005E5060001000BE70600010074
:1057400019E9060000000BEA0600030006EE060059
:1057500001000CF00600090006FA0600020019FD1F
:105760000600010006FF06000000140007000D00FF
:10577000010F070000000610070000000B110700D2
:105780000000061207001D000B3007001A00064D2E
:10579000070058000BA607000A0006B1070000002A
:1057A0000CC00700090006CA070020000BEB070029
:1057B000080005F40700010019F60700000014F7BF
:1057C0000700020005FA070000000BFD07000000BB
:1057D00016FE070001000600080015000B16080061
:1057E0000300051A080000000B1B08000800052430
:1057F000080000000B250800020005280800000032
:105800000B2908000400143008000E0006400800B0
:1058100018000B5908000200145E08000000066022
:1058200008000A000670080017001788080000002A
:105830000689080005000190080001000B98080087
:10584000070006A00800280005C9080000000BCAD0
:105850000800170001E2080000000BE308001F0029
:105860000903090000000604090035000B3A09008D
:105870000000093B090000000B3C09000000063D48
:1058800009000000093E090002000B410900070061
:105890000949090003000B4D09000000094E0900E9
:1058A00001000650090000000B51090006000658CF
:1058B000090009000B6209000100146409000100DD
:1058C0000C66090009001470090000000571090048
:1058D0000000067209000E000B8109000000098219
:1058E00009000100068509000700068F0900010074
:1058F00006930900150006AA0900060006B2090071
:10590000000006B6090003000BBC0900000006BD3C
:105910000900000009BE090002000BC109000300D4
:1059200009C70900010009CB090001000BCD0900DE
:10593000000006CE0900000009D70900000006DCBF
:105940000900010006DF090002000BE20900010066
:105950000CE60900090006F00900010016F2090032
:1059600001000EF40900050019FA0900000016FBF9
:105970000900000006FC0900000014FD09000000F9
:105980000BFE090000000B010A00010009030A00D8
:10599000000006050A000500060F0A0001000613B4
:1059A0000A001500062A0A00060006320A00010055
:1059B00006350A00010006380A0001000B3C0A0007
:1059C0000000093E0A0002000B410A0001000B47DB
:1059D0000A0001000B4B0A0002000B510A000000F4
:1059E00006590A000300065E0A0000000C660A0061
:1059F00009000B700A00010006720A0002000B7514
:105A00000A00000014760A0000000B810A00010061
:105A100009830A00000006850A000800068F0A00B4
:105A2000020006930A00150006AA0A00060006B244
:105A30000A00010006B50A0004000BBC0A000000C1
:105A400006BD0A00000009BE0A0002000BC10A00E0
:105A500004000BC70A00010009C90A00000009CBB5
:105A60000A0001000BCD0A00000006D00A00000069
:105A700006E00A0001000BE20A0001000CE60A0041
:105A8000090014F00A00000016F10A00000006F9EF
:105A90000A0000000BFA0A0005000B010B000000D1
:105AA00009020B00010006050B000700060F0B00A2
:105AB000010006130B001500062A0B000600063233
:105AC0000B00010006350B0004000B3C0B0000002E
:105AD000063D0B000000093E0B0000000B3F0B00D1
:105AE000000009400B0000000B410B0003000947B8
:105AF0000B000100094B0B0001000B4D0B000000D7
:105B00000B550B00010009570B000000065C0B0051
:105B10000100065F0B0002000B620B0001000C6627
:105B20000B00090019700B00000006710B0000004B
:105B30000E720B0005000B820B00000006830B00A9
:105B4000000006850B000500068E0B000200069281
:105B50000B00030006990B000100069C0B000000DF
:105B6000069E0B00010006A30B00010006A80B0017
:105B7000020006AE0B000B0009BE0B0001000BC0BB
:105B80000B00000009C10B00010009C60B00020058
:105B900009CA0B0002000BCD0B00000006D00B0061
:105BA000000009D70B0000000CE60B0009000EF006
:105BB0000B00020019F30B00050016F90B000000A2
:105BC00019FA0B0000000B000C00000009010C008A
:105BD00002000B040C00000006050C000700060E76
:105BE0000C00020006120C001600062A0C000F0022
:105BF0000B3C0C000000063D0C0000000B3E0C00AE
:105C0000020009410C0003000B460C0002000B4A85
:105C10000C0003000B550C00010006580C0002009C
:105C2000065D0C00000006600C0001000B620C0019
:105C300001000C660C00090014770C0000000E78BF
:105C40000C000600197F0C00000006800C0000000C
:105C50000B810C00000009820C00010014840C0070
:105C6000000006850C000700068E0C00020006925C
:105C70000C00160006AA0C00090006B50C00040072
:105C80000BBC0C00000006BD0C00000009BE0C009F
:105C900000000BBF0C00000009C00C0004000BC684
:105CA0000C00000009C70C00010009CA0C0001002B
:105CB0000BCC0C00010009D50C00010006DD0C0026
:105CC000010006E00C0001000BE20C0001000CE6F4
:105CD0000C00090006F10C0001000B000D00010092
:105CE00009020D00010006040D000800060E0D005B
:105CF000020006120D0028000B3B0D000100063DBE
:105D00000D000000093E0D0002000B410D000300D4
:105D100009460D000200094A0D0002000B4D0D005E
:105D20000000064E0D000000194F0D000000065443
:105D30000D00020009570D0000000E580D0006006E
:105D4000065F0D0002000B620D0001000C660D00E5
:105D500009000E700D00080019790D000000067A88
:105D60000D0005000B810D00000009820D000100EF
:105D700006850D001100069A0D00170006B30D00F0
:105D8000080006BD0D00000006C00D0006000BCA8D
:105D90000D00000009CF0D0002000BD20D00020023
:105DA0000BD60D00000009D80D0007000CE60D0011
:105DB000090009F20D00010014F40D0000000601B5
:105DC0000E002F000B310E00000006320E00010005
:105DD0000B340E000600163F0E00000006400E00B9
:105DE000050005460E0000000B470E000700144F8B
:105DF0000E0000000C500E000900145A0E000100A5
:105E000006810E00010006840E00000006860E00CA
:105E10000400068C0E00170006A50E00000006A761
:105E20000E0009000BB10E00000006B20E000100CA
:105E30000BB40E00080006BD0E00000006C00E00E8
:105E4000040005C60E0000000BC80E0005000CD0B3
:105E50000E00090006DC0E00030006000F00000023
:105E600019010F00020014040F000E0019130F0097
:105E7000000014140F00000019150F0002000B1889
:105E80000F000100191A0F0005000C200F00090077
:105E90000E2A0F00090019340F0000000B350F0007
:105EA000000019360F0000000B370F0000001938F2
:105EB0000F0000000B390F000000153A0F00000022
:105EC000113B0F000000153C0F000000113D0F00BA
:105ED0000000093E0F00010006400F0007000649C0
:105EE0000F0023000B710F000D00097F0F00000051
:105EF0000B800F00040014850F0000000B860F00BC
:105F0000010006880F0004000B8D0F000A000B999A
:105F10000F00230019BE0F0007000BC60F00000082
:105F200019C70F00050019CE0F00010014D00F0093
:105F3000040019D50F00030014D90F00010006005A
:105F400010002A00092B100001000B2D1000030087
:105F50000931100000000B32100005000938100054
:105F600000000B3910000100093B100001000B3D3F
:105F700010000100063F100000000C401000090056
:105F8000144A1000050006501000050009561000C4
:105F900001000B5810000100065A100003000B5EB0
:105FA00010000200066110000000096210000200EB
:105FB000066510000100096710000600066E10005B
:105FC00002000B7110000300067510000C000B821C
:105FD000100000000983100001000B851000010073
:105FE0000987100005000B8D10000000068E1000C0
:105FF0000000098F100000000C9010000900099AA1
:10600000100002000B9D10000000199E10000100FE
:1060100003A01000250003C71000000003CD1000EE
:10602000000003D010002A0014FB1000000005FC43
:106030001000000003FD10000200060011004801DE
:10604000064A12000300065012000600065812000D
:106050000000065A12000300066012002800068A9B
:106060001200030006901200200006B21200030086
:1060700006B81200060006C01200000006C2120098
:10608000030006C812000E0006D8120038000612DF
:10609000130003000618130042000B5D13000200FA
:1060A0001460130008000E6913001300068013002B
:1060B0000F0019901300090003A01300550003F806
:1060C00013000500100014000000060114006B020C
:1060D000196D16000000146E16000000066F160001
:1060E00010001C8016000000068116001900159B88
:1060F00016000000119C1600000006A016004A00C1
:1061000014EB160002000DEE1600020006F1160058
:1061100007000600170011000B12170002000915F6
:1061200017000000061F170012000B3217000100B5
:10613000093417000000143517000100064017004D
:1061400011000B5217000100066017000C00066ECC
:10615000170002000B7217000100068017003300C1
:106160000BB41700010009B6170000000BB71700A9
:10617000060009BE170007000BC61700000009C77C
:10618000170001000BC917000A0014D41700020001
:1061900005D71700000014D81700020016DB1700FF
:1061A000000006DC170000000BDD170000000CE00B
:1061B000170009000EF01700090014001800050070
:1061C0001006180000001407180003000B0B18003D
:1061D0000200010E180000000B0F180000000C1048
:1061E00018000900062018002200054318000000CE
:1061F0000644180034000680180004000B851800BF
:1062000001000687180021000BA91800000006AA4B
:106210001800000006B018004500060019001E0016
:106220000B20190002000923190003000B27190095
:1062300001000929190002000930190001000B3280
:10624000190000000933190005000B39190002007C
:106250001940190000001444190001000C461900EF
:106260000900065019001D00067019000400068080
:1062700019002B0006B0190019000CD019000900F4
:106280000EDA1900000019DE1900210006001A00BC
:1062900016000B171A00010009191A0001000B1B48
:1062A0001A000000141E1A00010006201A00340013
:1062B00009551A0000000B561A00000009571A0071
:1062C00000000B581A0006000B601A00000009615C
:1062D0001A0000000B621A00000009631A00010096
:1062E0000B651A000700096D1A0005000B731A00F0
:1062F00009000B7F1A0000000C801A0009000C90A6
:106300001A00090014A01A00060005A71A000000D0
:1063100014A81A0005000BB01A000D000ABE1A00DE
:1063200000000BBF1A000F000B001B000300090444
:106330001B00000006051B002E000B341B00000094
:1063400009351B0000000B361B000400093B1B0035
:1063500000000B3C1B000000093D1B0004000B4229
:106360001B00000009431B00010006451B0007003D
:106370000C501B000900145A1B00060019611B0079
:1063800009000B6B1B00080019741B000800147D2A
:106390001B0001000B801B00010009821B00000094
:1063A00006831B001D0009A11B0000000BA21B009F
:1063B000030009A61B0001000BA81B00010009AA8D
:1063C0001B0000000BAB1B00020006AE1B0001000F
:1063D0000CB01B00090006BA1B002B000BE61B00CB
:1063E000000009E71B0000000BE81B00010009EAA0
:1063F0001B0002000BED1B00000009EE1B0000005B
:106400000BEF1B00020009F21B00010014FC1B0033
:10641000030006001C00230009241C0007000B2CAD
:106420001C00070009341C0001000B361C00010091
:10643000143B1C0004000C401C000900064D1C000D
:1064400002000C501C000900065A1C001D000578B3
:106450001C000500147E1C00010003801C000800C5
:1064600003901C002A0003BD1C00020014C01C0085
:1064700007000BD01C00020014D31C0000000BD43A
:106480001C000C0009E11C0000000BE21C000600CF
:1064900006E91C0003000BED1C00000006EE1C00CA
:1064A00005000BF41C00000006F51C00010009F7B4
:1064B0001C0000000BF81C00010006FA1C00000084
:1064C00004001D002B00052C1D003E00046B1D0068
:1064D0000C0005781D00000003791D000000047AFF
:1064E0001D000200037D1D000000047E1D000F0042
:1064F000038E1D000000048F1D000B00059B1D0076
:1065000024000BC01D003F0003001E0095000496F0
:106510001E000400039B1E000000049C1E000100DE
:10652000039E1E000000049F1E00000003A01E002A
:10653000750003181F00050003201F0025000348F5
:106540001F00050004501F00000003511F00000041
:1065500004521F00000003531F00000004541F00DA
:10656000000003551F00000004561F0000000357E1
:106570001F00000003591F000000035B1F00000004
:10658000035D1F000000035F1F001E0003801F004B
:10659000070007881F00070003901F0007000798E7
:1065A0001F00070003A01F00070007A81F00070027
:1065B00003B01F00010004B21F00000003B31F005E
:1065C000000004B41F00000004B61F00010003B85F
:1065D0001F00030007BC1F00000017BD1F000000C4
:1065E00003BE1F00000017BF1F00020004C21F00EF
:1065F000000003C31F00000004C41F00000004C605
:106600001F00010003C81F00030007CC1F0000008B
:1066100017CD1F00020003D01F00010004D21F008D
:10662000010004D61F00010003D81F00030017DD7E
:106630001F00020003E01F00010004E21F0002002F
:1066400003E51F00000004E61F00010003E81F002F
:10665000040017ED1F00020004F21F00000003F306
:106660001F00000004F41F00000004F61F000100DA
:1066700003F81F00030007FC1F00000017FD1F00A8
:1066800001001C0020000A00010B20000400101073
:10669000200005001416200001001318200000003F
:1066A000121920000000151A20000000131B200002
:1066B0000100121D20000000151E20000000131F05
:1066C000200000001420200007001A2820000000ED
:1066D0001B2920000000012A200004001C2F20009C
:1066E0000000143020000800133920000000123A86
:1066F00020000000143B200003000F3F2000010099
:10670000144120000200184420000000154520001C
:106710000000114620000000144720000A00185213
:10672000200000001453200000000F54200000003F
:106730001455200009001C5F2000000001602000AB
:1067400004000166200009000E70200000000571A1
:10675000200000000E7420000500187A20000200BE
:10676000157D20000000117E20000000057F200024
:1067700000000E8020000900188A20000200158DFC
:1067800020000000118E20000000059020000C0069
:1067900016A0200020000BD020000C000ADD2000F5
:1067A00003000BE1200000000AE2200002000BE5DC
:1067B00020000B0019002100010008022100000048
:1067C0001903210003000807210000001908210017
:1067D0000100040A21000000080B21000200040E41
:1067E0002100010008102100020004132100000014
:1067F00019142100000008152100000019162100BD
:106800000100181821000000081921000400191EB9
:1068100021000500082421000000192521000000A6
:10682000032621000000192721000000082821006C
:106830000000192921000000032A21000100082C72
:1068400021000100192E21000000042F210000006A
:10685000083021000100033221000000083321002C
:106860000000043421000000063521000300043933
:1068700021000000193A21000100043C2100010020
:10688000083E2100010018402100040008452100B5
:106890000000044621000300194A21000000184BA3
:1068A00021000000194C21000100034E21000000CE
:1068B000194F210000000E5021000F000D60210033
:1068C00022000383210001000D85210003000E89B1
:1068D00021000000198A2100010018902100040005
:1068E000199521000400189A21000100199C21002B
:1068F000030018A02100000019A12100010018A325
:106900002100000019A42100010018A621000000A8
:1069100019A72100060018AE2100000019AF2100C0
:106920001E0018CE2100010019D02100010018D24C
:106930002100000019D32100000018D4210000001C
:1069400019D521001E0018F421000B0119002300A5
:106950000700150823000000110923000000150A94
:1069600023000000110B23000000190C230013006A
:1069700018202300010019222300060015292300F6
:106980000000112A23000000192B23005000187C5E
:1069900023000000197D23001D00189B2300180010
:1069A00019B42300270018DC2300050019E2230096
:1069B0004400194024000A000E6024003B00199C8A
:1069C00024004D000EEA2400150019002500B60031
:1069D00018B72500000019B82500080018C12500C7
:1069E000000019C22500350018F82500070019001D
:1069F00026006E00186F2600000019702600F700B0
:106A0000156827000000116927000000156A27009B
:106A10000000116B27000000156C27000000116DAD
:106A200027000000156E27000000116F27000000EE
:106A30001570270000001171270000001572270053
:106A40000000117327000000157427000000117565
:106A5000270000000E7627001D00199427002B0048
:106A600018C02700040015C52700000011C6270024
:106A7000000018C727001E0015E62700000011E7D8
:106A80002700000015E82700000011E9270000009A
:106A900015EA2700000011EB2700000015EC270085
:106AA000000011ED2700000015EE2700000011EF97
:106AB0002700000018F027000F0019002800FF0031
:106AC0001800290082001583290000001184290084
:106AD0000000158529000000118629000000158797
:106AE00029000000118829000000158929000000F4
:106AF000118A29000000158B29000000118C290043
:106B00000000158D29000000118E29000000158F4E
:106B100029000000119029000000159129000000B3
:106B200011922900000015932900000011942900FA
:106B30000000159529000000119629000000159706
:106B400029000000119829000000189929003E0032
:106B500015D82900000011D92900000015DA2900F4
:106B6000000011DB2900000018DC29001F0015FCC3
:106B70002900000011FD2900000018FE2900010174
:106B800019002B002F0018302B00140019452B0082
:106B9000010018472B000500194D2B00260019761F
:106BA0002B001F0019972B00680003002C007000B9
:106BB00004712C00000003722C00010004742C00EE
:106BC000000003752C00010004772C000400057CF4
:106BD0002C000100037E2C00650004E42C00000062
:106BE00019E52C00050003EB2C0003000BEF2C0033
:106BF000020003F22C00010014F92C0003000EFD2A
:106C00002C00000014FE2C00010003002D002500C4
:106C100003272D000000032D2D00000006302D005D
:106C20003700056F2D00000014702D0000000B7F51
:106C30002D00000006802D00160006A02D00060085
:106C400006A82D00060006B02D00060006B82D008F
:106C5000060006C02D00060006C82D00060006D05E
:106C60002D00060006D82D0006000BE02D001F00A9
:106C700014002E00010013022E00000012032E004B
:106C8000000013042E00000012052E000000140660
:106C90002E00020013092E000000120A2E00000030
:106CA000140B2E000000130C2E000000120D2E00FD
:106CB0000000140E2E00080010172E0000001418FB
:106CC0002E000100101A2E000000141B2E000000E0
:106CD000131C2E000000121D2E000000141E2E009A
:106CE000010013202E00000012212E0000001522AA
:106CF0002E00000011232E00000015242E0000009D
:106D000011252E00000015262E00000011272E0050
:106D1000000015282E00000011292E000000142A62
:106D20002E000400052F2E00000014302E00090054
:106D3000103A2E000100143C2E00030010402E00DB
:106D4000000014412E00000015422E0000001443E4
:106D50002E000C0019502E00010014522E000200CB
:106D600015552E00000011562E00000015572E005C
:106D7000000011582E00000015592E000000115A75
:106D80002E000000155B2E000000115C2E0000009C
:106D9000105D2E00000019802E001900199B2E0096
:106DA000580019002F00D50019F02F000B001C000F
:106DB000300000001401300002001904300000000F
:106DC0000505300000000606300000000D07300009
:106DD0000000150830000000110930000000150AFD
:106DE00030000000110B30000000150C30000000D6
:106DF000110D30000000150E30000000110F3000A2
:106E000000001510300000001111300000001912B0
:106E10003000010015143000000011153000000092
:106E20001516300000001117300000001518300052
:106E30000000111930000000151A30000000111B6D
:106E400030000000101C30000000151D3000000054
:106E5000111E300001001920300000000D2130000B
:106E600008000B2A30000300092E3000010010300A
:106E700030000000053130000400193630000100F8
:106E80000D3830000200053B30000000063C3000A9
:106E90000000143D30000000193E300001000641A2
:106EA000300055000B9930000100179B30000100A5
:106EB000059D30000100069F3000000010A030004A
:106EC000000006A13000590014FB3000000005FC52
:106ED0003000020006FF30000000060531002A00E5
:106EE000063131005D001990310001000E92310031
:106EF000030019963100090006A031001F0019C0D7
:106F00003100230006F031000F00190032001E008E
:106F10000E2032000900192A32001D000E483200EE
:106F200007001950320000000E5132000E001960A7
:106F300032001F000E8032000900198A320026003C
:106F40000EB132000E0019C032003F0106003400BD
:106F5000BF1919C04D003F0006004E001452051520
:106F6000A00000000616A00076041990A4003600C8
:106F700006D0A400270005F8A400050014FEA40014
:106F800001000600A5000B01050CA6000000140D71
:106F9000A60002000610A6000F000C20A6000900A3
:106FA000062AA60001000340A6002D00066EA600DA
:106FB00000000B6FA60000000A70A6000200147308
:106FC000A60000000B74A6000900147EA6000000B5
:106FD000057FA60000000380A6001B00059CA600FC
:106FE00001000B9EA600010006A0A60045000DE6CC
:106FF000A60009000BF0A600010014F2A60005008F
:107000001700A70016000517A70008001720A70003
:1070100001000322A7000D000430A7000100033285
:10702000A7003D000570A70000000471A70007003D
:107030000379A7000E000588A70000001789A700A4
:107040000100038BA7000200048EA7000000068F3A
:10705000A70000000390A70004000495A70000000B
:107060000396A700180004AFA700000003B0A70014
:107070001A0003D0A700010004D3A700000004D524
:10708000A700000003D6A700030005F2A700020036
:1070900003F5A700010006F7A700000005F8A70008
:1070A000010004FAA700000006FBA70006000B027F
:1070B000A80000000603A80002000B06A8000000BC
:1070C0000607A80003000B0BA8000000060CA80090
:1070D00016000923A80001000B25A80001000927BC
:1070E000A80000001928A80003000B2CA80000002D
:1070F0000E30A80005001936A80001001638A800B7
:1071000000001939A80000000640A80033001474DC
:10711000A80003000980A80001000682A800310031
:1071200009B4A8000F000BC4A800010014CEA800E9
:1071300001000CD0A80009000BE0A800110006F225
:10714000A800050014F8A800020006FBA800000033
:1071500014FCA800000006FDA80001000BFFA80019
:1071600000000C00A9000900060AA9001B000B265C
:10717000A9000700142EA90001000630A90016007E
:107180000B47A9000A000952A9000100145FA900D9
:1071900000000660A9001C000B80A9000200098302
:1071A000A90000000684A9002E000BB3A90000006E
:1071B00009B4A90001000BB6A900030009BAA9008F
:1071C00001000BBCA900010009BEA900020014C106
:1071D000A9000C0005CFA90000000CD0A9000900EF
:1071E00014DEA900010006E0A90004000BE5A900D7
:1071F000000005E6A900000006E7A90008000CF061
:10720000A900090006FAA90004000600AA00280047
:107210000B29AA000500092FAA0001000B31AA00C2
:1072200001000933AA0001000B35AA000100064045
:10723000AA0002000B43AA0000000644AA000700AF
:107240000B4CAA000000094DAA0000000C50AA0037
:107250000900145CAA0003000660AA000F00057074
:10726000AA0000000671AA0005001977AA00020012
:10727000067AAA000000097BAA0000000B7CAA0085
:107280000000097DAA000000067EAA0031000BB0B4
:10729000AA00000006B1AA0000000BB2AA0002007A
:1072A00006B5AA0001000BB7AA00010006B9AA00A2
:1072B00004000BBEAA00010006C0AA0000000BC11A
:1072C000AA00000006C2AA00000006DBAA00010016
:1072D00005DDAA00000014DEAA00010006E0AA00F5
:1072E0000A0009EBAA0000000BECAA00010009EE5D
:1072F000AA00010014F0AA00010006F2AA00000092
:1073000005F3AA00010009F5AA0000000BF6AA0087
:1073100000000601AB0005000609AB0005000611E0
:10732000AB0005000620AB0006000628AB000600F7
:107330000430AB0022000353AB0000000454AB0048
:107340000600175BAB000000055CAB0003000460A7
:10735000AB0008000569AB000000176AAB00010034
:107360000370AB004F0006C0AB00220009E3AB0086
:1073700001000BE5AB00000009E6AB0001000BE8E3
:10738000AB00000009E9AB00010014EBAB0000000A
:1073900009ECAB0000000BEDAB0000000CF0AB0003
:1073A00009000600AC00A32B06B0D700160006CBE0
:1073B000D70030000200D800FF070600F9006D0179
:1073C0000670FA0069000400FB0006000413FB00CD
:1073D0000400061DFB0000000B1EFB000000061F42
:1073E000FB0009001829FB000000062AFB000C0026
:1073F0000638FB000400063EFB0000000640FB00D0
:1074000001000643FB0001000646FB006B0017B2BB
:10741000FB00100006D3FB006A01113EFD000000D6
:10742000153FFD0000001940FD000F000650FD0053
:107430003F000692FD00350019CFFD00000006F068
:10744000FD000B0016FCFD00000019FDFD00020010
:107450000B00FE000F001410FE0006001517FE00C2
:1074600000001118FE0000001419FE0000000B209F
:10747000FE000F001430FE0000001031FE0001007D
:107480000F33FE0001001535FE0000001136FE002E
:1074900000001537FE0000001138FE00000015390D
:1074A000FE000000113AFE000000153BFE00000047
:1074B000113CFE000000153DFE000000113EFE00E4
:1074C0000000153FFE0000001140FE0000001541C5
:1074D000FE0000001142FE0000001543FE00000007
:1074E0001144FE0000001445FE0001001547FE0097
:1074F00000001148FE0000001449FE0003000F4D7B
:10750000FE0002001450FE0002001454FE000300AE
:107510001058FE0000001559FE000000115AFE0030
:107520000000155BFE000000115CFE000000155D10
:10753000FE000000115EFE000000145FFE0002006D
:107540001862FE0000001063FE0000001864FE00D8
:1075500002001468FE0000001669FE000000146AB4
:10756000FE0001000670FE0004000676FE008600A4
:1075700001FFFE0000001401FF0002001604FF00DE
:1075800000001405FF0002001508FF0000001109AB
:10759000FF000000140AFF000000180BFF000000AD
:1075A000140CFF000000100DFF000000140EFF007F
:1075B00001000C10FF000900141AFF000100181C44
:1075C000FF000200141FFF0001000321FF0019004B
:1075D000153BFF000000143CFF000000113DFF00C0
:1075E0000000173EFF0000000F3FFF0000001740A3
:1075F000FF0000000341FF001900155BFF000000C1
:10760000185CFF000000115DFF000000185EFF0025
:107610000000155FFF0000001160FF000000146112
:10762000FF0000001562FF0000001163FF00000072
:107630001464FF0001000666FF0009000570FF00EA
:1076400000000671FF002C00059EFF00010006A04F
:10765000FF001E0006C2FF00050006CAFF0005006D
:1076600006D2FF00050006DAFF00020016E0FF0068
:10767000010018E2FF00000017E3FF00000019E41A
:10768000FF00000016E5FF00010019E8FF00000000
:1076900018E9FF00030019EDFF00010001F9FF00E8
:1076A000020019FCFF000100060000010B00060D9E
:1076B00000011900062800011200063C000101002B
:1076C000063F00010E00065000010D00068000017B
:1076D0007A001400010102000E0701012C00193785
:1076E000010108000D40010134000E750101030085
:1076F0001979010110000E8A01010100198C0101A4
:107700000200199001010C0019A00101000019D01C
:1077100001012C000BFD01010000068002011C008C
:1077200006A0020130000BE0020100000EE10201A0
:107730001A00060003011F000E2003010300062D9E
:10774000030113000D41030100000642030107007D
:107750000D4A030100000650030125000B760301CA
:107760000400068003011D00149F0301000006A011
:107770000301230006C80301070014D00301000021
:107780000DD103010400030004014F000650040161
:107790004D000CA00401090003B00401230003D82C
:1077A000040123000600050127000630050133000F
:1077B000146F05010000037005010A00037C050138
:1077C0000E00038C050106000394050101000397D8
:1077D00005010A0003A305010E0003B3050106001D
:1077E00003BB050101000600060136010640070142
:1077F00015000660070107000580070105000587E1
:107800000701290005B2070108000600080105006C
:10781000060808010000060A08012B0006370801C7
:107820000100063C08010000063F0801160014573D
:10783000080100000E580801070006600801160044
:107840001977080101000E79080106000680080179
:107850001E000EA70801080006E00801120006F449
:10786000080101000EFB08010400060009011500D3
:107870000E1609010500141F090100000620090168
:107880001900143F090100000680090137000EBCF1
:107890000901010006BE090101000EC009010F0027
:1078A0000ED209012D0006000A0100000B010A0199
:1078B00002000B050A0101000B0C0A01030006106F
:1078C0000A01030006150A01020006190A011C003C
:1078D0000B380A0102000B3F0A0100000E400A01AA
:1078E000080014500A01080006600A011C000E7D01
:1078F0000A010100147F0A01000006800A011C0031
:107900000E9D0A01020006C00A01070019C80A01FB
:10791000000006C90A011B000BE50A0101000EEB7D
:107920000A01040014F00A01060006000B013500EC
:1079300014390B01060006400B0115000E580B010F
:10794000070006600B0112000E780B01070006808D
:107950000B01110014990B0103000EA90B01060085
:1079600006000C01480003800C01320003C00C012A
:1079700032000EFA0C01050006000D0123000B2455
:107980000D0103000C300D0109000E600E011E00F8
:1079900006800E0129000BAB0E01010010AD0E0197
:1079A000000006B00E01010006000F011C000E1DB4
:1079B0000F01090006270F01000006300F01150016
:1079C0000B460F010A000E510F01030014550F0161
:1079D000040006700F0111000B820F0103001486D2
:1079E0000F01030006B00F0114000EC50F010600C1
:1079F00006E00F0116000900100100000B01100144
:107A000000000902100100000603100134000B38C9
:107A100010010E001447100106000E521001130051
:107A20000C66100109000B701001000006711001B6
:107A300001000B73100101000675100100000B7F9F
:107A400010010200098210010000068310012C00C1
:107A500009B0100102000BB31001030009B71001B7
:107A600001000BB91001010014BB1001010001BDA0
:107A70001001000014BE100103000BC21001000031
:107A800001CD1001000006D0100118000CF010010B
:107A900009000B00110102000603110123000B274E
:107AA00011010400092C110100000B2D1101070028
:107AB0000C361101090014401101030006441101A4
:107AC00000000945110101000647110100000650A0
:107AD000110122000B731101000014741101010047
:107AE0000676110100000B801101010009821101CD
:107AF0000000068311012F0009B3110102000BB62B
:107B00001101080009BF1101010006C111010300A4
:107B100014C5110103000BC91101030014CD11019B
:107B2000000009CE110100000BCF110100000CD0A4
:107B30001101090006DA1101000014DB1101000037
:107B400006DC1101000014DD110102000EE111013B
:107B50001300060012011100061312011800092C6F
:107B6000120102000B2F1201020009321201010062
:107B70000B34120100000935120100000B3612010E
:107B800001001438120105000B3E120100000680AE
:107B900012010600068812010000068A1201030085
:107BA000068F12010E00069F1201090014A912018E
:107BB000000006B012012E000BDF1201000009E0E8
:107BC000120102000BE3120107000CF01201090080
:107BD0000B00130101000902130101000605130146
:107BE0000700060F13010100061313011500062AF2
:107BF00013010600063213010100063513010400CB
:107C00000B3B13010100063D13010000093E130167
:107C100001000B4013010000094113010300094753
:107C200013010100094B130102000650130100006B
:107C3000095713010000065D1301040009621301D6
:107C400001000B66130106000B701301040006000F
:107C5000140134000935140102000B381401070027
:107C60000940140101000B421401020009451401EE
:107C700000000B4614010000064714010300144BDA
:107C8000140104000C5014010900145A14010100DD
:107C9000145D140100000B5E14010000065F140166
:107CA0000200068014012F0009B0140102000BB37A
:107CB0001401050009B9140100000BBA14010000F9
:107CC00009BB140103000BBF1401010009C1140119
:107CD00000000BC21401010006C41401010014C607
:107CE0001401000006C7140100000CD014010900A3
:107CF000068015012E0009AF150102000BB2150117
:107D0000030009B8150103000BBC1501010009BEF1
:107D1000150100000BBF1501010014C1150116006B
:107D200006D8150103000BDC150101000600160141
:107D30002F000930160102000B3316010700093B22
:107D4000160101000B3D16010000093E160100005E
:107D50000B3F1601010014411601020006441601F2
:107D600000000C5016010900146016010C0006807A
:107D700016012A000BAB1601000009AC1601000029
:107D80000BAD1601000009AE160101000BB0160183
:107D9000050009B6160100000BB71601000006B871
:107DA0001601000014B9160100000CC016010900EC
:107DB000060017011A000B1D170102000920170108
:107DC00001000B22170103000926170100000B27F1
:107DD000170104000C30170109000E3A17010100C9
:107DE000143C17010200193F17010000064017015B
:107DF0000600060018012B00092C180102000B2FA9
:107E0000180108000938180100000B391801010099
:107E1000143B1801000003A018013F000CE01801FA
:107E200009000EEA1801080006FF180107000609FC
:107E300019010000060C19010700061519010100BF
:107E40000618190117000930190105000937190131
:107E500001000B3B19010100093D190100000B3E17
:107E600019010000063F1901000009401901000036
:107E70000641190100000942190100000B431901D4
:107E800000001444190102000C501901090006A059
:107E90001901070006AA1901260009D119010200DB
:107EA0000BD4190103000BDA1901010009DC1901D7
:107EB00003000BE01901000006E11901000014E2C3
:107EC0001901000006E31901000009E4190100008E
:107ED00006001A0100000B011A010900060B1A0125
:107EE00027000B331A01050009391A010000063A70
:107EF0001A0100000B3B1A010300143F1A0107008E
:107F00000B471A01000006501A0100000B511A011C
:107F1000050009571A0101000B591A010200065CFD
:107F20001A012D000B8A1A010C0009971A01000092
:107F30000B981A010100149A1A010200069D1A01F9
:107F40000000149E1A01040006B01A014800060041
:107F50001C010800060A1C012400092F1C01000056
:107F60000B301C0106000B381C010500093E1C01EA
:107F700000000B3F1C01000006401C0100001441E2
:107F80001C0104000C501C0109000E5A1C011200B7
:107F900014701C01010006721C011D000B921C01D3
:107FA000150009A91C0100000BAA1C01060009B15B
:107FB0001C0100000BB21C01010009B41C010000EF
:107FC0000BB51C01010006001D01060006081D017D
:107FD0000100060B1D0125000B311D0105000B3AA8
:107FE0001D0100000B3C1D0101000B3F1D0106009F
:107FF00006461D0100000B471D0100000C501D012D
:10800000090006601D01050006671D010100066AE2
:108010001D011F00098A1D0104000B901D010100B4
:1080200009931D0101000B951D01000009961D011A
:1080300000000B971D01000006981D0100000CA018
:108040001D01090006E01E0112000BF31E010100D4
:1080500009F51E01010014F71E01010006B01F0101
:1080600000000EC01F01140019D51F01070016DD06
:108070001F01030019E11F01100014FF1F01000080
:108080000600200199030D0024016E0014702401E4
:10809000040006802401C30006902F01600014F143
:1080A0002F010100060030012E04013034010800C8
:1080B00006004401460206006801380206406A01D3
:1080C0001E000C606A010900146E6A01010006704E
:1080D0006A014E000CC06A01090006D06A011D0049
:1080E0000BF06A01040014F56A01000006006B0140
:1080F0002F000B306B01060014376B010400193C94
:108100006B01030005406B01030014446B01000088
:1081100019456B0100000C506B0109000E5B6B01EF
:10812000060006636B011400067D6B01120003401C
:108130006E013F000E806E01160014976E01030061
:1081400006006F014A000B4F6F01000006506F01DF
:10815000000009516F0136000B8F6F01030005937A
:108160006F010C0005E06F01010014E26F010000D7
:1081700005E36F0100000BE46F01000009F06F01DF
:10818000010006007001F71706008801D5040600FB
:108190008D01080005F0AF01030005F5AF010600F1
:1081A00005FDAF0101000600B00122010650B1013A
:1081B00002000664B10103000670B1018B010600E4
:1081C000BC016A000670BC010C000680BC010800FE
:1081D0000690BC010900199CBC0100000B9DBC016C
:1081E0000100149FBC01000001A0BC0103000B00B2
:1081F000CF012D000B30CF0116001950CF017300B5
:108200001900D001F5001900D10126001929D1016A
:108210003B000965D10101000B67D1010200196A19
:10822000D1010200096DD10105000173D1010700E0
:108230000B7BD10107001983D10101000B85D1010E
:108240000600198CD1011D000BAAD101030019AE43
:10825000D1013C001900D20141000B42D2010200C1
:108260001945D20100000EE0D20113001900D3011C
:1082700056000E60D30118000800D4011900041A3A
:10828000D40119000834D4011900044ED4010600A9
:108290000456D40111000868D40119000482D401E5
:1082A0001900089CD4010000089ED401010008A216
:1082B000D401000008A5D401010008A9D4010300DD
:1082C00008AED401070004B6D401030004BBD401F6
:1082D000000004BDD401060004C5D4010A0008D082
:1082E000D401190004EAD40119000804D5010100E1
:1082F0000807D5010300080DD50107000816D501B0
:108300000600041ED50119000838D5010100083BFC
:10831000D50103000840D50104000846D50100003E
:10832000084AD50106000452D5011900086CD50190
:1083300019000486D501190008A0D501190004BA56
:10834000D501190008D4D501190004EED501190092
:108350000808D60119000422D6011900083CD601EC
:1083600019000456D60119000870D6011900048AB4
:10837000D6011B0008A8D601180018C1D6010000BC
:1083800004C2D601180018DBD601000004DCD601B7
:10839000050008E2D601180018FBD601000004FC15
:1083A000D60118001815D70100000416D7010500E2
:1083B000081CD70118001835D70100000436D70172
:1083C0001800184FD70100000450D70105000856C7
:1083D000D7011800186FD70100000470D7011800EA
:1083E0001889D7010000048AD70105000890D70139
:1083F000180018A9D701000004AAD701180018C353
:10840000D701000004C4D701050008CAD701000045
:1084100004CBD70100000CCED70131001900D801E0
:10842000FF010B00DA0136001937DA0103000B3BBC
:10843000DA013100196DDA0107000B75DA0100006D
:108440001976DA010D000B84DA0100001985DA01D2
:1084500001001487DA0104000B9BDA0104000BA170
:10846000DA010E000400DF010900060ADF01000046
:10847000040BDF0113000B00E00106000B08E00114
:1084800010000B1BE00106000B23E00101000B268E
:10849000E00104000600E1012C000B30E1010600C0
:1084A0000537E10106000C40E1010900064EE1013B
:1084B0000000194FE10100000690E2011D000BAE23
:1084C000E201000006C0E2012B000BECE201030018
:1084D0000CF0E201090016FFE201000006E0E701EE
:1084E000060006E8E701030006EDE701010006F0DB
:1084F000E7010E000600E801C4000EC7E80108000D
:108500000BD0E80106000300E90143000B44E90138
:108510000600054BE90100000C50E9010900145E5A
:10852000E90101000E71EC013A0019ACEC01000008
:108530000EADEC01020016B0EC0100000EB1EC0132
:1085400003000E01ED012C00192EED0100000E2F8D
:10855000ED010E000600EE0103000605EE011A0013
:108560000621EE0101000624EE0100000627EE01BF
:1085700000000629EE0109000634EE010300063969
:10858000EE010000063BEE0100000642EE01000095
:108590000647EE0100000649EE010000064BEE0121
:1085A0000000064DEE0102000651EE0101000654E6
:1085B000EE0100000657EE0100000659EE01000032
:1085C000065BEE010000065DEE010000065FEE01B5
:1085D00000000661EE0101000664EE01000006677E
:1085E000EE010300066CEE0106000674EE010300C6
:1085F0000679EE010300067EEE0100000680EE0122
:108600000900068BEE01100006A1EE01020006A58E
:10861000EE01040006ABEE01100018F0EE010100BF
:108620001900F0012B001930F001630019A0F001CE
:108630000E0019B1F0010E0019C1F0010E0019D1A0
:10864000F00124000E00F1010C00190DF101A00051
:1086500019E6F1011C001910F2012B001940F2017A
:1086600008001950F20101001960F201050019001B
:10867000F301FA0017FBF30104001900F401D7021B
:1086800019DDF6010F0019F0F6010C001900F701D1
:1086900073001980F701580019E0F7010B0019F079
:1086A000F70100001900F8010B001910F80137005C
:1086B0001950F80109001960F80127001990F80114
:1086C0001D0019B0F80101001900F90153011960EA
:1086D000FA010D001970FA0104001978FA0104007A
:1086E0001980FA0106001990FA011C0019B0FA016C
:1086F0000A0019C0FA01050019D0FA01090019E0B1
:10870000FA01070019F0FA0106001900FB019200B6
:108710001994FB0136000CF0FB0109000600000271
:10872000DFA60600A70238100640B702DD000620CB
:10873000B802811606B0CE02301D0600F8021D02F6
:10874000060000034A130101000E00000120000E84
:108750005F000B00010EEF000C5F104E154E2A4E0D
:10876000314E364E3C4E3F4E424E564E584E824E45
:10877000854E6B8C8A4E12820D5F8E4E9E4E9F4EA2
:10878000A04EA24EB04EB34EB64ECE4ECD4EC44EBF
:10879000C64EC24ED74EDE4EED4EDF4EF74E094F5F
:1087A0005A4F304F5B4F5D4F574F474F764F884F73
:1087B0008F4F984F7B4F694F704F914F6F4F864F40
:1087C000964F1851D44FDF4FCE4FD84FDB4FD14F7C
:1087D000DA4FD04FE44FE54F1A50285014502A502A
:1087E000255005501C4FF64F215029502C50FE4F5C
:1087F000EF4F1150065043504750036755505050AB
:1088000048505A5056506C50785080509A5085506D
:10881000B450B250C950CA50B350C250D650DE50B6
:10882000E550ED50E350EE50F950F550095101512B
:1088300002511651155114511A5121513A513751C3
:108840003C513B513F51405152514C515451625156
:10885000F87A69516A516E5180518251D8568C51C3
:1088600089518F519151935195519651A451A651CF
:10887000A251A951AA51AB51B351B151B251B0510A
:10888000B551BD51C551C951DB51E0515586E95132
:10889000ED51F051F551FE5104520B5214520E524B
:1088A00027522A522E52335239524F5244524B526F
:1088B0004C525E5254526A527452695273527F52F1
:1088C0007D528D5294529252715288529152A88F79
:1088D000A78FAC52AD52BC52B552C152CD52D752F5
:1088E000DE52E352E652ED98E052F352F552F8525E
:1088F000F9520653085338750D5310530F5315533F
:108900001A5323532F533153335338534053465341
:108910004553174E49534D53D6515E5369536E53C9
:1089200018597B53775382539653A053A653A5539C
:10893000AE53B053B653C353127CD996DF53FC6683
:10894000EE71EE53E853ED53FA5301543D54405445
:108950002C542D543C542E54365429541D544E54EA
:108960008F5475548E545F5471547754705492548C
:108970007B5480547654845490548654C754A254E3
:10898000B854A554AC54C454C854A854AB54C2549D
:10899000A454BE54BC54D854E554E6540F55145551
:1089A000FD54EE54ED54FA54E25439554055635594
:1089B0004C552E555C5545555655575538553355DC
:1089C0005D5599558055AF548A559F557B557E55B9
:1089D00098559E55AE557C558355A9558755A85534
:1089E000DA55C555DF55C455DC55E455D4551456F4
:1089F000F7551656FE55FD551B56F9554E56505611
:108A0000DF7134563656325638566B5664562F56EA
:108A10006C566A56865680568A56A05694568F567D
:108A2000A556AE56B656B456C256BC56C156C356D7
:108A3000C056C856CE56D156D356D756EE56F956CE
:108A40000057FF560457095708570B570D57135730
:108A500018571657C7551C572657375738574E576C
:108A60003B5740574F576957C057885761577F57F3
:108A700089579357A057B357A457AA57B057C3570E
:108A8000C657D457D257D3570A58D657E3570B581F
:108A900019581D587258215862584B587058C06B5D
:108AA00052583D5879588558B9589F58AB58BA58BC
:108AB000DE58BB58B858AE58C558D358D158D758B7
:108AC000D958D858E558DC58E458DF58EF58FA58C8
:108AD000F958FB58FC58FD5802590A5910591B59AE
:108AE000A66825592C592D59325938593E59D27AF0
:108AF000555950594E595A595859625960596759E0
:108B00006C596959785981599D595E4FAB4FA3599A
:108B1000B259C659E859DC598D59D959DA59255AEB
:108B20001F5A115A1C5A095A1A5A405A6C5A495A11
:108B3000355A365A625A6A5A9A5ABC5ABE5ACB5A4F
:108B4000C25ABD5AE35AD75AE65AE95AD65AFA5A7D
:108B5000FB5A0C5B0B5B165B325BD05A2A5B365BB5
:108B60003E5B435B455B405B515B555B5A5B5B5BCC
:108B7000655B695B705B735B755B785B88657A5B73
:108B8000805B835BA65BB85BC35BC75BC95BD45B85
:108B9000D05BE45BE65BE25BDE5BE55BEB5BF05BE3
:108BA000F65BF35B055C075C085C0D5C135C205CAA
:108BB000225C285C385C395C415C465C4E5C535CF2
:108BC000505C4F5C715B6C5C6E5C624E765C795C99
:108BD0008C5C915C945C9B59AB5CBB5CB65CBC5C94
:108BE000B75CC55CBE5CC75CD95CE95CFD5CFA5CEB
:108BF000ED5C8C5DEA5C0B5D155D175D5C5D1F5D7A
:108C00001B5D115D145D225D1A5D195D185D4C5D83
:108C1000525D4E5D4B5D6C5D735D765D875D845D21
:108C2000825DA25D9D5DAC5DAE5DBD5D905DB75D3D
:108C3000BC5DC95DCD5DD35DD25DD65DDB5DEB5DB9
:108C4000F25DF55D0B5E1A5E195E115E1B5E365EAF
:108C5000375E445E435E405E4E5E575E545E5F5ECE
:108C6000625E645E475E755E765E7A5EBC9E7F5E27
:108C7000A05EC15EC25EC85ED05ECF5ED65EE35EC1
:108C8000DD5EDA5EDB5EE25EE15EE85EE95EEC5EE2
:108C9000F15EF35EF05EF45EF85EFE5E035F095F18
:108CA0005D5F5C5F0B5F115F165F295F2D5F385F53
:108CB000415F485F4C5F4E5F2F5F515F565F575F6C
:108CC000595F615F6D5F735F775F835F825F7F5F17
:108CD0008A5F885F915F875F9E5F995F985FA05F03
:108CE000A85FAD5FBC5FD65FFB5FE45FF85FF15FDD
:108CF000DD5FB360FF5F2160606019601060296014
:108D00000E6031601B6015602B6026600F603A605A
:108D10005A6041606A6077605F604A6046604D609B
:108D200063604360646042606C606B605960816046
:108D30008D60E76083609A6084609B609660976056
:108D40009260A7608B60E160B860E060D360B4605F
:108D5000F05FBD60C660B560D8604D6115610661A9
:108D6000F660F7600061F460FA6003612161FB6006
:108D7000F1600D610E6147613E61286127614A61C2
:108D80003F613C612C6134613D61426144617361CA
:108D90007761586159615A616B6174616F61656196
:108DA00071615F615D615361756199619661876110
:108DB000AC6194619A618A619161AB61AE61CC6191
:108DC000CA61C961F761C861C361C661BA61CB613B
:108DD000797FCD61E661E361F661FA61F461FF617B
:108DE000FD61FC61FE610062086209620D620C6255
:108DF00014621B621E6221622A622E62306232623B
:108E0000336241624E625E6263625B6260626862AC
:108E10007C62826289627E62926293629662D462AE
:108E200083629462D762D162BB62CF62FF62C66224
:108E3000D464C862DC62CC62CA62C262C7629B62EE
:108E4000C9620C63EE62F162276302630863EF623A
:108E5000F56250633E634D631C644F6396638E639B
:108E60008063AB637663A3638F6389639F63B5633A
:108E70006B636963BE63E963C063C663E363C9632D
:108E8000D263F663C46316643464066413642664B0
:108E900036641D65176428640F6467646F647664C4
:108EA0004E642A6595649364A564A9648864BC646F
:108EB000DA64D264C564C764BB64D864C264F16414
:108EC000E7640982E064E164AC62E364EF642C650A
:108ED000F664F464F264FA640065FD6418651C6568
:108EE0000565246523652B6534653565376536650D
:108EF00038654B754865566555654D6558655E65C1
:108F00005D6572657865826583658A8B9B659F6503
:108F1000AB65B765C365C665C165C465CC65D2651B
:108F2000DB65D965E065E165F16572670A66036630
:108F3000FB6573673566366634661C664F66446645
:108F4000496641665E665D666466676668665F661A
:108F500062667066836688668E66896684669866D1
:108F60009D66C166B966C966BE66BC66C466B866FB
:108F7000D666DA66E0663F66E666E966F066F5663E
:108F8000F7660F6716671E672667276738972E678D
:108F90003F67366741673867376746675E67606770
:108FA00059676367646789677067A9677C676A67E1
:108FB0008C678B67A667A1678567B767EF67B4673C
:108FC000EC67B367E967B867E467DE67DD67E267A8
:108FD000EE67B967CE67C667E7679C6A1E68466832
:108FE000296840684D6832684E68B3682B685968D4
:108FF000636877687F689F688F68AD6894689D68CC
:109000009B688368AE6AB9687468B568A068BA6816
:109010000F698D687E680169CA680869D868226925
:109020002669E1680C69CD68D468E768D568366957
:1090300012690469D768E3682569F968E068EF6830
:1090400028692A691A6923692169C6687969776973
:109050005C6978696B6954697E696E69396974699C
:109060003D695969306961695E695D6981696A69EB
:10907000B269AE69D069BF69C169D369BE69CE6999
:10908000E85BCA69DD69BB69C369A7692E6A916932
:10909000A0699C699569B469DE69E869026A1B6A1E
:1090A000FF690A6BF969F269E769056AB1691E6AC5
:1090B000ED69146AEB690A6A126AC16A236A136A63
:1090C000446A0C6A726A366A786A476A626A596ADE
:1090D000666A486A386A226A906A8D6AA06A846AF7
:1090E000A26AA36A976A1786BB6AC36AC26AB86A29
:1090F000B36AAC6ADE6AD16ADF6AAA6ADA6AEA6AC5
:10910000FB6A056B1686FA6A126B166B319B1F6B36
:10911000386B376BDC76396BEE98476B436B496B7A
:10912000506B596B546B5B6B5F6B616B786B796BDE
:109130007F6B806B846B836B8D6B986B956B9E6B79
:10914000A46BAA6BAB6BAF6BB26BB16BB36BB76B52
:10915000BC6BC66BCB6BD36BDF6BEC6BEB6BF36BEE
:10916000EF6BBE9E086C136C146C1B6C246C236C30
:109170005E6C556C626C6A6C826C8D6C9A6C816CE6
:109180009B6C7E6C686C736C926C906CC46CF16CB4
:10919000D36CBD6CD76CC56CDD6CAE6CB16CBE6C49
:1091A000BA6CDB6CEF6CD96CEA6C1F6D4D88366D58
:1091B0002B6D3D6D386D196D356D336D126D0C6D08
:1091C000636D936D646D5A6D796D596D8E6D956D8E
:1091D000E46F856DF96D156E0A6EB56DC76DE66D40
:1091E000B86DC66DEC6DDE6DCC6DE86DD26DC56D84
:1091F000FA6DD96DE46DD56DEA6DEE6D2D6E6E6E06
:109200002E6E196E726E5F6E3E6E236E6B6E2B6EDF
:10921000766E4D6E1F6E436E3A6E4E6E246EFF6E0E
:109220001D6E386E826EAA6E986EC96EB76ED36E62
:10923000BD6EAF6EC46EB26ED46ED56E8F6EA56EFF
:10924000C26E9F6E416F116F4C70EC6EF86EFE6EC9
:109250003F6FF26E316FEF6E326FCC6E3E6F136FF9
:10926000F76E866F7A6F786F816F806F6F6F5B6F4D
:10927000F36F6D6F826F7C6F586F8E6F916FC26FDF
:10928000666FB36FA36FA16FA46FB96FC66FAA6F3C
:10929000DF6FD56FEC6FD46FD86FF16FEE6FDB6F50
:1092A00009700B70FA6F117001700F70FE6F1B70F8
:1092B0001A70746F1D7018701F7030703E703270AD
:1092C0005170637099709270AF70F170AC70B8703B
:1092D000B370AE70DF70CB70DD70D9700971FD7046
:1092E0001C711971657155718871667162714C716B
:1092F00056716C718F71FB7184719571A871AC712D
:10930000D771B971BE71D271C971D471CE71E0716A
:10931000EC71E771F571FC71F971FF710D721072EA
:109320001B7228722D722C72307232723B723C7238
:109330003F72407246724B72587274727E728272C1
:109340008172877292729672A272A772B972B272A9
:10935000C372C672C472CE72D272E272E072E172ED
:10936000F972F7720F5017730A731C7316731D731B
:1093700034732F73297325733E734E734F73D89EC6
:1093800057736A7368737073787375737B737A73CA
:10939000C873B373CE73BB73C073E573EE73DE73C0
:1093A000A27405746F742574F87332743A7455742A
:1093B0003F745F74597441745C746974707463743D
:1093C0006A7476747E748B749E74A774CA74CF7436
:1093D000D474F173E074E374E774E974EE74F274B6
:1093E000F074F174F874F7740475037505750C75F1
:1093F0000E750D75157513751E7526752C753C75D6
:1094000044754D754A7549755B7546755A7569752C
:10941000647567756B756D75787576758675877506
:1094200074758A758975827594759A759D75A5751B
:10943000A375C275B375C375B575BD75B875BC75C3
:10944000B175CD75CA75D275D975E375DE75FE75C2
:10945000FF75FC750176F075FA75F275F3750B768C
:109460000D7609761F762776207621762276247669
:10947000347630763B764776487646765C76587614
:1094800061766276687669766A7667766C767076EB
:109490007276767678767C768076837688768B762A
:1094A0008E769676937699769A76B076B476B87606
:1094B000B976BA76C276CD76D676D276DE76E17693
:1094C000E576E776EA762F86FB76087707770477E6
:1094D000297724771E77257726771B773777387794
:1094E00047775A7768776B775B7765777F777E7793
:1094F00079778E778B779177A0779E77B077B677ED
:10950000B977BF77BC77BD77BB77C777CD77D7778C
:10951000DA77DC77E377EE77FC770C7812782679C8
:1095200020782A7945788E78747886787C789A784D
:109530008C78A378B578AA78AF78D178C678CB78CC
:10954000D478BE78BC78C578CA78EC78E778DA78D1
:10955000FD78F47807791279117919792C792B79BA
:109560004079607957795F795A79557953797A7961
:109570007F798A799D79A7794B9FAA79AE79B3795A
:10958000B979BA79C979D579E779EC79E179E3796B
:10959000087A0D7A187A197A207A1F7A8079317AC6
:1095A0003B7A3E7A377A437A577A497A617A627A95
:1095B000697A9D9F707A797A7D7A887A977A957A96
:1095C000987A967AA97AC87AB07AB67AC57AC47A3D
:1095D000BF7A8390C77ACA7ACD7ACF7AD57AD37A8E
:1095E000D97ADA7ADD7AE17AE27AE67AED7AF07A95
:1095F000027B0F7B0A7B067B337B187B197B1E7BF0
:10960000357B287B367B507B7A7B047B4D7B0B7BC9
:109610004C7B457B757B657B747B677B707B717B4B
:109620006C7B6E7B9D7B987B9F7B8D7B9C7B9A7BF1
:109630008B7B927B8F7B5D7B997BCB7BC17BCC7B58
:10964000CF7BB47BC67BDD7BE97B117C147CE67B26
:10965000E57B607C007C077C137CF37BF77B177CCD
:109660000D7CF67B237C277C2A7C1F7C377C2B7C23
:109670003D7C4C7C437C547C4F7C407C507C587CB3
:109680005F7C647C567C657C6C7C757C837C907C88
:10969000A47CAD7CA27CAB7CA17CA87CB37CB27C9E
:1096A000B17CAE7CB97CBD7CC07CC57CC27CD87CE6
:1096B000D27CDC7CE27C3B9BEF7CF27CF47CF67C15
:1096C000FA7C067D027D1C7D157D0A7D457D4B7DE6
:1096D0002E7D327D3F7D357D467D737D567D4E7D71
:1096E000727D687D6E7D4F7D637D937D897D5B7D21
:1096F0008F7D7D7D9B7DBA7DAE7DA37DB57DC77D54
:10970000BD7DAB7D3D7EA27DAF7DDC7DB87D9F7D47
:10971000B07DD87DDD7DE47DDE7DFB7DF27DE17D6C
:10972000057E0A7E237E217E127E317E1F7E097E8B
:109730000B7E227E467E667E3B7E357E397E437E74
:10974000377E327E3A7E677E5D7E567E5E7E597EB5
:109750005A7E797E6A7E697E7C7E7B7E837ED57D25
:109760007D7EAE8F7F7E887E897E8C7E927E907E8F
:10977000937E947E967E8E7E9B7E9C7E387F3A7F03
:10978000457F4C7F4D7F4E7F507F517F557F547F6B
:10979000587F5F7F607F687F697F677F787F827F88
:1097A000867F837F887F877F8C7F947F9E7F9D7F4E
:1097B0009A7FA37FAF7FB27FB97FAE7FB67FB87F3E
:1097C000718BC57FC67FCA7FD57FD47FE17FE67F5F
:1097D000E97FF37FF97FDC98068004800B8012809C
:1097E000188019801C80218028803F803B804A801F
:1097F0004680528058805A805F8062806880738083
:1098000072807080768079807D807F808480868081
:1098100085809B8093809A80AD809051AC80DB8066
:10982000E580D980DD80C480DA80D6800981EF8030
:10983000F1801B81298123812F814B818B96468169
:109840003E8153815181FC8071816E816581668189
:109850007481838188818A8180818281A0819581C0
:10986000A481A3815F819381A981B081B581BE81EB
:10987000B881BD81C081C281BA81C981CD81D181C8
:10988000D981D881C881DA81DF81E081E781FA81DD
:10989000FB81FE8101820282058207820A820D829B
:1098A0001082168229822B8238823382408259822A
:1098B00058825D825A825F826482628268826A8292
:1098C0006B822E827182778278827E828D829282F2
:1098D000AB829F82BB82AC82E182E382DF82D28252
:1098E000F482F382FA8293830383FB82F982DE821D
:1098F0000683DC820983D9823583348316833283DD
:10990000318340833983508345832F832B8317838F
:10991000188385839A83AA839F83A2839683238354
:109920008E8387838A837C83B58373837583A083C7
:109930008983A883F4831384EB83CE83FD8303841C
:10994000D8830B84C183F7830784E083F2830D847B
:1099500022842084BD8338840685FB836D842A8419
:109960003C845A85848477846B84AD846E8482843D
:10997000698446842C846F8479843584CA846284A3
:10998000B984BF849F84D984CD84BB84DA84D08495
:10999000C184C684D684A1842185FF84F48417857C
:1099A00018852C851F8515851485FC844085638565
:1099B00058854885418502864B8555858085A485D7
:1099C000888591858A85A8856D8594859B85EA859E
:1099D00087859C8577857E859085C985BA85CF8565
:1099E000B985D085D585DD85E585DC85F9850A864F
:1099F00013860B86FE85FA85068622861A863086B1
:109A00003F864D86554E54865F866786718693865F
:109A1000A386A986AA868B868C86B686AF86C486E0
:109A2000C686B086C9862388AB86D486DE86E9865C
:109A3000EC86DF86DB86EF8612870687088700873D
:109A40000387FB86118709870D87F9860A87348784
:109A50003F8737873B87258729871A8760875F87F6
:109A600078874C874E877487578768876E875987B2
:109A7000538763876A870588A2879F878287AF8716
:109A8000CB87BD87C087D087D696AB87C487B3877F
:109A9000C787C687BB87EF87F287E0870F880D8867
:109AA000FE87F687F7870E88D28711881688158873
:109AB0002288218831883688398827883B884488DD
:109AC0004288528859885E8862886B8881887E883F
:109AD0009E8875887D88B5887288828897889288E4
:109AE000AE889988A2888D88A488B088BF88B188FC
:109AF000C388C488D488D888D988DD88F988028941
:109B0000FC88F488E888F28804890C890A8913891A
:109B100043891E8925892A892B89418944893B8962
:109B2000368938894C891D8960895E89668964898E
:109B30006D896A896F89748977897E898389888923
:109B40008A8993899889A189A989A689AC89AF89CD
:109B5000B289BA89BD89BF89C089DA89DC89DD8982
:109B6000E789F489F889038A168A108A0C8A1B8A85
:109B70001D8A258A368A418A5B8A528A468A488AA1
:109B80007C8A6D8A6C8A628A858A828A848AA88A9B
:109B9000A18A918AA58AA68A9A8AA38AC48ACD8A2A
:109BA000C28ADA8AEB8AF38AE78AE48AF18A148B1A
:109BB000E08AE28AF78ADE8ADB8A0C8B078B1A8BB3
:109BC000E18A168B108B178B208B338BAB97268BF0
:109BD0002B8B3E8B288B418B4C8B4F8B4E8B498B29
:109BE000568B5B8B5A8B6B8B5F8B6C8B6F8B748BF9
:109BF0007D8B808B8C8B8E8B928B938B968B998BA2
:109C00009A8B3A8C418C3F8C488C4C8C4E8C508C6F
:109C1000558C628C6C8C788C7A8C828C898C858C3F
:109C20008A8C8D8C8E8C948C7C8C988C1D62AD8CE7
:109C3000AA8CBD8CB28CB38CAE8CB68CC88CC18C0B
:109C4000E48CE38CDA8CFD8CFA8CFB8C048D058D16
:109C50000A8D078D0F8D0D8D108D4E9F138DCD8C20
:109C6000148D168D678D6D8D718D738D818D998D90
:109C7000C28DBE8DBA8DCF8DDA8DD68DCC8DDB8D1C
:109C8000CB8DEA8DEB8DDF8DE38DFC8D088E098EFB
:109C9000FF8D1D8E1E8E108E1F8E428E358E308E45
:109CA000348E4A8E478E498E4C8E508E488E598EF9
:109CB000648E608E2A8E638E558E768E728E7C8E2A
:109CC000818E878E858E848E8B8E8A8E938E918EDA
:109CD000948E998EAA8EA18EAC8EB08EC68EB18EC9
:109CE000BE8EC58EC88ECB8EDB8EE38EFC8EFB8E39
:109CF000EB8EFE8E0A8F058F158F128F198F138FA3
:109D00001C8F1F8F1B8F0C8F268F338F3B8F398FAC
:109D1000458F428F3E8F4C8F498F468F4E8F578F86
:109D20005C8F628F638F648F9C8F9F8FA38FAD8FAB
:109D3000AF8FB78FDA8FE58FE28FEA8FEF8F879043
:109D4000F48F0590F98FFA8F1190159021900D9056
:109D50001E9016900B902790369035903990F88F82
:109D60004F905090519052900E9049903E90569046
:109D700058905E9068906F907690A89672908290BE
:109D80007D90819080908A9089908F90A890AF90DC
:109D9000B190B590E290E4904862DB90029112910C
:109DA0001991329130914A915691589163916591F0
:109DB0006991739172918B9189918291A291AB91EA
:109DC000AF91AA91B591B491BA91C091C191C99145
:109DD000CB91D091D691DF91E191DB91FC91F591FE
:109DE000F6911E92FF9114922C92159211925E920E
:109DF0005792459249926492489295923F924B9223
:109E000050929C92969293929B925A92CF92B99230
:109E1000B792E9920F93FA9244932E931993229357
:109E20001A9323933A9335933B935C9360937C937B
:109E30006E935693B093AC93AD939493B993D6939A
:109E4000D793E893E593D893C393DD93D093C893C6
:109E5000E4931A94149413940394079410943694EE
:109E60002B94359421943A944194529444945B9465
:109E7000609462945E946A94299270947594779435
:109E80007D945A947C947E9481947F948295879556
:109E90008A959495969598959995A095A895A79546
:109EA000AD95BC95BB95B995BE95CA95F66FC39512
:109EB000CD95CC95D595D495D695DC95E195E59540
:109EC000E295219628962E962F9642964C964F967E
:109ED0004B9677965C965E965D965F9666967296C2
:109EE0006C968D96989695969796AA96A796B19603
:109EF000B296B096B496B696B896B996CE96CB96DC
:109F0000C996CD964D89DC960D97D596F99604970E
:109F10000697089713970E9711970F97169719970B
:109F200024972A97309739973D973E9744974697BD
:109F30004897429749975C976097649766976897A8
:109F4000D2526B977197799785977C9781977A977B
:109F500086978B978F9790979C97A897A697A3978C
:109F6000B397B497C397C697C897CB97DC97ED97ED
:109F70004F9FF297DF7AF697F5970F980C983898DD
:109F80002498219837983D9846984F984B986B980D
:109F90006F987098719874987398AA98AF98B198C0
:109FA000B698C498C398C698E998EB98039909990C
:109FB00012991499189921991D991E9924992099FB
:109FC0002C992E993D993E994299499945995099D4
:109FD0004B99519952994C99559997999899A59956
:109FE000AD99AE99BC99DF99DB99DD99D899D19952
:109FF000ED99EE99F199F299FB99F899019A0F9AD6
:10A00000059AE299199A2B9A379A459A429A409A58
:10A01000439A3E9A559A4D9A5B9A579A5F9A629ADA
:10A02000659A649A699A6B9A6A9AAD9AB09ABC9A40
:10A03000C09ACF9AD19AD39AD49ADE9ADF9AE29AAA
:10A04000E39AE69AEF9AEB9AEE9AF49AF19AF79AD3
:10A05000FB9A069B189B1A9B1F9B229B239B259B6D
:10A06000279B289B299B2A9B2E9B2F9B329B449BA3
:10A07000439B4F9B4D9B4E9B519B589B749B939B2B
:10A08000839B919B969B979B9F9BA09BA89BB49B1C
:10A09000C09BCA9BB99BC69BCF9BD19BD29BE39B8A
:10A0A000E29BE49BD49BE19B3A9CF29BF19BF09B4F
:10A0B000159C149C099C139C0C9C069C089C129C4F
:10A0C0000A9C049C2E9C1B9C259C249C219C309CBF
:10A0D000479C329C469C3E9C5A9C609C679C769C0C
:10A0E000789CE79CEC9CF09C099D089DEB9C039D53
:10A0F000069D2A9D269DAF9D239D1F9D449D159DD8
:10A10000129D419D3F9D3E9D469D489D5D9D5E9D4E
:10A11000649D519D509D599D729D899D879DAB9DCC
:10A120006F9D7A9D9A9DA49DA99DB29DC49DC19D40
:10A13000BB9DB89DBA9DC69DCF9DC29DD99DD39D07
:10A14000F89DE69DED9DEF9DFD9D1A9E1B9E1E9E1A
:10A15000759E799E7D9E819E889E8B9E8C9E929EF2
:10A16000959E919E9D9EA59EA99EB89EAA9EAD9EDF
:10A170006197CC9ECE9ECF9ED09ED49EDC9EDE9ECE
:10A18000DD9EE09EE59EE89EEF9EF49EF69EF79E85
:10A19000F99EFB9EFC9EFD9E079F089FB776159F2C
:10A1A000219F2C9F3E9F4A9F529F549F639F5F9F7A
:10A1B000609F619F669F679F6C9F6A9F779F729F5A
:10A1C000769F959F9C9FA09F2F58C7695990647454
:10A1D000DC51997100000042C8801F40B8821F40C6
:10A1E0000800000000000042C4801F40B4821F40ED
:10A1F0000400000000C0004224801F4014821F4061
:10A200001000000000C0004228801F4018821F403C
:10A210002000000000C000422C801F401C821F4014
:10A220004000000000C0004234801F4024821F40D4
:10A23000000100000040004264811F4054831F4021
:10A24000000400000040004280811F4070831F40D6
:10A2500000000200004000427C811F406C831F40D0
:10A26000000001000040004268811F4058831F40E9
:10A2700000080000004000423C811F402C831F402A
:10A28000010000000040004244811F4034831F4011
:10A29000040000000040004240811F4030831F4006
:10A2A000020000000040004248811F4038831F40E8
:10A2B000080000000000004204811F40F4821F409B
:10A2C000000004000000004208811F40F8821F4087
:10A2D000000008000000004218811F4008831F4052
:10A2E000000080000000004214811F4004831F40D2
:10A2F000000040000000004200811F40F0821F402B
:10A300000000020000000042FC801F40EC821F4061
:10A31000000001000000004224811F4014831F4000
:10A32000000000040000004228811F4018831F40E5
:10A3300000000008000000421C811F400C831F40E9
:10A34000000000010000004220811F4010831F40D8
:10A350000000000200000042EC801F40DC821F4031
:10A360000010000000000042F0801F40E0821F400B
:10A37000002000000000004234811F4024831F4061
:10A38000000000400000004238811F4028831F4029
:10A39000000000800080004294801F4084821F40A3
:10A3A0000000040000C0004290801F4080821F40D7
:10A3B0000000008000800042A8801F4098821F405B
:10A3C0000000800000800042A4801F4094821F4053
:10A3D00000004000004000426C811F405C831F4031
:10A3E0000010000000C0004230801F4020821F404B
:10A3F0008000000000400042B0811F40A0831F4049
:10A400000000002000400042AC811F409C831F40A0
:10A41000000000100040004284811F4074831F40F0
:10A42000000004000040004288811F4078831F40E4
:10A4300000000800000000422C811F401C831F40C8
:10A44000000000100000004230811F4020831F40A8
:10A4500000000020000000420C811F40FC821F40D1
:10A46000000010000000004210811F4000831F40C8
:10A470000000200000800042C8811F40B8831F40B8
:10A480000080000000800042C4811F40B4831F4050
:10A490000040000000800042C0811F40B0831F4088
:10A4A0000020000000800042BC811F40AC831F40A0
:10A4B0000010000000800042D0811F40C0831F4078
:10A4C0000000020000800042CC811F40BC831F407E
:10A4D0000000010000C0004274801F4064821F40E1
:10A4E0000000000100C0004280801F4070821F40B9
:10A4F0000000000800C0004284801F4074821F409A
:10A500000000001000C000426C801F405C821F40B1
:10A510000000400000C000427C801F406C821F4051
:10A520000000000400C0004278801F4068821F4085
:10A530000000000200C0004288801F4078821F4057
:10A540000000002035000000CEFBFFFFCB03000021
:10A55000010000000000000034000000CEFBFFFFFF
:10A56000CB03000001000000000000000500000017
:10A57000190000007D00000001010004010000043A
:10A580000132010101320201011001010111010139
:10A590000112010201030206010301060112020277
:10A5A000020000010202000102010001021000018C
:10A5B0000222000102230001000000000000000050
:10A5C0000221000102200001000000000000000044
:10A5D0000130010101310101010200040103000405
:10A5E0000000000000000000012102010121010122
:10A5F0000000000000000000000000000110020147
:10A600000000000000000000011301060113020613
:10A61000000000000000000000000000000000003A
:10A62000010102010101010101000201010001011A
:10A63000010202010102010100000000000000000F
:10A6400000000000012302010000000000000000E3
:10A65000012001014E4F5F434C4F434B2E4C4F475F
:10A66000000000004175672032362032303236005B
:10A6700032323232323296969696969696969696D2
:10A68000000000004E4F5F434C4F434B0000000062
:10A690004D2032352F30382F323600002E5458548A
:10A6A000000000002020202020202020202020202A
:10A6B0002020202D20000000536166657479204F12
:10A6C0006E00000052583A2000000000417665728A
:10A6D000616765206761703A20256C750000000095
:10A6E000525832207573653A2000000052583120CC
:10A6F0007573653A20000000206D696E757465738E
:10A7000020616E6420000000207365636F6E6473C7
:10A71000000000004D696E696D756D206C6F676794
:10A720006564206761703A2000000000202020202E
:10A73000000000004D6F64656C206D656D6F72796F
:10A74000206D6174636865643A2000004D6F646534
:10A750006C206D656D6F727920666F756E643A203E
:10A76000000000004D6F64656C206D656D6F72793F
:10A77000204E4F5420666F756E643A200000000032
:10A7800028456E64206F66207468697320666C6962
:10A79000676874206C6F672E290000004D6F746F1E
:10A7A00072204F6E000000004D6F746F72204F6674
:10A7B000660000004C6F77206261747465727900E6
:10A7C0004761703A2000000028256C75206D7320C9
:10A7D000676170206578636C75646564202D205214
:10A7E0005820736176696E6720666C6967687420AB
:10A7F00064617461290000004C6F6E67657374209A
:10A800006761703A20256C75000000004275646431
:10A8100079204F4E000000004275646479204E7527
:10A82000646765004275646479204F464600000005
:10A83000436F6E6E656374656420746F2000000062
:10A84000446973636F6E6E65637465642066726FCE
:10A850006D20000042616E6B000000002028426104
:10A860006E6B20002720757020746F206461746502
:10A870003F0D0A507265737320274F4B2720746F6A
:10A880002073656E64206974206E6F772C200D0A2A
:10A89000286F746865727769736520707265737369
:10A8A000202743616E63656C27292E005374696C01
:10A8B0006C20636F6E6E6563746564210000000038
:10A8C0004D66696C65730000486967682E70636F38
:10A8D000000000004578616D706C652E70636F003C
:10A8E000466D2E62636F000043616C696272617431
:10A8F000653100005374617274696E672063616C26
:10A900006962726174696F6E00000000436C696374
:10A910006B580000436C69636B59000052657365A6
:10A920007400000046726F6E74566965770000000F
:10A93000537469636B735669657700004772617081
:10A9400068566965770000004D61696E53657475DE
:10A950007000000044617461456E6400446174617C
:10A96000566965770000000043616C69627261742A
:10A9700065566965770000005472696D56696577A0
:10A98000000000005265706561743F005452494DEB
:10A99000533530004D49584553564945570000003E
:10A9A0004D6978657356696577000000464D203122
:10A9B00000000000464D203200000000464D2033CC
:10A9C00000000000464D2034000000005265536333
:10A9D000616E00004D69784E756D62657200000011
:10A9E0004D6F64656C4E756D626572004D6F766576
:10A9F00020616C6C20636F6E74726F6C7320746F67
:10AA00002074686569722066756C6C0D0A657874CF
:10AA1000656E74207365766572616C2074696D650E
:10AA2000732C0D0A7468656E207072657373204E06
:10AA30006578742E000000004E657874202E2E2E4E
:10AA40000000000043656E74726520616C6C2063C9
:10AA500068616E6E656C732E0D0A507574206564A6
:10AA600067652073776974636865732066756C6CBD
:10AA700079206261636B2C0D0A6F722066756C6CB5
:10AA80007920666F72776172642C207468656E201D
:10AA900070726573732046696E6973682E000000DA
:10AAA00046696E697368000043616C627261746527
:10AAB00020616761696E3F005479706556696577FA
:10AAC0000000000070616765204F6E655377697400
:10AAD000636856696577000063616C6C666D0000A1
:10AAE00052584241540000007230000072310000A0
:10AAF00072313273000000005377697463686573C4
:10AB00005669657700000000537769746368657360
:10AB100056696577310000004F6E6553776974633D
:10AB20006856696577000000496E707574735669E0
:10AB3000657700004578706F72740000496D706F22
:10AB40007274000044656C46696C65004661696C0E
:10AB500053415645000000004661696C53616665CB
:10AB6000000000004348314E414D453D00000000CB
:10AB700070616765202020202020202020202020B8
:10AB800020202020202020202020202020202020C5
:10AB900020202020200000004348324E414D453DFA
:10ABA000000000004348334E414D453D0000000089
:10ABB0004348344E414D453D000000004348354E6A
:10ABC000414D453D000000004348364E414D453D56
:10ABD000000000004348374E414D453D0000000055
:10ABE0004348384E414D453D000000004348394E32
:10ABF000414D453D00000000434831304E414D4538
:10AC00003D000000434831314E414D453D000000BC
:10AC1000434831324E414D453D00000043483133F9
:10AC20004E414D453D000000434831344E414D45B5
:10AC30003D000000434831354E414D453D00000088
:10AC4000434831364E414D453D00000048656C702B
:10AC5000566965770000000053656E644D6F64654A
:10AC60006C0000004578726974650000536D6F6F69
:10AC700074680000474F544F3A0000004C696E65FD
:10AC800073000000496E634D696E757465000000C5
:10AC900046726F6E74566965772E4261636B4772B8
:10ACA0006F756E64000000004465634D696E7574D5
:10ACB00065000000446563486F757200496E634823
:10ACC0006F757200496E635965617200446563591E
:10ACD00065617200496E6344617465004465634454
:10ACE00061746500496E634D6F6E7468000000000A
:10ACF0004465634D6F6E746800000000436C6561CD
:10AD000072000000416C745A65726F004D61726B85
:10AD1000000000005365747570436F6C0000000004
:10AD2000466D2E70636F000046726F6E74566965D3
:10AD3000772E466F726547726F756E640000000073
:10AD400046726F6E74566965772E537065636961DC
:10AD50006C00000046726F6E74566965772E486904
:10AD600067686C69676874006E30000068300000C6
:10AD70004578706F00000000437265617465206261
:10AD800061636B75702066696C6520666F72000088
:10AD90005374434800000000537445444954000074
:10ADA0004F766572777269746520000046696C653C
:10ADB0006E616D653F0000007669732050726F67A9
:10ADC000726573732C3100007669732050726F675F
:10ADD000726573732C30000050726F677265737305
:10ADE000000000004D6F64656C2069736E2774204D
:10ADF000636F6E6E65637465642100005761726EE7
:10AE0000696E673A206D6F64656C20697320636FAB
:10AE10006E6E6563746564210000000076697320BE
:10AE200062312C30000000007669732062302C30D3
:10AE3000000000007669732062312C3100000000B0
:10AE40007669732062302C310000000025312E32EB
:10AE5000660000007669732072706D2C310000006E
:10AE600052504D3A2025750072706D00252E3166C6
:10AE700020432E00636972732000000064726177C2
:10AE8000200000004C6F675465787400486F75723D
:10AE9000730000004D696E7300000000536563731A
:10AEA0000000000002030405060708090A0B000061
:10AEB0003E3F4041424344454647000054584256B5
:10AEC0000000000056207065722063656C6C2900DC
:10AED00052584256000000007669732074332C31BA
:10AEE00000000000766973206231332C31000000CD
:10AEF000766973206231322C31000000766973204C
:10AF00004578706F2C310000766973204578312CBC
:10AF1000310000007669732074332C30000000008B
:10AF2000766973206231332C30000000766973201B
:10AF30006231322C30000000766973204578706FE2
:10AF40002C300000766973204578312C30000000E9
:10AF500066696C6C2025642C25642C25642C256482
:10AF60002C2564006E312E76616C3D256400000056
:10AF70006E322E76616C3D25640000006E332E76B5
:10AF8000616C3D25640000006E342E76616C3D25B9
:10AF9000640000006E352E76616C3D256400000073
:10AFA000647261772025642C25642C25642C25642B
:10AFB0002C2564006C696E652025642C25642C2585
:10AFC000642C25642C2564007669732062332C3050
:10AFD000000000007669732062342C30000000000D
:10AFE0007669732062372C30000000007669732088
:10AFF00062382C30000000007669732062342C31F6
:10B00000000000007669732062372C3100000000D8
:10B010007669732062382C31000000007669732055
:10B020006E322C3100000000766973206E342C31B2
:10B0300000000000636972732025642C25642C25B0
:10B04000642C256400000000496E707574000000D7
:10B050004F7574707574000053637265656E5F425E
:10B0600061636B67726F756E6400000046726F6E8D
:10B0700074566965772E70696300000046696C65D7
:10B0800020636865636B73756D3F000053442063F4
:10B09000617264206572726F72210000766973209C
:10B0A00074312C30000000007669732074362C3027
:10B0B000000000007669732074372C300000000017
:10B0C000766973206362302C30000000766973204B
:10B0D0006362312C30000000766973206362322C89
:10B0E000300000007669732074312C3100000000BC
:10B0F0007669732074362C31000000007669732065
:10B1000074372C3100000000766973206362302CA4
:10B1100031000000766973206362312C3100000039
:10B12000766973206362322C310000004A616E0040
:10B13000466562004D617200417072004D61790098
:10B140004A756E004A756C00417567005365700062
:10B150004F6374004E6F7600446563004C435F4359
:10B160004F4C4C41544500004C435F4354595045AB
:10B17000000000004C435F4D4F4E45544152590072
:10B180004C435F4E554D4552494300004C435F547C
:10B19000494D45004C435F4D45535341474553008E
:10B1A0000001000028CA0020120000000006000074
:10B1B000343500600A00000000020000D034006056
:10B1C00062000000000700006C34006062000000B4
:10B1D000EE03000074CA002012000000000004EE1C
:10B1E0004CCA002028000000000300006834006002
:10B1F000000000000103090450340060000000005A
:10B20000020309043834006000000000030309044D
:10B210009CCC0020000000000000000000000000A6
:10B2200000000000303030303030303030303030DE
:10B23000303030303030303030303030303030300E
:10B240003030303023943EBEB700000023943EBE21
:10B25000B7000000000000000000144023943EBE30
:10B26000B7000000000000000000144000000000D3
:10B270000000244000000000000000000001000069
:10B2800001010000000000000000000000000000BC
:10B290000084012068840120D08401200000000087
:10B2A000000000000000000000000000000000009E
:10B2B000000000000000000000000000000000008E
:10B2C000000000000000000000000000000000007E
:10B2D000000000000000000000000000000000006E
:10B2E000000000000000000000000000000000005E
:10B2F000000000000000000000000000000000004E
:10B30000000000000000000000000000000000003D
:10B31000000000000000000000000000000000002D
:10B320000000000001000000000000000E33CDAB63
:10B3300034126DE6ECDE05000B000000000000009A
:10B3400000000000000000000000000000000000FD
:10B3500000000000000000000000000000000000ED
:10B3600000000000000000000000000000000000DD
:10B3700000000000000000000000000000000000CD
:10B3800000000000000000000000000000000000BD
:10B3900000000000000000000000000000000000AD
:10B3A0000000000000000000000000000E000F0080
:10B3B000100011001400150016001700466C696794
:10B3C0006874206D6F6465203100466C696768742D
:10B3D000206D6F6465203200466C69676874206D6B
:10B3E0006F6465203300466C69676874206D6F6414
:10B3F0006520340042616E6B2031000000000000C7
:10B40000000042616E6B203200000000000000006E
:10B4100042616E6B203300000000000000004261BA
:10B420006E6B203400000000000000004165726F68
:10B43000626174696373000000004175746F0000FD
:10B440000000000000000000437275697365000091
:10B45000000000000000466C6170730000000000F6
:10B4600000000000486F76657200000000000000D8
:10B47000000049646C6520757020310000000000F8
:10B4800049646C65207570203200000000004C613A
:10B490006E64696E67000000000000004C61756E0C
:10B4A000636800000000000000004E6F726D616C68
:10B4B000000000000000000053706565640000009B
:10B4C00000000000000054616B656F6666000000BC
:10B4D00000000000546865726D616C00000000009F
:10B4E0000000486F6C6400000000000000000000D5
:10B4F0003344000000000000000000000000427221
:10B50000616B657300000000000000005374756EED
:10B51000742031000000000000005374756E742028
:10B520003200000000000000476561722075700065
:10B530000000000000004765617220646F776E00B4
:10B540000000000050726F66696C652031000000D9
:10B55000000050726F66696C6520320000000000C8
:10B5600050726F66696C65203300000000005072F5
:10B570006F66696C6520340000000000353637388E
:10B580000C0D0E0F262728292A2B2C2D2E2F30317B
:10B59000323334393A3B3C3D0C0D0E0F00010203AF
:10B5A0000000C04041696C65726F6E00000000458C
:10B5B0006C657661746F720000005468726F747409
:10B5C0006C65000000527564646572000000000044
:10B5D00047656172000000000000004155583100CD
:10B5E000000000000000415558320000000000003B
:10B5F0000041555833000000000000004155583408
:10B600000000000000000041555835000000000017
:10B610000000415558360000000000000041555818
:10B6200037000000000000004155583800000000BD
:10B63000000000415558390000000000000041554D
:10B6400058313000000000000041555831310000F1
:10B6500000000000000102030405060708090A0BA8
:10B660000C0D0E0F00000000201F1E1D1C1B1A19C0
:10B6700001020400000000000029DE07007B9A1789
:10B680006E3134006E3135006E3136006E31370068
:10B690006E3138006E3139006E3230006E3231005A
:10B6A0006E3232006E3233006E3234006E3235004C
:10B6B0006E3236006E3237006E3238006E3239002C
:10B6C0006E3330006E3000006E3100006E320000CC
:10B6D0006E3300006E3400006E3500006E360000E0
:10B6E0006E3700006E3800006E3900006E31300099
:10B6F0006E3131006E3132006E313300E8030000EC
:10B70000CDCC2441284D6F64652030203D204F660C
:10B710006629000000000000284D6F64652031207C
:10B720003D204C696D69742900000000284D6F644C
:10B73000652032203D204469726563742900000051
:10B74000284D6F64652033203D20456C656374721D
:10B7500069632900284D6F64652034203D204E69BF
:10B7600074726F290000000000010203040506073F
:10B7700008090A0B0C0D0E0F00000000C02709007D
:10B78000000102039D6A000061660000217800004C
:10B790002032002000000000E8030000000000004C
:10B7A00000000000F0000000640000009A020000A9
:10B7B0003020202020202020000000000000000079
:10B7C0000000000000000000000000000000000079
:10B7D0003020202020202020000000000000000059
:10B7E0000000000000000000000000000000000059
:10B7F000556E7469746C6564000000000000000000
:10B800000000000000000000000000000000000038
:10B810000000000000000000010000003020202097
:10B820002020202000000000302020202020202088
:10B83000000000002032002000000000E8030000AB
:10B840000000000000000000196D00005DFF010015
:10B8500011B00100F1650000990502007129020094
:10B8600045270200F51E0200F9DA0100ED2401006F
:10B87000DDD701008526010051F90100196D000096
:10B88000196D00009D69010095240100C9030200A3
:10B89000496F0100D99701007D21010061840100F9
:10B8A000417A0100D1DB0100397C0100B12902009D
:10B8B000E5660100A1230200E9270100D52102006D
:10B8C000B10F0100B90F0100C10F0100C90F010044
:10B8D000D10F0100E50F01000D100100F90F01006B
:10B8E0006D28010021330200A5940100196D0000AC
:10B8F00011320100893201008D32010029EC010072
:10B9000041F4010085EC0100E5A70100D1630100CD
:10B910007DD501000DB001004D330100D9D50100E6
:10B92000E9D30100A13301009DD70100FDF0010022
:10B93000E1330100A5060200D5650000E1650000C5
:10B940007D30020085CE0100196D0000FD06020069
:10B95000196D0000196D00005587010029AE010026
:10B96000B5880100B1600100D9B00100C5AB01008C
:10B9700009B10100BD85010099EC0100051201002B
:10B98000456F010061690100196D0000B1190200E5
:10B99000F15C0100F11A0200552601006DF401006E
:10B9A000C1380200A52002006DC20100BD250100C2
:10B9B0001D2A010041DC010031DA010041020200D0
:10B9C000256A0100ED65000031F40100F540010039
:10B9D000C155010015E00100E52A0100E561010003
:10B9E000254F010059610100FD2A01002542020096
:10B9F000152B0100C93702001D63010071620100AF
:10BA0000D12C0100F5AE0100E53F0200E92C010058
:10BA1000393D020081AF0100012D010031410100DB
:10BA200089F80100B5490100EDF801001149010054
:10BA300071F1000069DB0100150502003984010085
:10BA4000D9F0010095DA01008D2D0100CD2C010007
:10BA5000155201005D650100AD190200292E01009B
:10BA60001DE401008164010005150200412E010062
:10BA700001E10100592E010025AE0100C5120200AE
:10BA8000ADE40100C9790100737730007431000022
:10BA90007432000074330000743400007435000008
:10BAA00074360000743700007438000074390000E8
:10BAB000743130007431310074313200743133002C
:10BAC000743134007431350074313600743137000C
:10BAD00074313800743139007432300074323100FE
:10BAE00074323200743233007432340074323500F0
:10BAF0006E3000006E3100006E3200006E330000C8
:10BB00006E3400006E3500006E3600006E370000A7
:10BB10006E3800006E3900006E3130006E31310039
:10BB20006E3132006E3133006E3134006E313500CB
:10BB30006E313600FFFF0000FFFF0000FFFF000036
:10BB4000FFFF0000FFFF0000FFFF0000FFFF0000FD
:10BB5000FFFF0000FFFF0000FFFF0000FFFF0000ED
:10BB60000100000000407C4400000000CDCC0C40EF
:10BB7000333313404E6F6E6500000000000000007C
:10BB80000000000042657461666C696768740000BB
:10BB90000000000052616365666C696768740000AC
:10BBA000000000004B49535300000000000000005B
:10BBB0000000000041637475616C0000000000002B
:10BBC00000000000517569636B5261746573000079
:10BBD00000000000526F746F72666C6967687420B1
:10BBE000322E33006E3000006E3100006E320000E5
:10BBF0006E3300006E3400006E3500006E360000BB
:10BC00006E3700006E3800006E3900006E31300073
:10BC10006E3131006E3132006E31330074313400D8
:10BC20007431300000746E300000746E31000074A6
:10BC30006E320000746E330000746E340000746E57
:10BC4000350000746E360000746E370000746E3874
:10BC50000000746E390000746E313000746E313142
:10BC600000000000556E6B6E6F776E0000000000E4
:10BC700000000000000000000000000000000000C4
:10BC800000005452583A312050574D3A38000000C5
:10BC900000000000000000000000000000000000A4
:10BCA0005452583A322050574D3A380000000000A4
:10BCB00000000000000000000000000000005452DE
:10BCC000583A322050574D3A313100000000000000
:10BCD0000000000000000000000000005452583A2C
:10BCE000312056320000000000000000000000007B
:10BCF000000000000000000000005452583A3220BA
:10BD000056320000000000000000000000000000AB
:10BD100000000000000000005452583A3320563210
:10BD20000000000000000000000000000000000013
:10BD3000000000000000000000003A40BC3000207D
:10BD400000000000000000000000000000000000F3
:10BD500000000000000000000000000000000000E3
:10BD600000000000000000000000000000000000D3
:10BD700000000000000000000000000000000000C3
:10BD8000000000000000000001000000C831002099
:10BD900000000000E803000000000000F031002077
:10BDA00000000000E80300000000000000801940CF
:10BDB000CC2D002000000000B47C0120747C012008
:10BDC00000000000000000004000000040000000F3
:10BDD00040000000400000000000000000000000E3
:10BDE0000000000000000000000000000000000053
:10BDF000000000000000000000000000DC05DC0581
:10BE0000DC05DC05DC05DC05DC05DC0500000000EC
:10BE100000000000320032003200320032003200F6
:10BE2000320032003200320032000000201F1E1D9E
:10BE30001C1B1A19302000000000000028547970E3
:10BE4000652030203D204E6F726D616C290000002E
:10BE500028547970652031203D20537769746368D8
:10BE60002900000028547970652032203D20467555
:10BE70006E6374696F6E290001010101222324257C
:10BE800026272829556E6B6E6F776E000000000024
:10BE900000000000000000000000000000000000A2
:10BEA0000000000000000000000000007669732020
:10BEB0005761726E696E672C3100000076697320DD
:10BEC0005761726E696E672C300000005761726EA8
:10BED000696E67003033002000000000E8030000B6
:10BEE0000000000000003F40702C006000000000D7
:10BEF0000000000000000000000000000000000042
:10BF00000000000000000000000000000000000031
:10BF10000000000000000000000000000000000021
:10BF20000000000000000000000000000000000011
:10BF30000000000000000000000000000000000001
:10BF400000000000000000000000000000000000F1
:10BF500000000000000000000000000000000000E1
:10BF600000000000000000000000000000000000D1
:10BF700000000000000000000000000000000000C1
:10BF800000000000000000000000000000000000B1
:10BF900000000000000000000000000000000000A1
:10BFA0000000000000000000000000000000000091
:10BFB0000000000000000000000000000000000081
:10BFC0000000000000000000000000000000000071
:10BFD0000000000000000000000000000000000061
:10BFE0000000000000000000000000000000000051
:10BFF0000000000000000000000000000000000041
:10C000000000000000000000000000000000000030
:10C01000000000003033002000000000E8030000B2
:10C020000000000000803F40202C00600000000065
:10C030000000000000000000000000000000000000
:10C0400000000000000000000000000000000000F0
:10C0500000000000000000000000000000000000E0
:10C0600000000000000000000000000000000000D0
:10C0700000000000000000000000000000000000C0
:10C0800000000000000000000000000000000000B0
:10C0900000000000000000000000000000000000A0
:10C0A0000000000000000000000000000000000090
:10C0B0000000000000000000000000000000000080
:10C0C0000000000000000000000000000000000070
:10C0D0000000000000000000000000000000000060
:10C0E0000000000000000000000000000000000050
:10C0F0000000000000000000000000000000000040
:10C10000000000000000000000000000000000002F
:10C11000000000000000000000000000000000001F
:10C12000000000000000000000000000000000000F
:10C1300000000000000000000000000000000000FF
:10C1400000000000000000000000000000000000EF
:10C15000000000003033002000000000E803000071
:10C160000000000000C03F40D02B00600000000035
:10C1700000000000000000000000000000000000BF
:10C1800000000000000000000000000000000000AF
:10C19000000000000000000000000000000000009F
:10C1A000000000000000000000000000000000008F
:10C1B000000000000000000000000000000000007F
:10C1C000000000000000000000000000000000006F
:10C1D000000000000000000000000000000000005F
:10C1E000000000000000000000000000000000004F
:10C1F000000000000000000000000000000000003F
:10C20000000000000000000000000000000000002E
:10C21000000000000000000000000000000000001E
:10C22000000000000000000000000000000000000E
:10C2300000000000000000000000000000000000FE
:10C2400000000000000000000000000000000000EE
:10C2500000000000000000000000000000000000DE
:10C2600000000000000000000000000000000000CE
:10C2700000000000000000000000000000000000BE
:10C2800000000000000000000000000000000000AE
:10C29000000000002F575241502E544D5000000016
:10C2A000E8C20020331C183D403742134C153B4375
:10C2B0000F47522031450D02222F14104823392DEB
:10C2C0001D4B03293E0B094D25081F241211324E28
:10C2D000491E4F061728360C503516014A273A3F9B
:10C2E00046342A192B1A0E263044211B3C2C2E389A
:10C2F00007510541040A00000F47520001000000E9
:10C30000FFFFFFFFFFFFFFFFFFFFFFFF6E32006E2B
:10C3100030006E31006E33006E36006E34006E35C4
:10C32000006E37007431320074380000743131000F
:10C330007431330074313600743134007431350097
:10C34000743137004A616E2E2000004665622E204F
:10C3500000004D61722E2000004170722E200000FE
:10C360004D6179202000004A756E652000004A75F5
:10C370006C792000004175672E20000053657074B1
:10C380002000004F63742E2000004E6F762E200098
:10C39000004465632E2000004A616E756172790069
:10C3A000000000000000004665627275617279004D
:10C3B0000000000000004D61726368000000000092
:10C3C0000000000000417072696C00000000000075
:10C3D000000000004D617900000000000000000036
:10C3E0000000004A756E65000000000000000000BB
:10C3F00000004A756C790000000000000000000099
:10C4000000417567757374000000000000000000B3
:10C410005365707400000000000000000000004F31
:10C4200063746F62657200000000000000004E6FD0
:10C4300076656D626572000000000000004465636F
:10C44000656D62657200000000000000C08301207D
:10C4500080302020000000004300000000000000A9
:10C4600000000000000000000000000000000000CC
:10C470000000000000000000430000000000000079
:10C4800000000000000000000000000000000000AC
:10C490000000000000000000430000000000000059
:10C4A000000000000000000000000000000000008C
:10C4B0000000000000000000430000000000000039
:10C4C000000000000000000000000000000000006C
:10C4D0000000000000000000430000000000000019
:10C4E000000000000000000000000000000000004C
:10C4F00000000000000000004300000000000000F9
:10C50000000000000000000000000000000000002B
:10C5100000000000000000004300000000000000D8
:10C52000000000000000000000000000000000000B
:10C530000000000000000000E1930300915103009F
:10C540000000000004360020DC1E0020B42F002074
:10C55000B42F0020B42F0020B42F0020B42F0020CF
:10C56000B42F0020B42F0020B42F0020B42F0020BF
:10C57000FFFFFFFFFFFFFFFFFFFFFFFFFFFF0000C9
:10C580000100415343494900000000000000000041
:10C59000000000000000000000000000000000009B
:10C5A0000000415343494900000000000000000022
:10C5B000000000000000000000000000000000007B
:10C5C00000000000000000000000000008C600207D
:10C5D00008C6002010C6002010C6002018C6002083
:10C5E00018C6002020C6002020C6002028C6002033
:10C5F00028C6002030C6002030C6002038C60020E3
:10C6000038C6002040C6002040C6002048C6002092
:10C6100048C6002050C6002050C6002058C6002042
:10C6200058C6002060C6002060C6002068C60020F2
:10C6300068C6002070C6002070C6002078C60020A2
:10C6400078C6002080C6002080C6002088C6002052
:10C6500088C6002090C6002090C6002098C6002002
:10C6600098C60020A0C60020A0C60020A8C60020B2
:10C67000A8C60020B0C60020B0C60020B8C6002062
:10C68000B8C60020C0C60020C0C60020C8C6002012
:10C69000C8C60020D0C60020D0C60020D8C60020C2
:10C6A000D8C60020E0C60020E0C60020E8C6002072
:10C6B000E8C60020F0C60020F0C60020F8C6002022
:10C6C000F8C6002000C7002000C7002008C70020CF
:10C6D00008C7002010C7002010C7002018C700207E
:10C6E00018C7002020C7002020C7002028C700202E
:10C6F00028C7002030C7002030C7002038C70020DE
:10C7000038C7002040C7002040C7002048C700208D
:10C7100048C7002050C7002050C7002058C700203D
:10C7200058C7002060C7002060C7002068C70020ED
:10C7300068C7002070C7002070C7002078C700209D
:10C7400078C7002080C7002080C7002088C700204D
:10C7500088C7002090C7002090C7002098C70020FD
:10C7600098C70020A0C70020A0C70020A8C70020AD
:10C77000A8C70020B0C70020B0C70020B8C700205D
:10C78000B8C70020C0C70020C0C70020C8C700200D
:10C79000C8C70020D0C70020D0C70020D8C70020BD
:10C7A000D8C70020E0C70020E0C70020E8C700206D
:10C7B000E8C70020F0C70020F0C70020F8C700201D
:10C7C000F8C7002000C8002000C8002008C80020CA
:10C7D00008C8002010C8002010C8002018C8002079
:10C7E00018C8002020C8002020C8002028C8002029
:10C7F00028C8002030C8002030C8002038C80020D9
:10C8000038C8002040C8002040C8002048C8002088
:10C8100048C8002050C8002050C8002058C8002038
:10C8200058C8002060C8002060C8002068C80020E8
:10C8300068C8002070C8002070C8002078C8002098
:10C8400078C8002080C8002080C8002088C8002048
:10C8500088C8002090C8002090C8002098C80020F8
:10C8600098C80020A0C80020A0C80020A8C80020A8
:10C87000A8C80020B0C80020B0C80020B8C8002058
:10C88000B8C80020C0C80020C0C80020C8C8002008
:10C89000C8C80020D0C80020D0C80020D8C80020B8
:10C8A000D8C80020E0C80020E0C80020E8C8002068
:10C8B000E8C80020F0C80020F0C80020F8C8002018
:10C8C000F8C8002000C9002000C9002008C90020C5
:10C8D00008C9002010C9002010C9002018C9002074
:10C8E00018C9002020C9002020C9002028C9002024
:10C8F00028C9002030C9002030C9002038C90020D4
:10C9000038C9002040C9002040C9002048C9002083
:10C9100048C9002050C9002050C9002058C9002033
:10C9200058C9002060C9002060C9002068C90020E3
:10C9300068C9002070C9002070C9002078C9002093
:10C9400078C9002080C9002080C9002088C9002043
:10C9500088C9002090C9002090C9002098C90020F3
:10C9600098C90020A0C90020A0C90020A8C90020A3
:10C97000A8C90020B0C90020B0C90020B8C9002053
:10C98000B8C90020C0C90020C0C90020C8C9002003
:10C99000C8C90020D0C90020D0C90020D8C90020B3
:10C9A000D8C90020E0C90020E0C90020E8C9002063
:10C9B000E8C90020F0C90020F0C90020F8C9002013
:10C9C000F8C9002000CA002000CA0020FFFFFFFFB6
:10C9D00000000200000000000300000000840120AD
:10C9E000D0B2002012010002EF020140C016830401
:10C9F0008002010203010000204D4F544F52204994
:10CA000053204F4E212000002800000000010400A8
:10CA10000100000000000000020157494E5553423A
:10CA20000000000000000000000000000000000006
:10CA300012034D0053004600540031003000300016
:10CA4000F80000007061676520417564696F566980
:10CA5000657700007061676520426C616E6B566996
:10CA6000657700007061676520427564647943688A
:10CA70005669657700000000706167652042756443
:10CA80006479566965770000706167652043616C61
:10CA900069627261746556696577000070616765E7
:10CAA000204261636B47726F756E645669657700EB
:10CAB00070616765204461746156696577000000A4
:10CAC00070616765204661696C536166655669658A
:10CAD000770000007061676520466873735669656A
:10CAE00077000000706167652046726F6E7456694A
:10CAF00065770000706167652047617073566965EE
:10CB00007700000070616765204772617068566940
:10CB1000657700007061676520496E7075747356A3
:10CB20006965770070616765204C6F675669657746
:10CB30000000000070616765204D69786573566973
:10CB400065770000706167652049447353746172B2
:10CB5000745669657700000070616765204D6F64E9
:10CB6000656C73566965770070616765204F7074F6
:10CB7000696F6E5669657732000000007061676505
:10CB8000204F7074696F6E735669657700000000FE
:10CB90007061676520506F6E6756696577000000A9
:10CBA000706167652052584F7074696F6E73566973
:10CBB0006577000070616765205258536574757021
:10CBC0005669657700000000706167652053706CDE
:10CBD0006173685669657700706167652053746991
:10CBE000636B735669657700706167652053756282
:10CBF0005472696D56696577000000007061676561
:10CC0000205377697463686573566965770000001F
:10CC100070616765205458536574757056696577FF
:10CC20000000000070616765205472696D4465669C
:10CC3000566965770000000070616765205472696D
:10CC40006D566965770000007061676520547970E2
:10CC500065566965770000000C03000000000000C5
:10CC60000000000000000000000000000000D600EE
:10CC7000FFFFFFFFE0FF3930780000F82C010500CE
:10CC800058027D009001450145014501450195018E
:10CC900045010500050001013201010104640102A2
:10CCA00001010101644B32016401015214010101CF
:10CCB0002A014B021E0101010201010102010201D0
:10CCC000022A010201010101031329020101012AC3
:10CCD000FFFFFF020800000000000000000000004D
:10CCE0000000000000000000000000000000000044
:10CCF0000000000000000000000000000000000034
:10CD00000000000000000000000000000000000023
:10CD10000000000000000000000000000000000013
:10CD20000000000000000000000000000000000003
:10CD300000000000000000000000000000000000F3
:10CD400000000000000000000000000000000000E3
:10CD500000000000000000000000000000000000D3
:10CD600000000000000000000000000000000000C3
:10CD700000000000000000000000000000000000B3
:10CD800000000000000000000000000000000000A3
:10CD90000000000000000000000000000000000093
:10CDA0000000000000000000000000000000000083
:10CDB0000000000000000000000000000000000073
:10CDC0000000000000000000000000000000000063
:10CDD0000000000000000000000000000000000053
:10CDE0000000000000000000000000000000000043
:10CDF0000000000000000000000000000000000033
:10CE00000000000000000000000000000000000022
:10CE10000000000000000000000000000000000012
:10CE20000000000000000000000000000000000002
:10CE300000000000000000000000000000000000F2
:10CE400000000000000000000000000000000000E2
:10CE500000000000000000000000000000000000D2
:10CE600000000000000000000000000000000000C2
:10CE700000000000000000000000000000000000B2
:10CE800000000000000000000000000000000000A2
:10CE90000000000000000000000000000000000092
:10CEA0000000000000000000000000000000000082
:10CEB0000000000000000000000000000000000072
:10CEC0000000000000000000000000000000000062
:10CED0000000000000000000000000000000000052
:10CEE0000000000000000000000000000000000042
:10CEF0000000000000000000000000000000000032
:10CF00000000000000000000000000000000000021
:10CF10000000000000000000000000000000000011
:10CF20000000000000000000000000000000000001
:10CF300000000000000000000000000000000000F1
:10CF400000000000000000000000000000000000E1
:10CF500000000000000000000000000000000000D1
:10CF600000000000000000000000000000000000C1
:10CF700000000000000000000000000000000000B1
:10CF800000000000000000000000000000000000A1
:10CF90000000000000000000000000000000000091
:10CFA0000000000000000000000000000000000081
:10CFB0000000000000000000000000000000000071
:10CFC0000000000000000000000000000000000061
:10CFD0000000000000000000000000000000000051
:10CFE0000000000000000000000000000000000041
:10CFF0000000000000000000000000000000000031
:10D000000000000000000000000000000000000020
:10D010000000000000000000000000000000000010
:10D020000000000000000000000000000000000000
:10D0300000000000000000000000000000000000F0
:10D0400000000000000000000000000000000000E0
:10D0500000000000000000000000000000000000D0
:10D0600000000000000000000000000000000000C0
:10D0700000000000000000000000000000000000B0
:10D0800000000000000000000000000000000000A0
:10D090000000000000000000000000000000000090
:10D0A0000000000000000000000000000000000080
:10D0B0000000000000000000000000000000000070
:10D0C0000000000000000000000000000000000060
:10D0D0000000000000000000000000000000000050
:10D0E0000000000000000000000000000000000040
:10D0F0000000000000000000000000000000000030
:10D10000000000000000000000000000000000001F
:10D11000000000000000000000000000000000000F
:10D1200000000000000000000000000000000000FF
:10D1300000000000000000000000000000000000EF
:10D1400000000000000000000000000000000000DF
:10D1500000000000000000000000000000000000CF
:10D1600000000000000000000000000000000000BF
:10D1700000000000000000000000000000000000AF
:10D18000000000000000000000000000000000009F
:10D19000000000000000000000000000000000008F
:10D1A000000000000000000000000000000000007F
:10D1B000000000000000000000000000000000006F
:10D1C000000000000000000000000000000000005F
:10D1D000000000000000000000000000000000004F
:10D1E000000000000000000000000000000000003F
:10D1F000000000000000000000000000000000002F
:10D20000000000000000000000000000000000001E
:10D21000000000000000000000000000000000000E
:10D2200000000000000000000000000000000000FE
:10D2300000000000000000000000000000000000EE
:10D2400000000000000000000000000000000000DE
:10D2500000000000000000000000000000000000CE
:10D2600000000000000000000000000000000000BE
:0CD27000000000000000000000000000B2
:10D27C00FFFFFFFFFFFFFFFFFFFFFFFFFFFFFFFFB2
:10D28C00FFFFFFFFFFFFFFFFFFFFFFFFFFFFFFFFA2
:10D29C00FFFFFFFFFFFFFFFFFFFFFFFFFFFFFFFF92
:10D2AC00FFFFFFFFFFFFFFFFFFFFFFFFFFFFFFFF82
:10D2BC00FFFFFFFFFFFFFFFFFFFFFFFFFFFFFFFF72
:10D2CC00FFFFFFFFFFFFFFFFFFFFFFFFFFFFFFFF62
:10D2DC00FFFFFFFFFFFFFFFFFFFFFFFFFFFFFFFF52
:10D2EC00FFFFFFFFFFFFFFFFFFFFFFFFFFFFFFFF42
:10D2FC00FFFFFFFFFFFFFFFFFFFFFFFFFFFFFFFF32
:10D30C00FFFFFFFFFFFFFFFFFFFFFFFFFFFFFFFF21
:10D31C00FFFFFFFFFFFFFFFFFFFFFFFFFFFFFFFF11
:10D32C00FFFFFFFFFFFFFFFFFFFFFFFFFFFFFFFF01
:10D33C00FFFFFFFFFFFFFFFFFFFFFFFFFFFFFFFFF1
:10D34C00FFFFFFFFFFFFFFFFFFFFFFFFFFFFFFFFE1
:10D35C00FFFFFFFFFFFFFFFFFFFFFFFFFFFFFFFFD1
:10D36C00FFFFFFFFFFFFFFFFFFFFFFFFFFFFFFFFC1
:10D37C00FFFFFFFFFFFFFFFFFFFFFFFFFFFFFFFFB1
:10D38C00FFFFFFFFFFFFFFFFFFFFFFFFFFFFFFFFA1
:10D39C00FFFFFFFFFFFFFFFFFFFFFFFFFFFFFFFF91
:10D3AC00FFFFFFFFFFFFFFFFFFFFFFFFFFFFFFFF81
:10D3BC00FFFFFFFFFFFFFFFFFFFFFFFFFFFFFFFF71
:10D3CC00FFFFFFFFFFFFFFFFFFFFFFFFFFFFFFFF61
:10D3DC00FFFFFFFFFFFFFFFFFFFFFFFFFFFFFFFF51
:10D3EC00FFFFFFFFFFFFFFFFFFFFFFFFFFFFFFFF41
:10D3FC00FFFFFFFF00000000000000000000000025
:10D40C000000000000000000000000000000000010
:10D41C000000000000000000000000000000000000
:10D42C0000000000000000000000000000000000F0
:10D43C0000000000000000000000000000000000E0
:10D44C0000000000000000000000000000000000D0
:10D45C0000000000000000000000000000000000C0
:10D46C0000000000000000000000000000000000B0
:10D47C0000000000000000000000000000000000A0
:10D48C000000000000000000000000000000000090
:10D49C000000000000000000000000000000000080
:10D4AC000000000000000000000000000000000070
:10D4BC000000000000000000000000000000000060
:10D4CC000000000000000000000000000000000050
:10D4DC000000000000000000000000000000000040
:10D4EC000000000000000000000000000000000030
:10D4FC000000000000000000000000000000000020
:10D50C00000000000000000000000000000000000F
:10D51C0000000000000000000000000000000000FF
:10D52C0000000000000000000000000000000000EF
:10D53C0000000000000000000000000000000000DF
:10D54C0000000000000000000000000000000000CF
:10D55C0000000000000000000000000000000000BF
:10D56C0000000000000000000000000000000000AF
:10D57C00000000000000000000000000000000009F
:10D58C00000000000000000000000000000000008F
:10D59C00000000000000000000000000000000007F
:10D5AC00000000000000000000000000000000006F
:10D5BC00000000000000000000000000000000005F
:10D5CC00000000000000000000000000000000004F
:10D5DC00000000000000000000000000000000003F
:10D5EC00000000000000000000000000000000002F
:10D5FC00000000000000000000000000000000001F
:10D60C00000000000000000000000000000000000E
:10D61C0000000000000000000000000000000000FE
:10D62C0000000000000000000000000000000000EE
:10D63C0000000000000000000000000000000000DE
:10D64C0000000000000000000000000000000000CE
:10D65C0000000000000000000000000000000000BE
:10D66C0000000000000000000000000000000000AE
:10D67C00000000000000000000000000000000009E
:10D68C00000000000000000000000000000000008E
:10D69C00000000000000000000000000000000007E
:10D6AC00000000000000000000000000000000006E
:10D6BC00000000000000000000000000000000005E
:10D6CC00000000000000000000000000000000004E
:10D6DC00000000000000000000000000000000003E
:10D6EC00000000000000000000000000000000002E
:10D6FC00000000000000000000000000000000001E
:10D70C00000000000000000000000000000000000D
:10D71C0000000000000000000000000000000000FD
:10D72C0000000000000000000000000000000000ED
:10D73C0000000000000000000000000000000000DD
:10D74C0000000000000000000000000000000000CD
:10D75C0000000000000000000000000000000000BD
:10D76C0000000000000000000000000000000000AD
:10D77C00000000000000000000000000000000009D
:10D78C00000000000000000000000000000000008D
:10D79C00000000000000000000000000000000007D
:10D7AC00000000000000000000000000000000006D
:10D7BC00000000000000000000000000000000005D
:10D7CC00000000000000000000000000000000004D
:10D7DC00000000000000000000000000000000003D
:10D7EC00000000000000000000000000000000002D
:10D7FC00000000000000000000000000000000001D
:10D80C00000000000000000000000000000000000C
:10D81C0000000000000000000000000000000000FC
:10D82C0000000000000000000000000000000000EC
:10D83C0000000000000000000000000000000000DC
:10D84C0000000000000000000000000000000000CC
:10D85C0000000000000000000000000000000000BC
:10D86C0000000000000000000000000000000000AC
:10D87C00000000000000000000000000000000009C
:10D88C00000000000000000000000000000000008C
:10D89C00000000000000000000000000000000007C
:10D8AC00000000000000000000000000000000006C
:10D8BC00000000000000000000000000000000005C
:10D8CC00000000000000000000000000000000004C
:10D8DC00000000000000000000000000000000003C
:10D8EC00000000000000000000000000000000002C
:10D8FC00000000000000000000000000000000001C
:10D90C00000000000000000000000000000000000B
:10D91C0000000000000000000000000000000000FB
:10D92C0000000000000000000000000000000000EB
:10D93C0000000000000000000000000000000000DB
:10D94C0000000000000000000000000000000000CB
:10D95C0000000000000000000000000000000000BB
:10D96C0000000000000000000000000000000000AB
:10D97C00000000000000000000000000000000009B
:10D98C00000000000000000000000000000000008B
:10D99C00000000000000000000000000000000007B
:10D9AC00000000000000000000000000000000006B
:10D9BC00000000000000000000000000000000005B
:10D9CC00000000000000000000000000000000004B
:10D9DC00000000000000000000000000000000003B
:10D9EC00000000000000000000000000000000002B
:10D9FC00000000000000000000000000000000001B
:10DA0C00000000000000000000000000000000000A
:10DA1C0000000000000000000000000000000000FA
:10DA2C0000000000000000000000000000000000EA
:10DA3C0000000000000000000000000000000000DA
:10DA4C0000000000000000000000000000000000CA
:10DA5C0000000000000000000000000000000000BA
:10DA6C0000000000000000000000000000000000AA
:10DA7C00000000000000000000000000000000009A
:10DA8C00000000000000000000000000000000008A
:10DA9C00000000000000000000000000000000007A
:10DAAC00000000000000000000000000000000006A
:10DABC00000000000000000000000000000000005A
:10DACC00000000000000000000000000000000004A
:10DADC00000000000000000000000000000000003A
:10DAEC00000000000000000000000000000000002A
:10DAFC00000000000000000000000000000000001A
:10DB0C000000000000000000000000000000000009
:10DB1C0000000000000000000000000000000000F9
:10DB2C0000000000000000000000000000000000E9
:10DB3C0000000000000000000000000000000000D9
:10DB4C0000000000000000000000000000000000C9
:10DB5C0000000000000000000000000000000000B9
:10DB6C0000000000000000000000000000000000A9
:10DB7C000000000000000000000000000000000099
:10DB8C000000000000000000000000000000000089
:10DB9C000000000000000000000000000000000079
:10DBAC000000000000000000000000000000000069
:10DBBC000000000000000000000000000000000059
:10DBCC000000000000000000000000000000000049
:10DBDC000000000000000000000000000000000039
:10DBEC000000000000000000000000000000000029
:10DBFC000000000000000000000000000000000019
:10DC0C000000000000000000000000000000000008
:10DC1C0000000000000000000000000000000000F8
:10DC2C0000000000000000000000000000000000E8
:10DC3C0000000000000000000000000000000000D8
:10DC4C0000000000000000000000000000000000C8
:10DC5C0000000000000000000000000000000000B8
:10DC6C0000000000000000000000000000000000A8
:10DC7C000000000000000000000000000000000098
:10DC8C000000000000000000000000000000000088
:10DC9C000000000000000000000000000000000078
:10DCAC000000000000000000000000000000000068
:10DCBC000000000000000000000000000000000058
:10DCCC000000000000000000000000000000000048
:10DCDC000000000000000000000000000000000038
:10DCEC000000000000000000000000000000000028
:10DCFC000000000000000000000000000000000018
:10DD0C000000000000000000000000000000000007
:10DD1C0000000000000000000000000000000000F7
:10DD2C0000000000000000000000000000000000E7
:10DD3C0000000000000000000000000000000000D7
:10DD4C0000000000000000000000000000000000C7
:10DD5C0000000000000000000000000000000000B7
:10DD6C0000000000000000000000000000000000A7
:10DD7C000000000000000000000000000000000097
:10DD8C000000000000000000000000000000000087
:10DD9C000000000000000000000000000000000077
:10DDAC000000000000000000000000000000000067
:10DDBC000000000000000000000000000000000057
:10DDCC000000000000000000000000000000000047
:10DDDC000000000000000000000000000000000037
:10DDEC000000000000000000000000000000000027
:10DDFC000000000000000000000000000000000017
:10DE0C000000000000000000000000000000000006
:10DE1C0000000000000000000000000000000000F6
:10DE2C0000000000000000000000000000000000E6
:10DE3C0000000000000000000000000000000000D6
:10DE4C0000000000000000000000000000000000C6
:10DE5C0000000000000000000000000000000000B6
:10DE6C0000000000000000000000000000000000A6
:10DE7C000000000000000000000000000000000096
:10DE8C000000000000000000000000000000000086
:10DE9C000000000000000000000000000000000076
:10DEAC000000000000000000000000000000000066
:10DEBC000000000000000000000000000000000056
:10DECC000000000000000000000000000000000046
:10DEDC000000000000000000000000000000000036
:10DEEC000000000000000000000000000000000026
:10DEFC000000000000000000000000000000000016
:10DF0C000000000000000000000000000000000005
:10DF1C0000000000000000000000000000000000F5
:10DF2C0000000000000000000000000000000000E5
:10DF3C0000000000000000000000000000000000D5
:10DF4C0000000000000000000000000000000000C5
:10DF5C0000000000000000000000000000000000B5
:10DF6C0000000000000000000000000000000000A5
:10DF7C000000000000000000000000000000000095
:10DF8C000000000000000000000000000000000085
:10DF9C000000000000000000000000000000000075
:10DFAC000000000000000000000000000000000065
:10DFBC000000000000000000000000000000000055
:10DFCC000000000000000000000000000000000045
:10DFDC000000000000000000000000000000000035
:10DFEC000000000000000000000000000000000025
:04DFFC000000000021
:040000056000100087
:00000001FF
